3in1_file_path,3in1_sorting_clause,3in1_time,3in1_k,3in1_solver,3in1_neg_state,3in1_num_s,3in1_num_t,3in1_num_gen,3in1_status,3in1_frame_sizes,3in1_elapsed_time
/home/ubuntu/Lustre-exp/kind2-benchmarks/FMCAD08/Bool/misc/stalmark_e8_48.lus,base,0.005,0,2,0,0,0,Not Found,invalid,Not Found,0.342
/home/ubuntu/Lustre-exp/kind2-benchmarks/FMCAD08/Bool/misc/stalmark_e8_64_e8_207.lus,l2l1,0.006,0,1,0,0,0,Not Found,invalid,Not Found,0.342
/home/ubuntu/Lustre-exp/kind2-benchmarks/FMCAD08/Bool/misc/stalmark_e8_64_e7_80.lus,l2l1,0.009,1,9,1,0,0,Not Found,invalid,0,0.343
/home/ubuntu/Lustre-exp/kind2-benchmarks/FMCAD08/Bool/misc/_6counter2.lus,base,0.058,4,203,7,2,1,Not Found,invalid,3 2 1 0,0.392
/home/ubuntu/Lustre-exp/kind2-benchmarks/FMCAD08/Bool/misc/stalmark_e7_27_e7_31.lus,base,0.057,4,191,4,1,0,Not Found,valid,6 5 3,0.393
/home/ubuntu/Lustre-exp/kind2-benchmarks/FMCAD08/Bool/misc/stalmark_e7_27.lus,base,0.060,4,197,4,1,0,Not Found,valid,6 5 3,0.395
/home/ubuntu/Lustre-exp/kind2-benchmarks/FMCAD08/Bool/misc/stalmark_e7_76.lus,l2l1,0.065,4,197,4,1,0,Not Found,valid,6 5 3,0.398
/home/ubuntu/Lustre-exp/kind2-benchmarks/FMCAD08/Bool/misc/_6counter.lus,l2l1,0.188,5,532,10,1,0,Not Found,invalid,7 5 3 2 1,0.503
/home/ubuntu/Lustre-exp/kind2-benchmarks/FMCAD08/Bool/misc/switch2.lus,l2l1,0.012,1,19,2,0,0,Not Found,invalid,0,0.351
/home/ubuntu/Lustre-exp/kind2-benchmarks/FMCAD08/Bool/misc/switch.lus,l2l1,0.014,1,19,2,0,0,Not Found,invalid,0,0.350
/home/ubuntu/Lustre-exp/kind2-benchmarks/FMCAD08/Bool/misc/stalmark.lus,l2l1,0.035,3,130,4,0,0,Not Found,valid,4 2,0.380
/home/ubuntu/Lustre-exp/kind2-benchmarks/FMCAD08/Bool/simulation/production_cell_e7_207_e7_41.lus,l2l1,0.011,0,2,0,0,0,Not Found,invalid,Not Found,0.343
/home/ubuntu/Lustre-exp/kind2-benchmarks/FMCAD08/Bool/simulation/production_cell_e7_21.lus,l2l1,0.012,0,2,0,0,0,Not Found,invalid,Not Found,0.353
/home/ubuntu/Lustre-exp/kind2-benchmarks/FMCAD08/Bool/simulation/production_cell_e8_6_e7_651.lus,l2l1,0.010,0,2,0,0,0,Not Found,invalid,Not Found,0.353
/home/ubuntu/Lustre-exp/kind2-benchmarks/FMCAD08/Bool/simulation/production_cell_e7_207_e8_241.lus,l2l1,0.043,2,73,5,0,0,Not Found,valid,5,0.371
/home/ubuntu/Lustre-exp/kind2-benchmarks/FMCAD08/Bool/simulation/production_cell_e8_6_e8_427.lus,base,0.043,1,53,5,0,0,Not Found,invalid,3,0.373
/home/ubuntu/Lustre-exp/kind2-benchmarks/FMCAD08/Bool/simulation/production_cell_e8_6.lus,l2l1,0.044,2,74,5,0,0,Not Found,valid,5,0.383
/home/ubuntu/Lustre-exp/kind2-benchmarks/FMCAD08/Bool/simulation/production_cell.lus,base,0.044,2,73,5,0,0,Not Found,valid,5,0.392
/home/ubuntu/Lustre-exp/kind2-benchmarks/FMCAD08/Bool/simulation/tramway_e7_1834_e7_2363.lus,base,0.036,2,35,2,0,0,Not Found,valid,2,0.386
/home/ubuntu/Lustre-exp/kind2-benchmarks/FMCAD08/Bool/simulation/tramway_e7_1834.lus,l2l1,0.066,3,78,2,0,0,Not Found,valid,2 1,0.408
/home/ubuntu/Lustre-exp/kind2-benchmarks/FMCAD08/Bool/simulation/tramway_e7_1834_e8_3192.lus,l2l1,0.207,3,264,10,1,0,Not Found,valid,8 4,0.508
/home/ubuntu/Lustre-exp/kind2-benchmarks/FMCAD08/Bool/simulation/tramway.lus,base,0.174,3,295,10,1,0,Not Found,valid,8 4,0.509
/home/ubuntu/Lustre-exp/kind2-benchmarks/FMCAD08/Bool/simulation/ums_e8_1032.lus,base,0.067,2,46,3,0,0,Not Found,valid,3,0.398
/home/ubuntu/Lustre-exp/kind2-benchmarks/FMCAD08/Bool/simulation/ums_e7_1700.lus,base,0.200,1,141,9,0,0,Not Found,invalid,7,0.549
/home/ubuntu/Lustre-exp/kind2-benchmarks/FMCAD08/Bool/simulation/ums.lus,base,0.051,2,33,2,0,0,Not Found,valid,2,0.390
/home/ubuntu/Lustre-exp/kind2-benchmarks/FMCAD08/Int/large/microwave02.lus,l2l1,0.022,2,12,0,0,0,Not Found,valid,0,0.427
/home/ubuntu/Lustre-exp/kind2-benchmarks/FMCAD08/Int/large/microwave03.lus,l2l1,0.031,2,12,0,0,0,Not Found,valid,0,0.436
/home/ubuntu/Lustre-exp/kind2-benchmarks/FMCAD08/Int/large/microwave04.lus,l2l1,0.045,2,12,0,0,0,Not Found,valid,0,0.436
/home/ubuntu/Lustre-exp/kind2-benchmarks/FMCAD08/Int/large/microwave01.lus,base,0.473,3,78,2,0,0,Not Found,valid,1 0,0.957
/home/ubuntu/Lustre-exp/kind2-benchmarks/FMCAD08/Int/large/microwave12.lus,l2l1,0.371,1,28,3,0,0,Not Found,invalid,0,0.706
/home/ubuntu/Lustre-exp/kind2-benchmarks/FMCAD08/Int/large/microwave05.lus,base,3.061,1,134,9,0,0,Not Found,timeout,9,290.115
/home/ubuntu/Lustre-exp/kind2-benchmarks/FMCAD08/Int/large/microwave06.lus,base,287.938,6,64420,231,0,1,Not Found,timeout,77 75 74 73 72 71,290.159
/home/ubuntu/Lustre-exp/kind2-benchmarks/FMCAD08/Int/large/microwave07.lus,base,205.793,3,39840,275,2,1,Not Found,timeout,277 10 5,290.236
/home/ubuntu/Lustre-exp/kind2-benchmarks/FMCAD08/Int/large/microwave08.lus,base,4.441,5,1113,22,0,2,Not Found,timeout,6 4 3 2 1,290.158
/home/ubuntu/Lustre-exp/kind2-benchmarks/FMCAD08/Int/large/microwave09.lus,base,0.549,1,33,3,0,0,Not Found,timeout,3,290.236
/home/ubuntu/Lustre-exp/kind2-benchmarks/FMCAD08/Int/large/microwave10.lus,base,3.458,5,918,18,0,1,Not Found,timeout,6 4 3 2 1,290.184
/home/ubuntu/Lustre-exp/kind2-benchmarks/FMCAD08/Int/large/microwave11.lus,base,197.079,5,2175,44,0,4,Not Found,timeout,10 8 7 6 5,290.125
/home/ubuntu/Lustre-exp/kind2-benchmarks/FMCAD08/Int/large/microwave15.lus,l2l1,0.028,2,12,0,0,0,Not Found,valid,0,0.432
/home/ubuntu/Lustre-exp/kind2-benchmarks/FMCAD08/Int/large/microwave16.lus,l2l1,0.025,2,12,0,0,0,Not Found,valid,0,0.434
/home/ubuntu/Lustre-exp/kind2-benchmarks/FMCAD08/Int/large/microwave20.lus,l2l1,0.039,2,13,0,0,0,Not Found,invalid,0,0.457
/home/ubuntu/Lustre-exp/kind2-benchmarks/FMCAD08/Int/large/microwave14.lus,base,0.820,2,66,5,0,0,Not Found,invalid,0,1.297
/home/ubuntu/Lustre-exp/kind2-benchmarks/FMCAD08/Int/large/microwave13.lus,base,8.776,8,2925,32,0,2,Not Found,timeout,11 7 6 5 4 3 2 1,290.169
/home/ubuntu/Lustre-exp/kind2-benchmarks/FMCAD08/Int/large/microwave18.lus,base,0.828,2,57,4,0,0,Not Found,invalid,0,1.305
/home/ubuntu/Lustre-exp/kind2-benchmarks/FMCAD08/Int/large/microwave17.lus,base,1.116,3,285,8,0,0,Not Found,valid,8 4,1.548
/home/ubuntu/Lustre-exp/kind2-benchmarks/FMCAD08/Int/large/microwave25.lus,l2l1,0.035,2,13,0,0,0,Not Found,invalid,0,0.455
/home/ubuntu/Lustre-exp/kind2-benchmarks/FMCAD08/Int/large/microwave23.lus,base,1.120,2,55,4,0,0,Not Found,invalid,0,1.538
/home/ubuntu/Lustre-exp/kind2-benchmarks/FMCAD08/Int/large/microwave28.lus,l2l1,0.945,1,39,4,0,0,Not Found,invalid,2,1.352
/home/ubuntu/Lustre-exp/kind2-benchmarks/FMCAD08/Int/large/microwave19.lus,l2l1,2.272,2,200,8,0,0,Not Found,valid,7 3,3.700
/home/ubuntu/Lustre-exp/kind2-benchmarks/FMCAD08/Int/large/microwave29.lus,base,5.149,3,499,13,0,0,Not Found,valid,16 8,5.562
/home/ubuntu/Lustre-exp/kind2-benchmarks/FMCAD08/Int/large/microwave24.lus,base,6.675,4,459,9,0,0,Not Found,valid,3 1 0,7.309
/home/ubuntu/Lustre-exp/kind2-benchmarks/FMCAD08/Int/large/microwave32.lus,base,3.513,2,318,12,0,0,Not Found,invalid,0,3.946
/home/ubuntu/Lustre-exp/kind2-benchmarks/FMCAD08/Int/large/microwave34.lus,l2l1,5.211,2,396,15,1,0,Not Found,invalid,0,5.937
/home/ubuntu/Lustre-exp/kind2-benchmarks/FMCAD08/Int/large/microwave35.lus,l2l1,3.945,1,172,11,0,0,Not Found,invalid,11,16.590
/home/ubuntu/Lustre-exp/kind2-benchmarks/FMCAD08/Int/large/microwave36.lus,l2l1,4.352,2,426,17,0,0,Not Found,invalid,0,5.049
/home/ubuntu/Lustre-exp/kind2-benchmarks/FMCAD08/Int/large/microwave33.lus,base,3.142,1,135,9,0,0,Not Found,invalid,9,38.112
/home/ubuntu/Lustre-exp/kind2-benchmarks/FMCAD08/Int/large/microwave30.lus,l2l1,1.399,1,107,7,0,0,Not Found,valid,7,156.108
/home/ubuntu/Lustre-exp/kind2-benchmarks/FMCAD08/Int/large/microwave39.lus,base,7.107,2,429,20,0,0,Not Found,invalid,0,7.822
/home/ubuntu/Lustre-exp/kind2-benchmarks/FMCAD08/Int/large/microwave40.lus,l2l1,0.036,2,13,0,0,0,Not Found,invalid,0,0.449
/home/ubuntu/Lustre-exp/kind2-benchmarks/FMCAD08/Int/large/steam_boiler_no_arr1_e4_23904_e4_2384.lus,base,0.254,2,12,0,0,0,Not Found,valid,0,0.813
/home/ubuntu/Lustre-exp/kind2-benchmarks/FMCAD08/Int/large/steam_boiler_no_arr1.lus,base,0.158,2,12,0,0,0,Not Found,valid,0,0.671
/home/ubuntu/Lustre-exp/kind2-benchmarks/FMCAD08/Int/large/steam_boiler_no_arr2_e1_17214_e5_18600.lus,l2l1,0.073,3,57,1,0,0,Not Found,valid,1 0,0.429
/home/ubuntu/Lustre-exp/kind2-benchmarks/FMCAD08/Int/large/steam_boiler_no_arr2_e3_514_e4_11150.lus,base,0.068,3,57,1,0,0,Not Found,valid,1 0,0.430
/home/ubuntu/Lustre-exp/kind2-benchmarks/FMCAD08/Int/large/steam_boiler_no_arr2_e6_3003_e4_15091.lus,base,0.057,3,57,1,0,0,Not Found,valid,1 0,0.418
/home/ubuntu/Lustre-exp/kind2-benchmarks/FMCAD08/Int/large/steam_boiler_no_arr2_e7_12307.lus,base,0.063,3,57,1,0,0,Not Found,valid,1 0,0.429
/home/ubuntu/Lustre-exp/kind2-benchmarks/FMCAD08/Int/large/steam_boiler_no_arr2_e8_21449_e5_18210.lus,base,0.115,3,106,2,0,0,Not Found,valid,2 0,0.468
/home/ubuntu/Lustre-exp/kind2-benchmarks/FMCAD08/Int/large/steam_boiler_no_arr2.lus,l2l1,0.066,3,57,1,0,0,Not Found,valid,1 0,0.419
/home/ubuntu/Lustre-exp/kind2-benchmarks/FMCAD08/Int/memory1/DRAGON_10_e1_3587_e3_2749.lus,base,0.068,2,39,2,0,0,Not Found,valid,2,0.431
/home/ubuntu/Lustre-exp/kind2-benchmarks/FMCAD08/Int/memory1/DRAGON_10_e1_3587_e7_872.lus,l2l1,0.021,0,2,0,0,0,Not Found,invalid,Not Found,0.386
/home/ubuntu/Lustre-exp/kind2-benchmarks/FMCAD08/Int/memory1/DRAGON_10_e1_998.lus,base,0.070,2,39,2,0,0,Not Found,valid,2,0.433
/home/ubuntu/Lustre-exp/kind2-benchmarks/FMCAD08/Int/memory1/DRAGON_10_e2_2785_e3_1744.lus,base,0.065,2,39,2,0,0,Not Found,valid,2,0.433
/home/ubuntu/Lustre-exp/kind2-benchmarks/FMCAD08/Int/memory1/DRAGON_10_e2_402.lus,base,0.078,2,39,2,0,0,Not Found,valid,2,0.441
/home/ubuntu/Lustre-exp/kind2-benchmarks/FMCAD08/Int/memory1/DRAGON_10_e3_144_e5_2046.lus,base,0.067,2,39,2,0,0,Not Found,valid,2,0.434
/home/ubuntu/Lustre-exp/kind2-benchmarks/FMCAD08/Int/memory1/DRAGON_10_e3_144_e7_523.lus,l2l1,0.017,0,2,0,0,0,Not Found,invalid,Not Found,0.383
/home/ubuntu/Lustre-exp/kind2-benchmarks/FMCAD08/Int/memory1/DRAGON_10_e3_3429.lus,base,0.070,2,39,2,0,0,Not Found,valid,2,0.431
/home/ubuntu/Lustre-exp/kind2-benchmarks/FMCAD08/Int/memory1/DRAGON_10_e7_3861_e2_1020.lus,l2l1,0.020,0,2,0,0,0,Not Found,invalid,Not Found,0.385
/home/ubuntu/Lustre-exp/kind2-benchmarks/FMCAD08/Int/memory1/DRAGON_10_e7_3861_e7_2180.lus,l2l1,0.020,0,2,0,0,0,Not Found,invalid,Not Found,0.385
/home/ubuntu/Lustre-exp/kind2-benchmarks/FMCAD08/Int/memory1/DRAGON_10.lus,base,0.075,2,39,2,0,0,Not Found,valid,2,0.441
/home/ubuntu/Lustre-exp/kind2-benchmarks/FMCAD08/Int/large/microwave21.lus,base,4.240,1,110,7,0,0,Not Found,timeout,7,290.114
/home/ubuntu/Lustre-exp/kind2-benchmarks/FMCAD08/Int/large/microwave22.lus,base,50.060,1,266,16,0,0,Not Found,timeout,16,290.114
/home/ubuntu/Lustre-exp/kind2-benchmarks/FMCAD08/Int/large/microwave26.lus,base,Not Found,Not Found,Not Found,Not Found,Not Found,Not Found,Not Found,timeout,Not Found,290.113
/home/ubuntu/Lustre-exp/kind2-benchmarks/FMCAD08/Int/large/microwave27.lus,base,Not Found,Not Found,Not Found,Not Found,Not Found,Not Found,Not Found,timeout,Not Found,290.115
/home/ubuntu/Lustre-exp/kind2-benchmarks/FMCAD08/Int/memory1/DRAGON_11_e1_2450_e7_5791.lus,l2l1,0.023,0,2,0,0,0,Not Found,invalid,Not Found,0.393
/home/ubuntu/Lustre-exp/kind2-benchmarks/FMCAD08/Int/large/microwave31.lus,base,5.156,1,104,7,0,0,Not Found,timeout,7,290.114
/home/ubuntu/Lustre-exp/kind2-benchmarks/FMCAD08/Int/large/microwave37.lus,base,Not Found,Not Found,Not Found,Not Found,Not Found,Not Found,Not Found,timeout,Not Found,290.113
/home/ubuntu/Lustre-exp/kind2-benchmarks/FMCAD08/Int/large/microwave38.lus,base,42.954,1,231,14,0,0,Not Found,timeout,14,290.112
/home/ubuntu/Lustre-exp/kind2-benchmarks/FMCAD08/Int/memory1/DRAGON_11_e1_2450_e1_5887.lus,base,191.336,3,24813,96,3,1,Not Found,timeout,181 101 67,290.249
/home/ubuntu/Lustre-exp/kind2-benchmarks/FMCAD08/Int/memory1/DRAGON_11_e1_2450_e2_1483.lus,base,55.816,2,20197,99,2,0,Not Found,timeout,192 97,290.253
/home/ubuntu/Lustre-exp/kind2-benchmarks/FMCAD08/Int/memory1/DRAGON_11_e1_2450_e3_2330.lus,base,117.857,5,18753,91,5,8,Not Found,timeout,82 65 45 40 35,290.222
/home/ubuntu/Lustre-exp/kind2-benchmarks/FMCAD08/Int/memory1/DRAGON_12_e1_4640_e7_128.lus,base,0.021,0,2,0,0,0,Not Found,invalid,Not Found,0.387
/home/ubuntu/Lustre-exp/kind2-benchmarks/FMCAD08/Int/memory1/DRAGON_11_e1_2450.lus,base,63.784,2,22685,103,2,0,Not Found,timeout,200 101,290.241
/home/ubuntu/Lustre-exp/kind2-benchmarks/FMCAD08/Int/memory1/DRAGON_11_e2_1678_e1_3565.lus,base,102.483,4,21807,107,5,5,Not Found,timeout,162 128 96 62,290.220
/home/ubuntu/Lustre-exp/kind2-benchmarks/FMCAD08/Int/memory1/DRAGON_12_e2_1618_e1_6030.lus,base,1.157,5,855,15,3,1,Not Found,valid,8 6 5 3,1.532
/home/ubuntu/Lustre-exp/kind2-benchmarks/FMCAD08/Int/memory1/DRAGON_12_e2_1618_e7_4732.lus,l2l1,0.017,0,2,0,0,0,Not Found,invalid,Not Found,0.389
/home/ubuntu/Lustre-exp/kind2-benchmarks/FMCAD08/Int/memory1/DRAGON_12_e2_1618_e2_138.lus,l2l1,1.356,5,1003,11,3,0,Not Found,valid,14 10 7 4,1.641
/home/ubuntu/Lustre-exp/kind2-benchmarks/FMCAD08/Int/memory1/DRAGON_12_e2_1618_e3_2012.lus,l2l1,0.568,3,367,11,2,0,Not Found,valid,5 3 1,0.901
/home/ubuntu/Lustre-exp/kind2-benchmarks/FMCAD08/Int/memory1/DRAGON_13_e7_2336_e1_541.lus,base,0.018,0,2,0,0,0,Not Found,invalid,Not Found,0.406
/home/ubuntu/Lustre-exp/kind2-benchmarks/FMCAD08/Int/memory1/DRAGON_12_e2_1618.lus,l2l1,0.758,5,625,10,3,0,Not Found,valid,9 6 5 3,1.077
/home/ubuntu/Lustre-exp/kind2-benchmarks/FMCAD08/Int/memory1/DRAGON_13_e7_2336_e2_1255.lus,base,0.020,0,2,0,0,0,Not Found,invalid,Not Found,0.388
/home/ubuntu/Lustre-exp/kind2-benchmarks/FMCAD08/Int/memory1/DRAGON_13_e7_2336_e3_3117.lus,l2l1,0.019,0,2,0,0,0,Not Found,invalid,Not Found,0.398
/home/ubuntu/Lustre-exp/kind2-benchmarks/FMCAD08/Int/memory1/DRAGON_12.lus,l2l1,1.051,4,716,13,2,0,Not Found,valid,13 11 6,1.397
/home/ubuntu/Lustre-exp/kind2-benchmarks/FMCAD08/Int/memory1/DRAGON_13_e7_2336_e7_685.lus,l2l1,0.018,0,2,0,0,0,Not Found,invalid,Not Found,0.399
/home/ubuntu/Lustre-exp/kind2-benchmarks/FMCAD08/Int/memory1/DRAGON_13_e7_2336.lus,l2l1,0.018,0,2,0,0,0,Not Found,invalid,Not Found,0.400
/home/ubuntu/Lustre-exp/kind2-benchmarks/FMCAD08/Int/memory1/DRAGON_11_e2_5396_e3_282.lus,base,0.510,2,340,10,2,0,Not Found,timeout,14 8,290.437
/home/ubuntu/Lustre-exp/kind2-benchmarks/FMCAD08/Int/memory1/DRAGON_13_e3_1418_e3_2761.lus,base,3.048,5,2060,26,9,0,Not Found,valid,29 24 17 7,3.433
/home/ubuntu/Lustre-exp/kind2-benchmarks/FMCAD08/Int/memory1/DRAGON_13.lus,l2l1,4.531,3,2432,35,6,0,Not Found,valid,38 32 23,6.797
/home/ubuntu/Lustre-exp/kind2-benchmarks/FMCAD08/Int/memory1/DRAGON_14_e7_3162_e1_3998.lus,base,0.725,2,407,13,1,0,Not Found,invalid,15 6,1.112
/home/ubuntu/Lustre-exp/kind2-benchmarks/FMCAD08/Int/memory1/DRAGON_14_e7_3162_e2_753.lus,base,0.543,2,315,13,1,0,Not Found,invalid,14 9,0.923
/home/ubuntu/Lustre-exp/kind2-benchmarks/FMCAD08/Int/memory1/DRAGON_14_e7_3162_e3_4298.lus,base,0.413,2,219,10,1,0,Not Found,invalid,9 4,0.793
/home/ubuntu/Lustre-exp/kind2-benchmarks/FMCAD08/Int/memory1/DRAGON_14_e7_3162_e7_3528.lus,l2l1,0.418,2,225,7,0,0,Not Found,invalid,10 6,0.713
/home/ubuntu/Lustre-exp/kind2-benchmarks/FMCAD08/Int/memory1/DRAGON_14_e7_3162.lus,l2l1,0.575,2,294,11,2,0,Not Found,invalid,12 6,0.906
/home/ubuntu/Lustre-exp/kind2-benchmarks/FMCAD08/Int/memory1/DRAGON_11_e3_382_e1_505.lus,base,280.465,5,47695,178,7,12,Not Found,timeout,241 228 191 139 67,290.223
/home/ubuntu/Lustre-exp/kind2-benchmarks/FMCAD08/Int/memory1/DRAGON_1_e1_14612_e1_268_e7_501.lus,l2l1,0.068,2,25,1,0,0,Not Found,valid,1,0.426
/home/ubuntu/Lustre-exp/kind2-benchmarks/FMCAD08/Int/memory1/DRAGON_1_e1_14612_e2_2653_e7_4370.lus,l2l1,0.097,2,41,2,0,0,Not Found,valid,2,0.460
/home/ubuntu/Lustre-exp/kind2-benchmarks/FMCAD08/Int/memory1/DRAGON_1_e1_3184_e7_1888.lus,base,0.052,2,25,1,0,0,Not Found,valid,1,0.425
/home/ubuntu/Lustre-exp/kind2-benchmarks/FMCAD08/Int/memory1/DRAGON_1_e1_5070.lus,base,0.051,2,27,1,0,0,Not Found,valid,1,0.415
/home/ubuntu/Lustre-exp/kind2-benchmarks/FMCAD08/Int/memory1/DRAGON_1_e2_1997_e7_3613_e2_3409.lus,l2l1,0.057,2,25,1,0,0,Not Found,valid,1,0.438
/home/ubuntu/Lustre-exp/kind2-benchmarks/FMCAD08/Int/memory1/DRAGON_1_e2_1997.lus,l2l1,0.056,2,25,1,0,0,Not Found,valid,1,0.426
/home/ubuntu/Lustre-exp/kind2-benchmarks/FMCAD08/Int/memory1/DRAGON_1_e3_11891_e7_4569_e4_4881.lus,l2l1,0.056,2,25,1,0,0,Not Found,valid,1,0.425
/home/ubuntu/Lustre-exp/kind2-benchmarks/FMCAD08/Int/memory1/DRAGON_1.lus,l2l1,0.059,2,25,1,0,0,Not Found,valid,1,0.433
/home/ubuntu/Lustre-exp/kind2-benchmarks/FMCAD08/Int/memory1/DRAGON_2_e1_2316.lus,base,0.053,2,20,1,0,0,Not Found,valid,1,0.438
/home/ubuntu/Lustre-exp/kind2-benchmarks/FMCAD08/Int/memory1/DRAGON_2_e2_3183_e1_2644.lus,l2l1,0.068,2,22,1,0,0,Not Found,valid,1,0.429
/home/ubuntu/Lustre-exp/kind2-benchmarks/FMCAD08/Int/memory1/DRAGON_2_e2_3183_e2_3580.lus,base,0.058,2,22,1,0,0,Not Found,valid,1,0.424
/home/ubuntu/Lustre-exp/kind2-benchmarks/FMCAD08/Int/memory1/DRAGON_2_e2_3183_e3_5972.lus,base,0.059,2,22,1,0,0,Not Found,valid,1,0.424
/home/ubuntu/Lustre-exp/kind2-benchmarks/FMCAD08/Int/memory1/DRAGON_2_e2_4481.lus,l2l1,0.063,2,20,1,0,0,Not Found,valid,1,0.428
/home/ubuntu/Lustre-exp/kind2-benchmarks/FMCAD08/Int/memory1/DRAGON_2_e7_25_e1_154.lus,l2l1,0.024,0,2,0,0,0,Not Found,invalid,Not Found,0.388
/home/ubuntu/Lustre-exp/kind2-benchmarks/FMCAD08/Int/memory1/DRAGON_2_e7_25_e2_5340.lus,l2l1,0.023,0,2,0,0,0,Not Found,invalid,Not Found,0.399
/home/ubuntu/Lustre-exp/kind2-benchmarks/FMCAD08/Int/memory1/DRAGON_2_e7_25_e3_829.lus,base,0.021,0,2,0,0,0,Not Found,invalid,Not Found,0.401
/home/ubuntu/Lustre-exp/kind2-benchmarks/FMCAD08/Int/memory1/DRAGON_2_e7_25_e7_4469.lus,base,0.019,0,2,0,0,0,Not Found,invalid,Not Found,0.395
/home/ubuntu/Lustre-exp/kind2-benchmarks/FMCAD08/Int/memory1/DRAGON_11_e3_382_e4_4421.lus,base,276.554,6,31445,110,6,8,Not Found,timeout,112 97 79 60 36 13,290.201
/home/ubuntu/Lustre-exp/kind2-benchmarks/FMCAD08/Int/memory1/DRAGON_2_e7_25.lus,l2l1,0.022,0,2,0,0,0,Not Found,invalid,Not Found,0.400
/home/ubuntu/Lustre-exp/kind2-benchmarks/FMCAD08/Int/memory1/DRAGON_2_e7_25_e8_3171.lus,l2l1,0.053,2,22,1,0,0,Not Found,valid,1,0.428
/home/ubuntu/Lustre-exp/kind2-benchmarks/FMCAD08/Int/memory1/DRAGON_2.lus,l2l1,0.059,2,22,1,0,0,Not Found,valid,1,0.426
/home/ubuntu/Lustre-exp/kind2-benchmarks/FMCAD08/Int/memory1/DRAGON_3_e1_4783_e1_3755.lus,base,0.064,2,27,1,0,0,Not Found,valid,1,0.430
/home/ubuntu/Lustre-exp/kind2-benchmarks/FMCAD08/Int/memory1/DRAGON_3_e1_4783_e2_158.lus,l2l1,0.058,2,27,1,0,0,Not Found,valid,1,0.428
/home/ubuntu/Lustre-exp/kind2-benchmarks/FMCAD08/Int/memory1/DRAGON_3_e1_4783_e3_511.lus,l2l1,0.068,2,27,1,0,0,Not Found,valid,1,0.428
/home/ubuntu/Lustre-exp/kind2-benchmarks/FMCAD08/Int/memory1/DRAGON_3_e1_4783_e7_4070.lus,l2l1,0.023,0,2,0,0,0,Not Found,invalid,Not Found,0.404
/home/ubuntu/Lustre-exp/kind2-benchmarks/FMCAD08/Int/memory1/DRAGON_3_e1_4783.lus,l2l1,0.068,2,27,1,0,0,Not Found,valid,1,0.436
/home/ubuntu/Lustre-exp/kind2-benchmarks/FMCAD08/Int/memory1/DRAGON_3_e2_5343_e1_988.lus,base,0.068,2,27,1,0,0,Not Found,valid,1,0.437
/home/ubuntu/Lustre-exp/kind2-benchmarks/FMCAD08/Int/memory1/DRAGON_3_e3_3846.lus,base,0.061,2,27,1,0,0,Not Found,valid,1,0.448
/home/ubuntu/Lustre-exp/kind2-benchmarks/FMCAD08/Int/memory1/DRAGON_3_e3_5422_e1_2288.lus,l2l1,0.076,2,27,1,0,0,Not Found,valid,1,0.436
/home/ubuntu/Lustre-exp/kind2-benchmarks/FMCAD08/Int/memory1/DRAGON_3_e3_5422_e2_3135.lus,base,0.056,2,27,1,0,0,Not Found,valid,1,0.416
/home/ubuntu/Lustre-exp/kind2-benchmarks/FMCAD08/Int/memory1/DRAGON_3_e7_4884.lus,base,0.022,0,2,0,0,0,Not Found,invalid,Not Found,0.404
/home/ubuntu/Lustre-exp/kind2-benchmarks/FMCAD08/Int/memory1/DRAGON_3.lus,l2l1,0.066,2,27,1,0,0,Not Found,valid,1,0.426
/home/ubuntu/Lustre-exp/kind2-benchmarks/FMCAD08/Int/memory1/DRAGON_4_e1_4312.lus,base,1.752,5,1456,20,6,0,Not Found,valid,17 12 8 3,2.125
/home/ubuntu/Lustre-exp/kind2-benchmarks/FMCAD08/Int/memory1/DRAGON_4_e2_2799_e1_1303.lus,l2l1,2.624,5,1996,21,4,0,Not Found,valid,23 18 11 4,2.941
/home/ubuntu/Lustre-exp/kind2-benchmarks/FMCAD08/Int/memory1/DRAGON_4_e2_2799_e2_2251.lus,base,2.062,5,1819,24,7,2,Not Found,valid,31 26 19 9,2.446
/home/ubuntu/Lustre-exp/kind2-benchmarks/FMCAD08/Int/memory1/DRAGON_4_e2_2799_e7_2499.lus,base,0.104,1,29,3,0,0,Not Found,invalid,1,0.481
/home/ubuntu/Lustre-exp/kind2-benchmarks/FMCAD08/Int/memory1/DRAGON_4_e2_2799_e3_1915.lus,base,2.365,5,2038,24,8,0,Not Found,valid,33 28 20 8,2.736
/home/ubuntu/Lustre-exp/kind2-benchmarks/FMCAD08/Int/memory1/DRAGON_4_e3_1540_e1_5048.lus,base,1.424,4,1168,17,5,0,Not Found,valid,19 14 6,1.850
/home/ubuntu/Lustre-exp/kind2-benchmarks/FMCAD08/Int/memory1/DRAGON_4_e2_2799.lus,base,2.516,5,1878,22,7,0,Not Found,valid,23 18 9 3,2.893
/home/ubuntu/Lustre-exp/kind2-benchmarks/FMCAD08/Int/memory1/DRAGON_4_e7_2329_e3_4574.lus,l2l1,0.279,1,107,8,0,0,Not Found,invalid,6,0.647
/home/ubuntu/Lustre-exp/kind2-benchmarks/FMCAD08/Int/memory1/DRAGON_4_e7_2329_e7_3856.lus,l2l1,0.177,1,62,5,0,0,Not Found,invalid,4,0.540
/home/ubuntu/Lustre-exp/kind2-benchmarks/FMCAD08/Int/memory1/DRAGON_4_e7_2329.lus,base,0.180,1,54,5,0,0,Not Found,invalid,3,0.565
/home/ubuntu/Lustre-exp/kind2-benchmarks/FMCAD08/Int/memory1/DRAGON_4_e3_4133.lus,base,3.104,5,2163,25,8,0,Not Found,valid,29 24 15 6,3.474
/home/ubuntu/Lustre-exp/kind2-benchmarks/FMCAD08/Int/memory1/DRAGON_5_e1_1835.lus,base,0.416,4,352,7,2,0,Not Found,valid,8 6 3,0.791
/home/ubuntu/Lustre-exp/kind2-benchmarks/FMCAD08/Int/memory1/DRAGON_4.lus,base,2.074,5,1589,20,7,0,Not Found,valid,26 21 15 6,2.446
/home/ubuntu/Lustre-exp/kind2-benchmarks/FMCAD08/Int/memory1/DRAGON_5_e7_2017_e1_5832.lus,l2l1,0.102,1,23,2,0,0,Not Found,invalid,0,0.471
/home/ubuntu/Lustre-exp/kind2-benchmarks/FMCAD08/Int/memory1/DRAGON_5_e2_3018_e2_936.lus,base,0.478,4,371,8,1,0,Not Found,valid,9 6 3,0.848
/home/ubuntu/Lustre-exp/kind2-benchmarks/FMCAD08/Int/memory1/DRAGON_5_e7_2017_e2_664.lus,base,0.129,1,32,3,0,0,Not Found,invalid,1,0.511
/home/ubuntu/Lustre-exp/kind2-benchmarks/FMCAD08/Int/memory1/DRAGON_5_e7_2017_e3_1763.lus,l2l1,0.193,1,69,5,0,0,Not Found,invalid,3,0.559
/home/ubuntu/Lustre-exp/kind2-benchmarks/FMCAD08/Int/memory1/DRAGON_5_e7_2017_e7_2326.lus,l2l1,0.109,1,39,3,0,0,Not Found,invalid,2,0.447
/home/ubuntu/Lustre-exp/kind2-benchmarks/FMCAD08/Int/memory1/DRAGON_5_e7_2017.lus,l2l1,0.119,1,38,3,0,0,Not Found,invalid,1,0.463
/home/ubuntu/Lustre-exp/kind2-benchmarks/FMCAD08/Int/memory1/DRAGON_6_e7_5046_e7_3623.lus,l2l1,0.053,2,25,1,0,0,Not Found,valid,1,0.415
/home/ubuntu/Lustre-exp/kind2-benchmarks/FMCAD08/Int/memory1/DRAGON_5.lus,base,0.393,4,332,7,1,0,Not Found,valid,8 6 3,0.759
/home/ubuntu/Lustre-exp/kind2-benchmarks/FMCAD08/Int/memory1/DRAGON_6.lus,l2l1,0.046,2,25,1,0,0,Not Found,valid,1,0.412
/home/ubuntu/Lustre-exp/kind2-benchmarks/FMCAD08/Int/memory1/DRAGON_7_e2_2872_e2_5844.lus,base,0.074,2,39,2,0,0,Not Found,valid,2,0.454
/home/ubuntu/Lustre-exp/kind2-benchmarks/FMCAD08/Int/memory1/DRAGON_7_e2_2872_e3_2640.lus,base,0.086,2,39,2,0,0,Not Found,valid,2,0.455
/home/ubuntu/Lustre-exp/kind2-benchmarks/FMCAD08/Int/memory1/DRAGON_7_e7_3157_e2_2082.lus,base,0.118,2,58,3,0,0,Not Found,valid,3,0.483
/home/ubuntu/Lustre-exp/kind2-benchmarks/FMCAD08/Int/memory1/DRAGON_7.lus,base,0.106,2,60,3,0,0,Not Found,valid,3,0.476
/home/ubuntu/Lustre-exp/kind2-benchmarks/FMCAD08/Int/memory1/DRAGON_8_e3_786_e7_4541.lus,base,0.553,5,450,10,3,1,Not Found,valid,8 7 5 3,0.923
/home/ubuntu/Lustre-exp/kind2-benchmarks/FMCAD08/Int/memory1/DRAGON_8_e3_786.lus,l2l1,14.758,4,6034,97,2,1,Not Found,valid,94 93 40 2,15.080
/home/ubuntu/Lustre-exp/kind2-benchmarks/FMCAD08/Int/memory1/DRAGON_8_e7_3752.lus,l2l1,0.542,4,401,11,3,1,Not Found,valid,5 4 2 1,0.869
/home/ubuntu/Lustre-exp/kind2-benchmarks/FMCAD08/Int/memory1/DRAGON_8.lus,base,0.658,5,492,11,2,1,Not Found,valid,12 11 7 4,1.029
/home/ubuntu/Lustre-exp/kind2-benchmarks/FMCAD08/Int/memory1/DRAGON_9_e7_1843_e1_5434.lus,l2l1,0.064,2,25,1,0,0,Not Found,valid,1,0.416
/home/ubuntu/Lustre-exp/kind2-benchmarks/FMCAD08/Int/memory1/DRAGON_9_e7_1843_e2_1145.lus,base,0.055,2,25,1,0,0,Not Found,valid,1,0.426
/home/ubuntu/Lustre-exp/kind2-benchmarks/FMCAD08/Int/memory1/DRAGON_9_e7_1843_e3_5316.lus,base,0.055,2,25,1,0,0,Not Found,valid,1,0.424
/home/ubuntu/Lustre-exp/kind2-benchmarks/FMCAD08/Int/memory1/DRAGON_9_e7_1843_e7_2225.lus,l2l1,0.061,2,25,1,0,0,Not Found,valid,1,0.431
/home/ubuntu/Lustre-exp/kind2-benchmarks/FMCAD08/Int/memory1/DRAGON_9_e7_1843.lus,l2l1,0.095,2,41,2,0,0,Not Found,valid,2,0.453
/home/ubuntu/Lustre-exp/kind2-benchmarks/FMCAD08/Int/memory1/DRAGON_9.lus,l2l1,0.051,2,25,1,0,0,Not Found,valid,1,0.412
/home/ubuntu/Lustre-exp/kind2-benchmarks/FMCAD08/Int/memory1/DRAGON_all2_e2_2073_e8_3691.lus,base,0.021,0,2,0,0,0,Not Found,invalid,Not Found,0.399
/home/ubuntu/Lustre-exp/kind2-benchmarks/FMCAD08/Int/memory1/DRAGON_all2_e3_4612_e1_6463.lus,l2l1,2.643,4,1398,25,4,0,Not Found,valid,16 12 10 8,2.937
/home/ubuntu/Lustre-exp/kind2-benchmarks/FMCAD08/Int/memory1/DRAGON_all2_e3_4612_e2_5774.lus,base,2.197,5,1194,24,1,0,Not Found,valid,15 12 11 6,2.622
/home/ubuntu/Lustre-exp/kind2-benchmarks/FMCAD08/Int/memory1/DRAGON_all2_e3_4612_e3_1543.lus,l2l1,1.990,4,1102,25,3,0,Not Found,valid,18 13 7,2.273
/home/ubuntu/Lustre-exp/kind2-benchmarks/FMCAD08/Int/memory1/DRAGON_all2_e3_4612_e4_3719.lus,l2l1,2.354,3,1156,23,1,0,Not Found,valid,17 12 4,2.701
/home/ubuntu/Lustre-exp/kind2-benchmarks/FMCAD08/Int/memory1/DRAGON_all2_e3_4612_e5_3642.lus,base,1.981,4,1104,23,3,0,Not Found,valid,17 13 7,2.390
/home/ubuntu/Lustre-exp/kind2-benchmarks/FMCAD08/Int/memory1/DRAGON_all2_e3_4612_e8_5861.lus,l2l1,0.027,0,2,0,0,0,Not Found,invalid,Not Found,0.416
/home/ubuntu/Lustre-exp/kind2-benchmarks/FMCAD08/Int/memory1/DRAGON_all2_e7_5406_e1_6690.lus,base,0.024,0,2,0,0,0,Not Found,invalid,Not Found,0.420
/home/ubuntu/Lustre-exp/kind2-benchmarks/FMCAD08/Int/memory1/DRAGON_all2_e7_5406_e2_3084.lus,l2l1,0.025,0,2,0,0,0,Not Found,invalid,Not Found,0.398
/home/ubuntu/Lustre-exp/kind2-benchmarks/FMCAD08/Int/memory1/DRAGON_all2_e7_5406_e3_506.lus,base,0.023,0,2,0,0,0,Not Found,invalid,Not Found,0.410
/home/ubuntu/Lustre-exp/kind2-benchmarks/FMCAD08/Int/memory1/DRAGON_all2_e7_5406_e7_6697.lus,l2l1,0.025,0,2,0,0,0,Not Found,invalid,Not Found,0.419
/home/ubuntu/Lustre-exp/kind2-benchmarks/FMCAD08/Int/memory1/DRAGON_all2_e7_5406.lus,base,0.020,0,2,0,0,0,Not Found,invalid,Not Found,0.425
/home/ubuntu/Lustre-exp/kind2-benchmarks/FMCAD08/Int/memory1/DRAGON_all2_e8_4626.lus,l2l1,0.023,0,2,0,0,0,Not Found,invalid,Not Found,0.423
/home/ubuntu/Lustre-exp/kind2-benchmarks/FMCAD08/Int/memory1/DRAGON_all2_e8_5504_e1_4719.lus,l2l1,0.023,0,2,0,0,0,Not Found,invalid,Not Found,0.413
/home/ubuntu/Lustre-exp/kind2-benchmarks/FMCAD08/Int/memory1/DRAGON_all2_e8_5504_e7_579.lus,l2l1,0.023,0,2,0,0,0,Not Found,invalid,Not Found,0.428
/home/ubuntu/Lustre-exp/kind2-benchmarks/FMCAD08/Int/memory1/DRAGON_all2.lus,l2l1,2.529,4,1391,25,4,0,Not Found,valid,19 15 8,2.873
/home/ubuntu/Lustre-exp/kind2-benchmarks/FMCAD08/Int/memory1/DRAGON_all_e1_4022_e1_1759.lus,l2l1,0.144,2,71,4,0,0,Not Found,valid,4,0.507
/home/ubuntu/Lustre-exp/kind2-benchmarks/FMCAD08/Int/memory1/DRAGON_all_e1_4022_e2_267.lus,base,0.178,2,65,4,0,0,Not Found,valid,4,0.559
/home/ubuntu/Lustre-exp/kind2-benchmarks/FMCAD08/Int/memory1/DRAGON_all_e1_4022_e3_3628.lus,base,0.152,2,73,4,0,0,Not Found,valid,4,0.516
/home/ubuntu/Lustre-exp/kind2-benchmarks/FMCAD08/Int/memory1/DRAGON_all_e1_4022_e7_2886.lus,l2l1,0.022,0,2,0,0,0,Not Found,invalid,Not Found,0.390
/home/ubuntu/Lustre-exp/kind2-benchmarks/FMCAD08/Int/memory1/DRAGON_all_e1_4037.lus,base,0.135,2,71,4,0,0,Not Found,valid,4,0.498
/home/ubuntu/Lustre-exp/kind2-benchmarks/FMCAD08/Int/memory1/DRAGON_all_e2_6104_e1_6205.lus,l2l1,0.183,2,69,4,0,0,Not Found,valid,4,0.544
/home/ubuntu/Lustre-exp/kind2-benchmarks/FMCAD08/Int/memory1/DRAGON_all_e2_6104_e2_3308.lus,l2l1,0.167,2,92,5,0,0,Not Found,valid,5,0.516
/home/ubuntu/Lustre-exp/kind2-benchmarks/FMCAD08/Int/memory1/DRAGON_all_e2_6104_e3_2607.lus,base,0.152,2,67,4,0,0,Not Found,valid,4,0.526
/home/ubuntu/Lustre-exp/kind2-benchmarks/FMCAD08/Int/memory1/DRAGON_all_e2_6104.lus,base,0.153,2,71,4,0,0,Not Found,valid,4,0.525
/home/ubuntu/Lustre-exp/kind2-benchmarks/FMCAD08/Int/memory1/DRAGON_all_e3_4821_e1_1318.lus,base,0.151,2,71,4,0,0,Not Found,valid,4,0.526
/home/ubuntu/Lustre-exp/kind2-benchmarks/FMCAD08/Int/memory1/DRAGON_all_e3_4821_e2_1089.lus,base,0.149,2,71,4,0,0,Not Found,valid,4,0.514
/home/ubuntu/Lustre-exp/kind2-benchmarks/FMCAD08/Int/memory1/DRAGON_all_e3_4821_e4_1791.lus,base,0.155,2,71,4,0,0,Not Found,valid,4,0.530
/home/ubuntu/Lustre-exp/kind2-benchmarks/FMCAD08/Int/memory1/DRAGON_all_e3_4821_e5_1536.lus,l2l1,0.172,2,69,4,0,0,Not Found,valid,4,0.526
/home/ubuntu/Lustre-exp/kind2-benchmarks/FMCAD08/Int/memory1/DRAGON_all_e3_5957.lus,l2l1,0.181,1,72,5,0,0,Not Found,valid,4,0.515
/home/ubuntu/Lustre-exp/kind2-benchmarks/FMCAD08/Int/memory1/DRAGON_all_e7_1941_e2_6086.lus,l2l1,0.023,0,2,0,0,0,Not Found,invalid,Not Found,0.398
/home/ubuntu/Lustre-exp/kind2-benchmarks/FMCAD08/Int/memory1/DRAGON_all_e7_4065.lus,l2l1,0.023,0,2,0,0,0,Not Found,invalid,Not Found,0.399
/home/ubuntu/Lustre-exp/kind2-benchmarks/FMCAD08/Int/memory1/DRAGON_all.lus,base,0.175,2,69,4,0,0,Not Found,valid,4,0.538
/home/ubuntu/Lustre-exp/kind2-benchmarks/FMCAD08/Int/memory1/FIREFLY_10_e7_919_e2_3192.lus,base,0.036,2,25,1,0,0,Not Found,valid,1,0.397
/home/ubuntu/Lustre-exp/kind2-benchmarks/FMCAD08/Int/memory1/FIREFLY_10.lus,base,0.036,2,25,1,0,0,Not Found,valid,1,0.387
/home/ubuntu/Lustre-exp/kind2-benchmarks/FMCAD08/Int/memory1/DRAGON_11.lus,base,214.753,4,26851,108,5,8,Not Found,timeout,172 118 92 64,290.268
/home/ubuntu/Lustre-exp/kind2-benchmarks/FMCAD08/Int/memory1/DRAGON_14_e1_5710.lus,base,163.671,11,29615,110,11,23,Not Found,timeout,91 84 78 76 72 69 61 52 40 22 8,290.190
/home/ubuntu/Lustre-exp/kind2-benchmarks/FMCAD08/Int/memory1/DRAGON_14_e2_3606.lus,base,272.066,14,36133,98,13,13,Not Found,timeout,69 64 59 56 54 52 50 48 44 35 26 17 9 5,290.184
/home/ubuntu/Lustre-exp/kind2-benchmarks/FMCAD08/Int/memory1/DRAGON_14_e3_1259_e1_5798.lus,base,7.193,6,4381,33,10,2,Not Found,timeout,22 15 10 9 6 4,290.215
/home/ubuntu/Lustre-exp/kind2-benchmarks/FMCAD08/Int/memory1/FIREFLY_1_e1_1092_e1_1486.lus,base,0.059,1,15,2,0,0,Not Found,invalid,0,0.416
/home/ubuntu/Lustre-exp/kind2-benchmarks/FMCAD08/Int/memory1/FIREFLY_1_e1_1092_e2_1853.lus,l2l1,0.032,2,20,1,0,0,Not Found,valid,1,0.373
/home/ubuntu/Lustre-exp/kind2-benchmarks/FMCAD08/Int/memory1/FIREFLY_1_e1_1092_e3_389.lus,l2l1,0.047,1,15,2,0,0,Not Found,invalid,0,0.409
/home/ubuntu/Lustre-exp/kind2-benchmarks/FMCAD08/Int/memory1/FIREFLY_1_e1_1092_e7_1119.lus,l2l1,0.016,0,2,0,0,0,Not Found,invalid,Not Found,0.371
/home/ubuntu/Lustre-exp/kind2-benchmarks/FMCAD08/Int/memory1/FIREFLY_1_e1_1092.lus,base,0.043,1,15,2,0,0,Not Found,invalid,0,0.401
/home/ubuntu/Lustre-exp/kind2-benchmarks/FMCAD08/Int/memory1/FIREFLY_1.lus,l2l1,0.032,2,20,1,0,0,Not Found,valid,1,0.375
/home/ubuntu/Lustre-exp/kind2-benchmarks/FMCAD08/Int/memory1/FIREFLY_2_e3_151_e3_1540.lus,base,0.055,1,22,2,0,0,Not Found,invalid,0,0.411
/home/ubuntu/Lustre-exp/kind2-benchmarks/FMCAD08/Int/memory1/FIREFLY_2.lus,base,0.041,2,27,1,0,0,Not Found,valid,1,0.397
/home/ubuntu/Lustre-exp/kind2-benchmarks/FMCAD08/Int/memory1/DRAGON_14_e3_5120.lus,base,56.920,11,15625,64,12,7,Not Found,timeout,45 40 34 32 29 26 24 21 19 16 12,290.218
/home/ubuntu/Lustre-exp/kind2-benchmarks/FMCAD08/Int/memory1/FIREFLY_3_e2_2236_e1_2305.lus,base,0.033,2,25,1,0,0,Not Found,valid,1,0.394
/home/ubuntu/Lustre-exp/kind2-benchmarks/FMCAD08/Int/memory1/FIREFLY_3_e2_2236_e2_1058.lus,base,0.050,2,41,2,0,0,Not Found,valid,2,0.395
/home/ubuntu/Lustre-exp/kind2-benchmarks/FMCAD08/Int/memory1/FIREFLY_3_e2_2236_e3_2657.lus,base,0.046,1,22,2,0,0,Not Found,invalid,0,0.399
/home/ubuntu/Lustre-exp/kind2-benchmarks/FMCAD08/Int/memory1/FIREFLY_3_e2_2236_e7_3681.lus,base,0.050,2,41,2,0,0,Not Found,valid,2,0.409
/home/ubuntu/Lustre-exp/kind2-benchmarks/FMCAD08/Int/memory1/FIREFLY_3_e2_2236.lus,l2l1,0.030,2,25,1,0,0,Not Found,valid,1,0.375
/home/ubuntu/Lustre-exp/kind2-benchmarks/FMCAD08/Int/memory1/FIREFLY_3.lus,base,0.030,2,25,1,0,0,Not Found,valid,1,0.379
/home/ubuntu/Lustre-exp/kind2-benchmarks/FMCAD08/Int/memory1/FIREFLY_4_e3_3511_e1_2375.lus,l2l1,0.101,2,63,4,1,0,Not Found,invalid,2 1,0.444
/home/ubuntu/Lustre-exp/kind2-benchmarks/FMCAD08/Int/memory1/FIREFLY_4_e3_3511_e2_1923.lus,l2l1,0.107,3,108,2,0,0,Not Found,valid,3 2,0.438
/home/ubuntu/Lustre-exp/kind2-benchmarks/FMCAD08/Int/memory1/FIREFLY_4_e3_3511_e3_422.lus,base,0.112,3,106,2,0,0,Not Found,valid,3 2,0.456
/home/ubuntu/Lustre-exp/kind2-benchmarks/FMCAD08/Int/memory1/FIREFLY_4_e3_3511_e4_1464.lus,l2l1,0.116,2,85,5,1,0,Not Found,invalid,3 1,0.446
/home/ubuntu/Lustre-exp/kind2-benchmarks/FMCAD08/Int/memory1/FIREFLY_4_e3_3511_e5_3248.lus,base,0.105,3,106,2,0,0,Not Found,valid,3 2,0.447
/home/ubuntu/Lustre-exp/kind2-benchmarks/FMCAD08/Int/memory1/FIREFLY_4_e3_3511_e7_3568.lus,l2l1,0.015,0,2,0,0,0,Not Found,invalid,Not Found,0.380
/home/ubuntu/Lustre-exp/kind2-benchmarks/FMCAD08/Int/memory1/FIREFLY_4_e3_3511.lus,base,0.139,3,148,4,1,0,Not Found,valid,5 3,0.488
/home/ubuntu/Lustre-exp/kind2-benchmarks/FMCAD08/Int/memory1/FIREFLY_4.lus,base,0.034,2,27,1,0,0,Not Found,valid,1,0.387
/home/ubuntu/Lustre-exp/kind2-benchmarks/FMCAD08/Int/memory1/FIREFLY_5_e1_2552_e7_1169.lus,base,0.027,2,20,1,0,0,Not Found,valid,1,0.375
/home/ubuntu/Lustre-exp/kind2-benchmarks/FMCAD08/Int/memory1/FIREFLY_5_e2_2229.lus,base,0.045,2,41,2,0,0,Not Found,valid,2,0.387
/home/ubuntu/Lustre-exp/kind2-benchmarks/FMCAD08/Int/memory1/FIREFLY_5_e2_2884_e1_2678.lus,base,0.044,2,41,2,0,0,Not Found,valid,2,0.395
/home/ubuntu/Lustre-exp/kind2-benchmarks/FMCAD08/Int/memory1/FIREFLY_5_e2_2884_e2_1492.lus,base,0.049,2,41,2,0,0,Not Found,valid,2,0.394
/home/ubuntu/Lustre-exp/kind2-benchmarks/FMCAD08/Int/memory1/FIREFLY_5_e2_2884_e3_1882.lus,base,0.028,2,25,1,0,0,Not Found,valid,1,0.375
/home/ubuntu/Lustre-exp/kind2-benchmarks/FMCAD08/Int/memory1/FIREFLY_5_e2_2884_e7_3594.lus,base,0.032,2,25,1,0,0,Not Found,valid,1,0.385
/home/ubuntu/Lustre-exp/kind2-benchmarks/FMCAD08/Int/memory1/FIREFLY_5.lus,l2l1,0.052,2,41,2,0,0,Not Found,valid,2,0.386
/home/ubuntu/Lustre-exp/kind2-benchmarks/FMCAD08/Int/memory1/FIREFLY_6_e2_3302.lus,base,0.426,4,501,8,2,0,Not Found,valid,10 7 4,0.773
/home/ubuntu/Lustre-exp/kind2-benchmarks/FMCAD08/Int/memory1/FIREFLY_6.lus,l2l1,0.331,4,428,7,2,0,Not Found,valid,9 7 4,0.685
/home/ubuntu/Lustre-exp/kind2-benchmarks/FMCAD08/Int/memory1/FIREFLY_8_e2_1711_e2_2673.lus,base,0.033,2,24,1,0,0,Not Found,valid,1,0.376
/home/ubuntu/Lustre-exp/kind2-benchmarks/FMCAD08/Int/memory1/FIREFLY_8_e2_1711_e1_1489.lus,base,0.035,2,26,1,0,0,Not Found,valid,1,0.389
/home/ubuntu/Lustre-exp/kind2-benchmarks/FMCAD08/Int/memory1/FIREFLY_8_e2_1711_e7_1962.lus,l2l1,0.018,0,2,0,0,0,Not Found,invalid,Not Found,0.373
/home/ubuntu/Lustre-exp/kind2-benchmarks/FMCAD08/Int/memory1/FIREFLY_8_e2_1711_e3_1753.lus,base,0.032,2,24,1,0,0,Not Found,valid,1,0.385
/home/ubuntu/Lustre-exp/kind2-benchmarks/FMCAD08/Int/memory1/FIREFLY_8_e2_1711.lus,l2l1,0.034,2,24,1,0,0,Not Found,valid,1,0.387
/home/ubuntu/Lustre-exp/kind2-benchmarks/FMCAD08/Int/memory1/FIREFLY_8.lus,base,0.036,2,26,1,0,0,Not Found,valid,1,0.389
/home/ubuntu/Lustre-exp/kind2-benchmarks/FMCAD08/Int/memory1/FIREFLY_7.lus,base,1.408,4,1216,18,3,0,Not Found,valid,13 7 4,2.089
/home/ubuntu/Lustre-exp/kind2-benchmarks/FMCAD08/Int/memory1/FIREFLY_9_e7_170_e3_3647.lus,l2l1,0.072,2,43,2,0,0,Not Found,valid,2,0.406
/home/ubuntu/Lustre-exp/kind2-benchmarks/FMCAD08/Int/memory1/FIREFLY_9.lus,base,0.052,2,43,2,0,0,Not Found,valid,2,0.407
/home/ubuntu/Lustre-exp/kind2-benchmarks/FMCAD08/Int/memory1/FIREFLY_a3_e1_3233_e1_3123.lus,l2l1,0.061,1,22,2,0,0,Not Found,invalid,0,0.412
/home/ubuntu/Lustre-exp/kind2-benchmarks/FMCAD08/Int/memory1/FIREFLY_a3_e1_3233_e2_2392.lus,base,0.103,2,89,5,0,0,Not Found,valid,5,0.464
/home/ubuntu/Lustre-exp/kind2-benchmarks/FMCAD08/Int/memory1/FIREFLY_a3_e1_3233_e3_2970.lus,l2l1,0.129,2,89,5,0,0,Not Found,valid,5,0.463
/home/ubuntu/Lustre-exp/kind2-benchmarks/FMCAD08/Int/memory1/FIREFLY_a3_e1_3233_e7_906.lus,l2l1,0.020,0,2,0,0,0,Not Found,invalid,Not Found,0.371
/home/ubuntu/Lustre-exp/kind2-benchmarks/FMCAD08/Int/memory1/FIREFLY_a3_e1_3233.lus,base,0.053,1,22,2,0,0,Not Found,invalid,0,0.413
/home/ubuntu/Lustre-exp/kind2-benchmarks/FMCAD08/Int/memory1/FIREFLY_a3_e2_2086_e1_3235.lus,base,0.086,2,71,4,0,0,Not Found,valid,4,0.439
/home/ubuntu/Lustre-exp/kind2-benchmarks/FMCAD08/Int/memory1/FIREFLY_a3_e2_2086_e2_2689.lus,base,0.107,2,71,4,0,0,Not Found,valid,4,0.459
/home/ubuntu/Lustre-exp/kind2-benchmarks/FMCAD08/Int/memory1/FIREFLY_a3_e2_2086_e7_2614.lus,l2l1,0.018,0,2,0,0,0,Not Found,invalid,Not Found,0.374
/home/ubuntu/Lustre-exp/kind2-benchmarks/FMCAD08/Int/memory1/FIREFLY_a3_e2_2086_e3_2542.lus,l2l1,0.116,2,89,5,0,0,Not Found,valid,5,0.462
/home/ubuntu/Lustre-exp/kind2-benchmarks/FMCAD08/Int/memory1/FIREFLY_a3_e2_2952.lus,base,0.083,2,71,4,0,0,Not Found,valid,4,0.430
/home/ubuntu/Lustre-exp/kind2-benchmarks/FMCAD08/Int/memory1/FIREFLY_a3_e3_314_e1_1979.lus,l2l1,0.236,2,165,9,1,0,Not Found,invalid,4 2,0.578
/home/ubuntu/Lustre-exp/kind2-benchmarks/FMCAD08/Int/memory1/FIREFLY_a3_e3_314_e2_2812.lus,l2l1,0.168,3,136,5,0,0,Not Found,valid,1 0,0.523
/home/ubuntu/Lustre-exp/kind2-benchmarks/FMCAD08/Int/memory1/FIREFLY_a3_e3_314_e4_897.lus,base,0.165,2,143,8,1,0,Not Found,invalid,3 2,0.523
/home/ubuntu/Lustre-exp/kind2-benchmarks/FMCAD08/Int/memory1/FIREFLY_a3.lus,base,0.090,2,71,4,0,0,Not Found,valid,4,0.438
/home/ubuntu/Lustre-exp/kind2-benchmarks/FMCAD08/Int/memory1/FIREFLY_all_e1_1207_e1_1201.lus,base,0.087,1,40,4,0,0,Not Found,invalid,2,0.457
/home/ubuntu/Lustre-exp/kind2-benchmarks/FMCAD08/Int/memory1/FIREFLY_all_e1_1207_e2_3220.lus,base,0.095,2,83,5,0,0,Not Found,valid,5,0.449
/home/ubuntu/Lustre-exp/kind2-benchmarks/FMCAD08/Int/memory1/FIREFLY_all_e1_1207_e3_1928.lus,l2l1,0.045,1,9,1,0,0,Not Found,invalid,0,0.393
/home/ubuntu/Lustre-exp/kind2-benchmarks/FMCAD08/Int/memory1/FIREFLY_all_e1_1207_e7_156.lus,l2l1,0.016,0,2,0,0,0,Not Found,invalid,Not Found,0.375
/home/ubuntu/Lustre-exp/kind2-benchmarks/FMCAD08/Int/memory1/FIREFLY_all_e1_3406.lus,base,0.094,1,42,4,0,0,Not Found,invalid,2,0.452
/home/ubuntu/Lustre-exp/kind2-benchmarks/FMCAD08/Int/memory1/FIREFLY_all_e2_2924_e2_1767.lus,base,0.072,1,29,3,0,0,Not Found,invalid,1,0.447
/home/ubuntu/Lustre-exp/kind2-benchmarks/FMCAD08/Int/memory1/FIREFLY_all_e2_2924_e1_768.lus,l2l1,0.120,2,87,5,0,0,Not Found,valid,5,0.483
/home/ubuntu/Lustre-exp/kind2-benchmarks/FMCAD08/Int/memory1/FIREFLY_all_e2_2924_e3_3946.lus,base,0.117,1,58,5,0,0,Not Found,invalid,3,0.472
/home/ubuntu/Lustre-exp/kind2-benchmarks/FMCAD08/Int/memory1/FIREFLY_all_e2_2924_e7_3371.lus,l2l1,0.021,0,2,0,0,0,Not Found,invalid,Not Found,0.396
/home/ubuntu/Lustre-exp/kind2-benchmarks/FMCAD08/Int/memory1/FIREFLY_all_e2_3678.lus,base,0.087,1,46,4,0,0,Not Found,invalid,2,0.459
/home/ubuntu/Lustre-exp/kind2-benchmarks/FMCAD08/Int/memory1/FIREFLY_all_e3_1600_e1_667.lus,l2l1,0.086,1,40,4,0,0,Not Found,invalid,2,0.444
/home/ubuntu/Lustre-exp/kind2-benchmarks/FMCAD08/Int/memory1/FIREFLY_all_e3_1600_e3_2055.lus,l2l1,0.056,1,15,2,0,0,Not Found,invalid,0,0.418
/home/ubuntu/Lustre-exp/kind2-benchmarks/FMCAD08/Int/memory1/FIREFLY_all_e3_1600_e2_676.lus,l2l1,0.175,1,121,9,0,0,Not Found,invalid,7,0.530
/home/ubuntu/Lustre-exp/kind2-benchmarks/FMCAD08/Int/memory1/DRAGON_14.lus,base,220.218,12,37904,151,13,47,Not Found,timeout,124 119 113 109 105 102 97 90 81 67 50 29,290.158
/home/ubuntu/Lustre-exp/kind2-benchmarks/FMCAD08/Int/memory1/FIREFLY_all_e3_1600_e4_2415.lus,base,0.036,1,9,1,0,0,Not Found,invalid,0,0.406
/home/ubuntu/Lustre-exp/kind2-benchmarks/FMCAD08/Int/memory1/FIREFLY_all_e3_1600_e7_1607.lus,l2l1,0.016,0,2,0,0,0,Not Found,invalid,Not Found,0.381
/home/ubuntu/Lustre-exp/kind2-benchmarks/FMCAD08/Int/memory1/FIREFLY_all_e3_3496.lus,l2l1,0.045,1,9,1,0,0,Not Found,invalid,0,0.400
/home/ubuntu/Lustre-exp/kind2-benchmarks/FMCAD08/Int/memory1/FIREFLY_all_e3_1600_e5_84.lus,l2l1,0.170,1,112,8,0,0,Not Found,invalid,6,0.526
/home/ubuntu/Lustre-exp/kind2-benchmarks/FMCAD08/Int/memory1/FIREFLY_all_e7_1909.lus,base,0.015,0,2,0,0,0,Not Found,invalid,Not Found,0.369
/home/ubuntu/Lustre-exp/kind2-benchmarks/FMCAD08/Int/memory1/FIREFLY_all.lus,base,0.112,2,83,5,0,0,Not Found,valid,5,0.460
/home/ubuntu/Lustre-exp/kind2-benchmarks/FMCAD08/Int/memory1/FIREFLY_luke_1a_e2_284_e7_998.lus,base,0.211,2,159,8,1,0,Not Found,invalid,8 4,0.573
/home/ubuntu/Lustre-exp/kind2-benchmarks/FMCAD08/Int/memory1/FIREFLY_luke_1a_e7_3042_e3_1213.lus,base,20.151,10,7787,63,3,11,Not Found,valid,57 56 46 38 35 32 28 23 15,20.813
/home/ubuntu/Lustre-exp/kind2-benchmarks/FMCAD08/Int/memory1/DRAGON_8_e2_3896_e3_3125.lus,base,0.311,3,204,5,1,0,Not Found,timeout,4 3 2,290.282
/home/ubuntu/Lustre-exp/kind2-benchmarks/FMCAD08/Int/memory1/FIREFLY_luke_1b_e1_1139_e1_1565.lus,base,0.048,1,17,2,0,0,Not Found,invalid,0,0.398
/home/ubuntu/Lustre-exp/kind2-benchmarks/FMCAD08/Int/memory1/FIREFLY_luke_1b_e1_1139_e2_2893.lus,l2l1,0.037,2,22,1,0,0,Not Found,valid,1,0.376
/home/ubuntu/Lustre-exp/kind2-benchmarks/FMCAD08/Int/memory1/FIREFLY_luke_1b_e1_1139_e3_1839.lus,base,0.084,1,41,4,0,0,Not Found,invalid,2,0.451
/home/ubuntu/Lustre-exp/kind2-benchmarks/FMCAD08/Int/memory1/FIREFLY_luke_1b_e1_1691.lus,base,0.047,1,17,2,0,0,Not Found,invalid,0,0.403
/home/ubuntu/Lustre-exp/kind2-benchmarks/FMCAD08/Int/memory1/FIREFLY_luke_1b_e2_3049_e1_946.lus,l2l1,0.042,2,22,1,0,0,Not Found,valid,1,0.377
/home/ubuntu/Lustre-exp/kind2-benchmarks/FMCAD08/Int/memory1/FIREFLY_luke_1b_e2_3049_e2_698.lus,base,0.046,1,17,2,0,0,Not Found,invalid,0,0.401
/home/ubuntu/Lustre-exp/kind2-benchmarks/FMCAD08/Int/memory1/FIREFLY_luke_1b_e2_3049_e3_2697.lus,base,0.047,1,17,2,0,0,Not Found,invalid,0,0.401
/home/ubuntu/Lustre-exp/kind2-benchmarks/FMCAD08/Int/memory1/FIREFLY_luke_1b_e2_3049.lus,l2l1,0.092,1,41,4,0,0,Not Found,invalid,2,0.452
/home/ubuntu/Lustre-exp/kind2-benchmarks/FMCAD08/Int/memory1/FIREFLY_luke_1b_e3_671_e1_725.lus,base,0.084,1,41,4,0,0,Not Found,invalid,2,0.441
/home/ubuntu/Lustre-exp/kind2-benchmarks/FMCAD08/Int/memory1/FIREFLY_luke_1b_e3_671_e2_2131.lus,l2l1,0.101,1,41,4,0,0,Not Found,invalid,2,0.445
/home/ubuntu/Lustre-exp/kind2-benchmarks/FMCAD08/Int/memory1/FIREFLY_luke_1b_e3_671_e3_941.lus,l2l1,0.055,1,17,2,0,0,Not Found,invalid,0,0.412
/home/ubuntu/Lustre-exp/kind2-benchmarks/FMCAD08/Int/memory1/FIREFLY_luke_1b_e3_671_e4_147.lus,l2l1,0.089,1,41,4,0,0,Not Found,invalid,2,0.443
/home/ubuntu/Lustre-exp/kind2-benchmarks/FMCAD08/Int/memory1/FIREFLY_luke_1b_e3_671_e5_1637.lus,l2l1,0.088,1,41,4,0,0,Not Found,invalid,2,0.453
/home/ubuntu/Lustre-exp/kind2-benchmarks/FMCAD08/Int/memory1/FIREFLY_luke_1b_e3_671_e6_1974.lus,l2l1,0.040,2,22,1,0,0,Not Found,valid,1,0.377
/home/ubuntu/Lustre-exp/kind2-benchmarks/FMCAD08/Int/memory1/FIREFLY_luke_1b_e3_671_e7_1882.lus,l2l1,0.016,0,2,0,0,0,Not Found,invalid,Not Found,0.368
/home/ubuntu/Lustre-exp/kind2-benchmarks/FMCAD08/Int/memory1/FIREFLY_luke_1b_e3_671.lus,l2l1,0.088,1,41,4,0,0,Not Found,invalid,2,0.451
/home/ubuntu/Lustre-exp/kind2-benchmarks/FMCAD08/Int/memory1/FIREFLY_luke_1b_e7_2574.lus,l2l1,0.016,0,2,0,0,0,Not Found,invalid,Not Found,0.369
/home/ubuntu/Lustre-exp/kind2-benchmarks/FMCAD08/Int/memory1/FIREFLY_luke_1b_e7_3191_e1_1303.lus,l2l1,0.016,0,2,0,0,0,Not Found,invalid,Not Found,0.371
/home/ubuntu/Lustre-exp/kind2-benchmarks/FMCAD08/Int/memory1/FIREFLY_luke_1b_e7_3191_e2_1864.lus,base,0.015,0,2,0,0,0,Not Found,invalid,Not Found,0.369
/home/ubuntu/Lustre-exp/kind2-benchmarks/FMCAD08/Int/memory1/FIREFLY_luke_1b_e7_3191_e7_2146.lus,l2l1,0.018,0,2,0,0,0,Not Found,invalid,Not Found,0.368
/home/ubuntu/Lustre-exp/kind2-benchmarks/FMCAD08/Int/memory1/FIREFLY_luke_1b.lus,l2l1,0.039,2,22,1,0,0,Not Found,valid,1,0.385
/home/ubuntu/Lustre-exp/kind2-benchmarks/FMCAD08/Int/memory1/FIREFLY_luke_2_e2_1375_e1_418.lus,base,0.336,4,440,7,2,0,Not Found,valid,9 7 4,0.678
/home/ubuntu/Lustre-exp/kind2-benchmarks/FMCAD08/Int/memory1/FIREFLY_luke_2_e7_1826_e8_126.lus,base,0.374,4,435,7,2,0,Not Found,valid,9 7 4,0.730
/home/ubuntu/Lustre-exp/kind2-benchmarks/FMCAD08/Int/memory1/FIREFLY_luke_2.lus,base,0.352,4,433,7,2,0,Not Found,valid,9 7 4,0.700
/home/ubuntu/Lustre-exp/kind2-benchmarks/FMCAD08/Int/memory1/FIREFLY_luke_3_e1_2217_e3_1200.lus,base,1.468,5,1661,20,3,0,Not Found,valid,31 28 24 12,1.827
/home/ubuntu/Lustre-exp/kind2-benchmarks/FMCAD08/Int/memory1/FIREFLY_luke_3.lus,l2l1,1.103,6,1121,8,1,0,Not Found,valid,14 10 7 4 1,1.397
/home/ubuntu/Lustre-exp/kind2-benchmarks/FMCAD08/Int/memory1/FIREFLY_11_e1_3457.lus,base,0.311,4,388,6,1,0,Not Found,timeout,7 6 4 2,290.226
/home/ubuntu/Lustre-exp/kind2-benchmarks/FMCAD08/Int/memory1/FIREFLY_11_e3_2076_e1_1270.lus,base,0.371,4,421,7,2,0,Not Found,timeout,8 7 5 3,290.233
/home/ubuntu/Lustre-exp/kind2-benchmarks/FMCAD08/Int/memory1/FIREFLY_11.lus,base,0.312,4,388,6,1,0,Not Found,timeout,7 6 4 2,290.238
/home/ubuntu/Lustre-exp/kind2-benchmarks/FMCAD08/Int/memory1/FIREFLY_luke_rt_e1_913_e1_1993.lus,l2l1,0.055,1,20,2,0,0,Not Found,invalid,0,0.420
/home/ubuntu/Lustre-exp/kind2-benchmarks/FMCAD08/Int/memory1/FIREFLY_luke_rt_e1_913_e2_3353.lus,base,0.038,2,27,1,0,0,Not Found,valid,1,0.386
/home/ubuntu/Lustre-exp/kind2-benchmarks/FMCAD08/Int/memory1/FIREFLY_luke_rt_e1_913_e3_2128.lus,l2l1,0.072,1,34,3,0,0,Not Found,invalid,1,0.441
/home/ubuntu/Lustre-exp/kind2-benchmarks/FMCAD08/Int/memory1/FIREFLY_luke_rt_e1_913_e7_1403.lus,l2l1,0.017,0,2,0,0,0,Not Found,invalid,Not Found,0.369
/home/ubuntu/Lustre-exp/kind2-benchmarks/FMCAD08/Int/memory1/FIREFLY_luke_rt_e1_913.lus,base,0.049,1,20,2,0,0,Not Found,invalid,0,0.406
/home/ubuntu/Lustre-exp/kind2-benchmarks/FMCAD08/Int/memory1/FIREFLY_luke_rt_e2_3460_e1_1455.lus,base,0.047,2,27,1,0,0,Not Found,valid,1,0.400
/home/ubuntu/Lustre-exp/kind2-benchmarks/FMCAD08/Int/memory1/FIREFLY_luke_rt_e2_3460_e2_2670.lus,l2l1,0.060,1,20,2,0,0,Not Found,invalid,0,0.410
/home/ubuntu/Lustre-exp/kind2-benchmarks/FMCAD08/Int/memory1/FIREFLY_luke_rt_e2_3460_e3_1333.lus,l2l1,0.058,1,20,2,0,0,Not Found,invalid,0,0.422
/home/ubuntu/Lustre-exp/kind2-benchmarks/FMCAD08/Int/memory1/FIREFLY_luke_rt_e2_3460_e7_471.lus,l2l1,0.019,0,2,0,0,0,Not Found,invalid,Not Found,0.371
/home/ubuntu/Lustre-exp/kind2-benchmarks/FMCAD08/Int/memory1/FIREFLY_luke_rt_e2_3460.lus,base,0.077,1,34,3,0,0,Not Found,invalid,1,0.420
/home/ubuntu/Lustre-exp/kind2-benchmarks/FMCAD08/Int/memory1/FIREFLY_luke_rt_e3_1549.lus,base,0.035,1,9,1,0,0,Not Found,invalid,0,0.408
/home/ubuntu/Lustre-exp/kind2-benchmarks/FMCAD08/Int/memory1/FIREFLY_luke_rt.lus,l2l1,0.046,2,27,1,0,0,Not Found,valid,1,0.386
/home/ubuntu/Lustre-exp/kind2-benchmarks/FMCAD08/Int/memory1/FIREFLY_rt_e3_1770_e2_637.lus,base,0.493,4,508,10,2,0,Not Found,valid,9 7 4,0.852
/home/ubuntu/Lustre-exp/kind2-benchmarks/FMCAD08/Int/memory1/FIREFLY_rt.lus,l2l1,0.575,5,679,12,2,3,Not Found,valid,13 11 8 4,0.893
/home/ubuntu/Lustre-exp/kind2-benchmarks/FMCAD08/Int/memory1/FIREFLY_u1_e2_3403_e2_957.lus,base,1.171,4,1183,15,2,0,Not Found,valid,24 16 8,1.530
/home/ubuntu/Lustre-exp/kind2-benchmarks/FMCAD08/Int/memory1/FIREFLY_u1_e7_3318.lus,base,0.067,1,24,3,0,0,Not Found,invalid,1,0.436
/home/ubuntu/Lustre-exp/kind2-benchmarks/FMCAD08/Int/memory1/FIREFLY_u1.lus,base,1.008,6,1170,13,2,0,Not Found,valid,16 14 13 11 7,1.359
/home/ubuntu/Lustre-exp/kind2-benchmarks/FMCAD08/Int/memory2/ILLINOIS_1.lus,base,0.051,2,41,2,0,0,Not Found,valid,2,0.398
/home/ubuntu/Lustre-exp/kind2-benchmarks/FMCAD08/Int/memory2/ILLINOIS_2_e1_834_e1_1895.lus,base,0.015,0,2,0,0,0,Not Found,invalid,Not Found,0.384
/home/ubuntu/Lustre-exp/kind2-benchmarks/FMCAD08/Int/memory2/ILLINOIS_2_e1_834_e2_3395.lus,base,0.035,2,20,1,0,0,Not Found,valid,1,0.391
/home/ubuntu/Lustre-exp/kind2-benchmarks/FMCAD08/Int/memory2/ILLINOIS_2_e1_834_e3_2931.lus,base,0.019,0,2,0,0,0,Not Found,invalid,Not Found,0.375
/home/ubuntu/Lustre-exp/kind2-benchmarks/FMCAD08/Int/memory1/FIREFLY_luke_1a_e2_284_e1_2924.lus,base,0.313,4,386,6,1,0,Not Found,timeout,7 6 4 2,290.222
/home/ubuntu/Lustre-exp/kind2-benchmarks/FMCAD08/Int/memory1/FIREFLY_luke_1a_e2_284_e2_2755.lus,base,0.354,4,423,7,2,0,Not Found,timeout,8 7 5 3,290.283
/home/ubuntu/Lustre-exp/kind2-benchmarks/FMCAD08/Int/memory1/FIREFLY_luke_1a_e2_284_e3_3091.lus,base,0.321,4,395,6,2,0,Not Found,timeout,7 6 4 2,290.219
/home/ubuntu/Lustre-exp/kind2-benchmarks/FMCAD08/Int/memory2/ILLINOIS_2_e1_834_e7_3738.lus,l2l1,0.013,0,2,0,0,0,Not Found,invalid,Not Found,0.375
/home/ubuntu/Lustre-exp/kind2-benchmarks/FMCAD08/Int/memory2/ILLINOIS_2_e1_834.lus,base,0.014,0,2,0,0,0,Not Found,invalid,Not Found,0.371
/home/ubuntu/Lustre-exp/kind2-benchmarks/FMCAD08/Int/memory2/ILLINOIS_2_e2_2367_e1_3182.lus,base,0.034,2,22,1,0,0,Not Found,valid,1,0.377
/home/ubuntu/Lustre-exp/kind2-benchmarks/FMCAD08/Int/memory2/ILLINOIS_2_e2_2367_e2_1561.lus,l2l1,0.016,0,2,0,0,0,Not Found,invalid,Not Found,0.374
/home/ubuntu/Lustre-exp/kind2-benchmarks/FMCAD08/Int/memory2/ILLINOIS_2_e2_2367_e3_1601.lus,base,0.012,0,2,0,0,0,Not Found,invalid,Not Found,0.368
/home/ubuntu/Lustre-exp/kind2-benchmarks/FMCAD08/Int/memory2/ILLINOIS_2_e2_2367_e7_2728.lus,l2l1,0.016,0,2,0,0,0,Not Found,invalid,Not Found,0.368
/home/ubuntu/Lustre-exp/kind2-benchmarks/FMCAD08/Int/memory2/ILLINOIS_2_e2_876.lus,l2l1,0.014,0,2,0,0,0,Not Found,invalid,Not Found,0.381
/home/ubuntu/Lustre-exp/kind2-benchmarks/FMCAD08/Int/memory2/ILLINOIS_2.lus,base,0.031,2,22,1,0,0,Not Found,valid,1,0.377
/home/ubuntu/Lustre-exp/kind2-benchmarks/FMCAD08/Int/memory2/ILLINOIS_3_e3_2581_e1_1130.lus,l2l1,0.012,0,1,0,0,0,Not Found,invalid,Not Found,0.370
/home/ubuntu/Lustre-exp/kind2-benchmarks/FMCAD08/Int/memory2/ILLINOIS_3_e3_2581_e2_2545.lus,base,0.011,0,1,0,0,0,Not Found,invalid,Not Found,0.360
/home/ubuntu/Lustre-exp/kind2-benchmarks/FMCAD08/Int/memory2/ILLINOIS_3_e3_2581_e3_979.lus,l2l1,0.015,0,2,0,0,0,Not Found,invalid,Not Found,0.371
/home/ubuntu/Lustre-exp/kind2-benchmarks/FMCAD08/Int/memory2/ILLINOIS_3_e3_2581_e4_958.lus,l2l1,0.011,0,1,0,0,0,Not Found,invalid,Not Found,0.361
/home/ubuntu/Lustre-exp/kind2-benchmarks/FMCAD08/Int/memory2/ILLINOIS_3_e3_2581_e5_4006.lus,l2l1,0.012,0,1,0,0,0,Not Found,invalid,Not Found,0.368
/home/ubuntu/Lustre-exp/kind2-benchmarks/FMCAD08/Int/memory2/ILLINOIS_3_e3_2581_e7_3447.lus,l2l1,0.015,0,2,0,0,0,Not Found,invalid,Not Found,0.381
/home/ubuntu/Lustre-exp/kind2-benchmarks/FMCAD08/Int/memory2/ILLINOIS_3_e3_2581.lus,l2l1,0.014,0,2,0,0,0,Not Found,invalid,Not Found,0.373
/home/ubuntu/Lustre-exp/kind2-benchmarks/FMCAD08/Int/memory2/ILLINOIS_3.lus,l2l1,0.040,2,24,1,0,0,Not Found,valid,1,0.390
/home/ubuntu/Lustre-exp/kind2-benchmarks/FMCAD08/Int/memory2/ILLINOIS_4_e7_2651_e7_2847.lus,l2l1,0.036,2,27,1,0,0,Not Found,valid,1,0.391
/home/ubuntu/Lustre-exp/kind2-benchmarks/FMCAD08/Int/memory2/ILLINOIS_4.lus,base,0.052,2,41,2,0,0,Not Found,valid,2,0.419
/home/ubuntu/Lustre-exp/kind2-benchmarks/FMCAD08/Int/memory2/ILLINOIS_5_e7_692_e7_2865.lus,l2l1,0.032,2,25,1,0,0,Not Found,valid,1,0.377
/home/ubuntu/Lustre-exp/kind2-benchmarks/FMCAD08/Int/memory2/ILLINOIS_5.lus,l2l1,0.037,2,25,1,0,0,Not Found,valid,1,0.386
/home/ubuntu/Lustre-exp/kind2-benchmarks/FMCAD08/Int/memory2/ILLINOIS_all.lus,base,0.126,2,85,5,0,0,Not Found,valid,5,0.483
/home/ubuntu/Lustre-exp/kind2-benchmarks/FMCAD08/Int/memory2/MESI_1_e2_162_e7_1545.lus,base,0.026,2,27,1,0,0,Not Found,valid,1,0.368
/home/ubuntu/Lustre-exp/kind2-benchmarks/FMCAD08/Int/memory2/ILLINOIS_a1.lus,l2l1,0.354,4,417,9,3,0,Not Found,valid,8 6 3,0.691
/home/ubuntu/Lustre-exp/kind2-benchmarks/FMCAD08/Int/memory2/MESI_1.lus,base,0.029,2,41,2,0,0,Not Found,valid,2,0.376
/home/ubuntu/Lustre-exp/kind2-benchmarks/FMCAD08/Int/memory2/MESI_2.lus,l2l1,0.026,2,25,1,0,0,Not Found,valid,1,0.366
/home/ubuntu/Lustre-exp/kind2-benchmarks/FMCAD08/Int/memory2/ILLINOIS_r4a.lus,base,0.697,4,756,14,3,1,Not Found,valid,19 15 8,1.057
/home/ubuntu/Lustre-exp/kind2-benchmarks/FMCAD08/Int/memory2/MESI_3_e2_819_e2_562.lus,base,0.018,0,2,0,0,0,Not Found,invalid,Not Found,0.360
/home/ubuntu/Lustre-exp/kind2-benchmarks/FMCAD08/Int/memory2/MESI_3_e2_819_e3_2698.lus,l2l1,0.014,0,2,0,0,0,Not Found,invalid,Not Found,0.374
/home/ubuntu/Lustre-exp/kind2-benchmarks/FMCAD08/Int/memory2/MESI_3_e2_819_e1_1145.lus,base,0.312,3,235,10,0,0,Not Found,valid,4 3,0.661
/home/ubuntu/Lustre-exp/kind2-benchmarks/FMCAD08/Int/memory2/MESI_3_e1_2517_e8_2163.lus,l2l1,0.690,5,635,13,0,0,Not Found,valid,7 4 1 0,0.989
/home/ubuntu/Lustre-exp/kind2-benchmarks/FMCAD08/Int/memory2/MESI_3_e2_819_e5_2554.lus,base,0.015,0,2,0,0,0,Not Found,invalid,Not Found,0.358
/home/ubuntu/Lustre-exp/kind2-benchmarks/FMCAD08/Int/memory2/MESI_3_e2_819_e4_1595.lus,base,0.271,3,235,10,0,0,Not Found,valid,4 3,0.613
/home/ubuntu/Lustre-exp/kind2-benchmarks/FMCAD08/Int/memory2/MESI_3_e2_819_e7_1665.lus,l2l1,0.019,0,2,0,0,0,Not Found,invalid,Not Found,0.362
/home/ubuntu/Lustre-exp/kind2-benchmarks/FMCAD08/Int/memory2/MESI_3_e2_819_e8_1896.lus,l2l1,0.015,0,2,0,0,0,Not Found,invalid,Not Found,0.359
/home/ubuntu/Lustre-exp/kind2-benchmarks/FMCAD08/Int/memory2/MESI_3_e2_819.lus,l2l1,0.016,0,2,0,0,0,Not Found,invalid,Not Found,0.370
/home/ubuntu/Lustre-exp/kind2-benchmarks/FMCAD08/Int/memory2/MESI_3_e2_819_e6_1459.lus,l2l1,0.513,4,451,13,0,0,Not Found,valid,5 1 0,0.829
/home/ubuntu/Lustre-exp/kind2-benchmarks/FMCAD08/Int/memory2/MESI_4_e7_1140_e7_433.lus,base,0.029,2,27,1,0,0,Not Found,valid,1,0.371
/home/ubuntu/Lustre-exp/kind2-benchmarks/FMCAD08/Int/memory2/MESI_3_e3_2669.lus,base,0.386,3,355,13,0,0,Not Found,valid,8 5,0.732
/home/ubuntu/Lustre-exp/kind2-benchmarks/FMCAD08/Int/memory2/MESI_4.lus,base,0.056,3,83,2,0,0,Not Found,valid,1 0,0.399
/home/ubuntu/Lustre-exp/kind2-benchmarks/FMCAD08/Int/memory2/MESI_3.lus,base,0.266,3,235,10,0,0,Not Found,valid,4 3,0.611
/home/ubuntu/Lustre-exp/kind2-benchmarks/FMCAD08/Int/memory2/MESI_all_e4_1147_e7_497.lus,base,0.039,2,60,3,0,0,Not Found,valid,3,0.375
/home/ubuntu/Lustre-exp/kind2-benchmarks/FMCAD08/Int/memory2/MESI_all.lus,base,0.060,2,74,4,0,0,Not Found,valid,4,0.401
/home/ubuntu/Lustre-exp/kind2-benchmarks/FMCAD08/Int/memory2/MESI_i1_e2_1758_e8_12.lus,l2l1,0.010,0,2,0,0,0,Not Found,invalid,Not Found,0.347
/home/ubuntu/Lustre-exp/kind2-benchmarks/FMCAD08/Int/memory2/MESI_i1_e2_2656.lus,l2l1,0.012,0,2,0,0,0,Not Found,invalid,Not Found,0.359
/home/ubuntu/Lustre-exp/kind2-benchmarks/FMCAD08/Int/memory2/MESI_i1_e3_2145_e1_2667.lus,l2l1,0.009,0,2,0,0,0,Not Found,invalid,Not Found,0.347
/home/ubuntu/Lustre-exp/kind2-benchmarks/FMCAD08/Int/memory2/MESI_i1_e3_2145_e2_2228.lus,l2l1,0.010,0,2,0,0,0,Not Found,invalid,Not Found,0.359
/home/ubuntu/Lustre-exp/kind2-benchmarks/FMCAD08/Int/memory2/MESI_i1_e3_2145_e3_977.lus,l2l1,0.011,0,2,0,0,0,Not Found,invalid,Not Found,0.355
/home/ubuntu/Lustre-exp/kind2-benchmarks/FMCAD08/Int/memory2/MESI_i1_e3_2145_e4_1717.lus,l2l1,0.011,0,2,0,0,0,Not Found,invalid,Not Found,0.358
/home/ubuntu/Lustre-exp/kind2-benchmarks/FMCAD08/Int/memory2/MESI_i1_e3_2145_e5_2391.lus,base,0.009,0,2,0,0,0,Not Found,invalid,Not Found,0.347
/home/ubuntu/Lustre-exp/kind2-benchmarks/FMCAD08/Int/memory2/MESI_i1_e3_2145_e7_1847.lus,l2l1,0.012,0,2,0,0,0,Not Found,invalid,Not Found,0.348
/home/ubuntu/Lustre-exp/kind2-benchmarks/FMCAD08/Int/memory2/MESI_i1_e3_2145_e8_2325.lus,l2l1,0.013,0,2,0,0,0,Not Found,invalid,Not Found,0.358
/home/ubuntu/Lustre-exp/kind2-benchmarks/FMCAD08/Int/memory2/MESI_i1_e3_2145.lus,l2l1,0.010,0,2,0,0,0,Not Found,invalid,Not Found,0.346
/home/ubuntu/Lustre-exp/kind2-benchmarks/FMCAD08/Int/memory2/MESI_i1_e4_1986_e1_1519.lus,base,0.026,1,15,2,0,0,Not Found,invalid,0,0.366
/home/ubuntu/Lustre-exp/kind2-benchmarks/FMCAD08/Int/memory2/MESI_i1_e4_1986.lus,l2l1,0.010,0,2,0,0,0,Not Found,invalid,Not Found,0.349
/home/ubuntu/Lustre-exp/kind2-benchmarks/FMCAD08/Int/memory2/MESI_i1.lus,base,0.008,0,2,0,0,0,Not Found,invalid,Not Found,0.356
/home/ubuntu/Lustre-exp/kind2-benchmarks/FMCAD08/Int/memory2/MESI_i2.lus,l2l1,0.024,1,9,1,0,0,Not Found,invalid,0,0.355
/home/ubuntu/Lustre-exp/kind2-benchmarks/FMCAD08/Int/memory2/MESI_i3_e1_447_e2_1098.lus,base,0.010,0,2,0,0,0,Not Found,invalid,Not Found,0.347
/home/ubuntu/Lustre-exp/kind2-benchmarks/FMCAD08/Int/memory2/MESI_i3_e1_447_e1_1292.lus,base,0.084,3,147,5,1,0,Not Found,valid,7 4,0.426
/home/ubuntu/Lustre-exp/kind2-benchmarks/FMCAD08/Int/memory2/MESI_i3_e1_447_e3_1180.lus,l2l1,0.031,2,39,2,0,0,Not Found,valid,2,0.366
/home/ubuntu/Lustre-exp/kind2-benchmarks/FMCAD08/Int/memory2/MESI_i3_e1_447_e5_2444.lus,base,0.010,0,2,0,0,0,Not Found,invalid,Not Found,0.357
/home/ubuntu/Lustre-exp/kind2-benchmarks/FMCAD08/Int/memory2/MESI_i3_e1_447_e7_2194.lus,l2l1,0.057,2,55,4,1,0,Not Found,invalid,2 1,0.390
/home/ubuntu/Lustre-exp/kind2-benchmarks/FMCAD08/Int/memory2/MESI_i3_e1_447_e6_2281.lus,l2l1,0.109,3,187,5,1,0,Not Found,valid,7 4,0.453
/home/ubuntu/Lustre-exp/kind2-benchmarks/FMCAD08/Int/memory2/MESI_i3_e1_447.lus,l2l1,0.061,2,52,4,1,0,Not Found,invalid,2 1,0.393
/home/ubuntu/Lustre-exp/kind2-benchmarks/FMCAD08/Int/memory2/MESI_i3.lus,base,0.009,0,2,0,0,0,Not Found,invalid,Not Found,0.360
/home/ubuntu/Lustre-exp/kind2-benchmarks/FMCAD08/Int/memory2/MESI_i4_e4_1689.lus,l2l1,0.229,2,258,10,1,0,Not Found,invalid,11 4,0.550
/home/ubuntu/Lustre-exp/kind2-benchmarks/FMCAD08/Int/memory2/MESI_i4_e8_1381_e1_1837.lus,l2l1,0.138,2,123,7,1,0,Not Found,invalid,6 2,0.461
/home/ubuntu/Lustre-exp/kind2-benchmarks/FMCAD08/Int/memory2/MESI_i4_e6_2175.lus,l2l1,0.469,5,698,15,2,3,Not Found,valid,15 13 10 6,0.783
/home/ubuntu/Lustre-exp/kind2-benchmarks/FMCAD08/Int/memory2/MESI_i4_e7_1017_e6_1132.lus,l2l1,0.503,4,738,16,2,0,Not Found,valid,18 15 7,0.790
/home/ubuntu/Lustre-exp/kind2-benchmarks/FMCAD08/Int/memory2/MESI_i4.lus,base,0.080,2,83,5,1,0,Not Found,invalid,4 2,0.417
/home/ubuntu/Lustre-exp/kind2-benchmarks/FMCAD08/Int/memory2/MESI_i4_e8_1381_e4_313.lus,l2l1,0.126,2,146,7,1,0,Not Found,invalid,7 2,0.440
/home/ubuntu/Lustre-exp/kind2-benchmarks/FMCAD08/Int/memory2/MOESI_1_e2_982_e7_492.lus,l2l1,0.034,2,41,2,0,0,Not Found,valid,2,0.376
/home/ubuntu/Lustre-exp/kind2-benchmarks/FMCAD08/Int/memory2/MOESI_1_e3_1884_e7_1875.lus,base,0.035,2,41,2,0,0,Not Found,valid,2,0.388
/home/ubuntu/Lustre-exp/kind2-benchmarks/FMCAD08/Int/memory2/MOESI_1.lus,l2l1,0.032,2,41,2,0,0,Not Found,valid,2,0.366
/home/ubuntu/Lustre-exp/kind2-benchmarks/FMCAD08/Int/memory2/MOESI_2_e1_1753_e1_1510.lus,l2l1,0.013,0,2,0,0,0,Not Found,invalid,Not Found,0.370
/home/ubuntu/Lustre-exp/kind2-benchmarks/FMCAD08/Int/memory2/MOESI_2_e1_1753_e2_615.lus,l2l1,0.015,0,2,0,0,0,Not Found,invalid,Not Found,0.350
/home/ubuntu/Lustre-exp/kind2-benchmarks/FMCAD08/Int/memory2/MOESI_2_e1_1753_e3_2021.lus,base,0.031,1,15,2,0,0,Not Found,invalid,0,0.371
/home/ubuntu/Lustre-exp/kind2-benchmarks/FMCAD08/Int/memory2/MOESI_2_e1_1753.lus,base,0.024,2,20,1,0,0,Not Found,valid,1,0.377
/home/ubuntu/Lustre-exp/kind2-benchmarks/FMCAD08/Int/memory2/MOESI_2_e2_155.lus,l2l1,0.031,2,20,1,0,0,Not Found,valid,1,0.367
/home/ubuntu/Lustre-exp/kind2-benchmarks/FMCAD08/Int/memory2/MOESI_2_e2_1599_e1_2383.lus,l2l1,0.011,0,2,0,0,0,Not Found,invalid,Not Found,0.351
/home/ubuntu/Lustre-exp/kind2-benchmarks/FMCAD08/Int/memory2/MOESI_2_e2_1599_e2_1815.lus,l2l1,0.012,0,2,0,0,0,Not Found,invalid,Not Found,0.351
/home/ubuntu/Lustre-exp/kind2-benchmarks/FMCAD08/Int/memory2/MOESI_2_e2_1599_e3_1658.lus,base,0.031,1,15,2,0,0,Not Found,invalid,0,0.378
/home/ubuntu/Lustre-exp/kind2-benchmarks/FMCAD08/Int/memory2/MOESI_2_e2_1599_e8_1334.lus,l2l1,0.030,2,20,1,0,0,Not Found,valid,1,0.376
/home/ubuntu/Lustre-exp/kind2-benchmarks/FMCAD08/Int/memory2/MOESI_2_e3_929_e1_2319.lus,base,0.011,0,2,0,0,0,Not Found,invalid,Not Found,0.361
/home/ubuntu/Lustre-exp/kind2-benchmarks/FMCAD08/Int/memory2/MOESI_2_e3_929_e2_2421.lus,base,0.010,0,2,0,0,0,Not Found,invalid,Not Found,0.361
/home/ubuntu/Lustre-exp/kind2-benchmarks/FMCAD08/Int/memory2/MOESI_2_e3_929_e4_578.lus,l2l1,0.026,2,20,1,0,0,Not Found,valid,1,0.365
/home/ubuntu/Lustre-exp/kind2-benchmarks/FMCAD08/Int/memory2/MOESI_2_e3_929_e3_2294.lus,base,0.035,1,17,2,0,0,Not Found,invalid,0,0.388
/home/ubuntu/Lustre-exp/kind2-benchmarks/FMCAD08/Int/memory2/MOESI_2_e3_929_e5_1826.lus,l2l1,0.022,2,20,1,0,0,Not Found,valid,1,0.368
/home/ubuntu/Lustre-exp/kind2-benchmarks/FMCAD08/Int/memory2/MOESI_2_e3_929_e6_2707.lus,l2l1,0.022,2,20,1,0,0,Not Found,valid,1,0.356
/home/ubuntu/Lustre-exp/kind2-benchmarks/FMCAD08/Int/memory2/MOESI_2_e3_929_e7_619.lus,l2l1,0.014,0,2,0,0,0,Not Found,invalid,Not Found,0.360
/home/ubuntu/Lustre-exp/kind2-benchmarks/FMCAD08/Int/memory2/MOESI_2_e3_929_e8_1167.lus,l2l1,0.031,2,22,1,0,0,Not Found,valid,1,0.374
/home/ubuntu/Lustre-exp/kind2-benchmarks/FMCAD08/Int/memory2/MOESI_2_e3_929.lus,base,0.021,2,20,1,0,0,Not Found,valid,1,0.356
/home/ubuntu/Lustre-exp/kind2-benchmarks/FMCAD08/Int/memory2/MOESI_2_e7_2607.lus,l2l1,0.012,0,2,0,0,0,Not Found,invalid,Not Found,0.357
/home/ubuntu/Lustre-exp/kind2-benchmarks/FMCAD08/Int/memory2/MOESI_2_e7_2910_e1_1021.lus,l2l1,0.013,0,2,0,0,0,Not Found,invalid,Not Found,0.358
/home/ubuntu/Lustre-exp/kind2-benchmarks/FMCAD08/Int/memory2/MOESI_2_e7_2910_e2_611.lus,l2l1,0.012,0,2,0,0,0,Not Found,invalid,Not Found,0.365
/home/ubuntu/Lustre-exp/kind2-benchmarks/FMCAD08/Int/memory2/MOESI_2_e7_2910_e7_1804.lus,l2l1,0.012,0,2,0,0,0,Not Found,invalid,Not Found,0.360
/home/ubuntu/Lustre-exp/kind2-benchmarks/FMCAD08/Int/memory2/MOESI_2_e8_101.lus,l2l1,0.023,2,22,1,0,0,Not Found,valid,1,0.364
/home/ubuntu/Lustre-exp/kind2-benchmarks/FMCAD08/Int/memory2/MOESI_2_e8_926_e1_1065.lus,l2l1,0.027,2,20,1,0,0,Not Found,valid,1,0.376
/home/ubuntu/Lustre-exp/kind2-benchmarks/FMCAD08/Int/memory2/MOESI_2_e8_926_e7_961.lus,base,0.011,0,2,0,0,0,Not Found,invalid,Not Found,0.360
/home/ubuntu/Lustre-exp/kind2-benchmarks/FMCAD08/Int/memory2/MOESI_2_e8_926_e8_2138.lus,l2l1,0.025,2,22,1,0,0,Not Found,valid,1,0.380
/home/ubuntu/Lustre-exp/kind2-benchmarks/FMCAD08/Int/memory2/MOESI_2.lus,l2l1,0.025,2,20,1,0,0,Not Found,valid,1,0.378
/home/ubuntu/Lustre-exp/kind2-benchmarks/FMCAD08/Int/memory2/MOESI_all_e3_2032_e3_2788.lus,base,0.023,1,9,1,0,0,Not Found,invalid,0,0.373
/home/ubuntu/Lustre-exp/kind2-benchmarks/FMCAD08/Int/memory2/MOESI_all.lus,l2l1,0.060,2,51,3,0,0,Not Found,valid,3,0.407
/home/ubuntu/Lustre-exp/kind2-benchmarks/FMCAD08/Int/memory2/SYNAPSE_123_e2_1653.lus,l2l1,0.010,0,2,0,0,0,Not Found,invalid,Not Found,0.355
/home/ubuntu/Lustre-exp/kind2-benchmarks/FMCAD08/Int/memory2/SYNAPSE_123_e3_302_e1_1141.lus,base,0.044,1,27,3,0,0,Not Found,invalid,1,0.380
/home/ubuntu/Lustre-exp/kind2-benchmarks/FMCAD08/Int/memory2/SYNAPSE_123_e3_302.lus,l2l1,0.035,1,27,3,0,0,Not Found,invalid,1,0.380
/home/ubuntu/Lustre-exp/kind2-benchmarks/FMCAD08/Int/memory2/SYNAPSE_123_e7_837_e2_1394.lus,l2l1,0.012,0,2,0,0,0,Not Found,invalid,Not Found,0.358
/home/ubuntu/Lustre-exp/kind2-benchmarks/FMCAD08/Int/memory2/SYNAPSE_123_e7_837_e3_135.lus,base,0.035,1,27,3,0,0,Not Found,invalid,1,0.379
/home/ubuntu/Lustre-exp/kind2-benchmarks/FMCAD08/Int/memory2/SYNAPSE_123_e7_837_e7_1262.lus,l2l1,0.037,2,51,3,0,0,Not Found,valid,3,0.383
/home/ubuntu/Lustre-exp/kind2-benchmarks/FMCAD08/Int/memory2/SYNAPSE_123_e8_953_e1_1128.lus,base,0.011,0,2,0,0,0,Not Found,invalid,Not Found,0.345
/home/ubuntu/Lustre-exp/kind2-benchmarks/FMCAD08/Int/memory2/SYNAPSE_123_e7_856.lus,l2l1,0.038,2,49,3,0,0,Not Found,valid,3,0.377
/home/ubuntu/Lustre-exp/kind2-benchmarks/FMCAD08/Int/memory2/SYNAPSE_123_e8_953_e2_458.lus,base,0.009,0,2,0,0,0,Not Found,invalid,Not Found,0.347
/home/ubuntu/Lustre-exp/kind2-benchmarks/FMCAD08/Int/memory2/SYNAPSE_123_e8_953_e3_271.lus,base,0.040,1,27,3,0,0,Not Found,invalid,1,0.379
/home/ubuntu/Lustre-exp/kind2-benchmarks/FMCAD08/Int/memory2/SYNAPSE_123_e8_953_e7_1465.lus,base,0.042,2,47,3,0,0,Not Found,valid,3,0.375
/home/ubuntu/Lustre-exp/kind2-benchmarks/FMCAD08/Int/memory2/SYNAPSE_123_e8_953_e8_941.lus,base,0.040,2,49,3,0,0,Not Found,valid,3,0.386
/home/ubuntu/Lustre-exp/kind2-benchmarks/FMCAD08/Int/memory2/SYNAPSE_123_e8_953.lus,l2l1,0.049,2,49,3,0,0,Not Found,valid,3,0.385
/home/ubuntu/Lustre-exp/kind2-benchmarks/FMCAD08/Int/memory2/SYNAPSE_123.lus,l2l1,0.041,2,49,3,0,0,Not Found,valid,3,0.375
/home/ubuntu/Lustre-exp/kind2-benchmarks/FMCAD08/Int/memory2/SYNAPSE_2_e1_1239_e1_1331.lus,l2l1,0.011,0,2,0,0,0,Not Found,invalid,Not Found,0.345
/home/ubuntu/Lustre-exp/kind2-benchmarks/FMCAD08/Int/memory2/SYNAPSE_1.lus,l2l1,0.021,2,25,1,0,0,Not Found,valid,1,0.364
/home/ubuntu/Lustre-exp/kind2-benchmarks/FMCAD08/Int/memory2/SYNAPSE_2_e1_1239_e2_74.lus,l2l1,0.010,0,2,0,0,0,Not Found,invalid,Not Found,0.346
/home/ubuntu/Lustre-exp/kind2-benchmarks/FMCAD08/Int/memory2/SYNAPSE_2_e1_1239.lus,l2l1,0.011,0,2,0,0,0,Not Found,invalid,Not Found,0.348
/home/ubuntu/Lustre-exp/kind2-benchmarks/FMCAD08/Int/memory2/SYNAPSE_2_e8_1118_e1_667.lus,l2l1,0.011,0,2,0,0,0,Not Found,invalid,Not Found,0.344
/home/ubuntu/Lustre-exp/kind2-benchmarks/FMCAD08/Int/memory2/SYNAPSE_2_e3_216.lus,base,0.020,1,9,1,0,0,Not Found,invalid,0,0.358
/home/ubuntu/Lustre-exp/kind2-benchmarks/FMCAD08/Int/memory2/SYNAPSE_2_e8_1118_e2_237.lus,l2l1,0.009,0,2,0,0,0,Not Found,invalid,Not Found,0.346
/home/ubuntu/Lustre-exp/kind2-benchmarks/FMCAD08/Int/memory2/SYNAPSE_2_e8_1118_e3_1216.lus,base,0.029,1,15,2,0,0,Not Found,invalid,0,0.366
/home/ubuntu/Lustre-exp/kind2-benchmarks/FMCAD08/Int/memory2/SYNAPSE_2_e8_1118_e7_1043.lus,base,0.016,2,20,1,0,0,Not Found,valid,1,0.354
/home/ubuntu/Lustre-exp/kind2-benchmarks/FMCAD08/Int/memory2/SYNAPSE_2_e8_1118_e8_1177.lus,base,0.019,2,20,1,0,0,Not Found,valid,1,0.355
/home/ubuntu/Lustre-exp/kind2-benchmarks/FMCAD08/Int/memory2/SYNAPSE_2_e8_656.lus,base,0.018,2,20,1,0,0,Not Found,valid,1,0.357
/home/ubuntu/Lustre-exp/kind2-benchmarks/FMCAD08/Int/memory2/SYNAPSE_2.lus,base,0.018,2,20,1,0,0,Not Found,valid,1,0.354
/home/ubuntu/Lustre-exp/kind2-benchmarks/FMCAD08/Int/memory2/SYNAPSE_3_e1_1416_e1_1675.lus,l2l1,0.010,0,2,0,0,0,Not Found,invalid,Not Found,0.347
/home/ubuntu/Lustre-exp/kind2-benchmarks/FMCAD08/Int/memory2/SYNAPSE_3_e1_1416_e2_753.lus,l2l1,0.011,0,2,0,0,0,Not Found,invalid,Not Found,0.346
/home/ubuntu/Lustre-exp/kind2-benchmarks/FMCAD08/Int/memory2/SYNAPSE_3_e1_1416_e3_1191.lus,l2l1,0.010,0,2,0,0,0,Not Found,invalid,Not Found,0.344
/home/ubuntu/Lustre-exp/kind2-benchmarks/FMCAD08/Int/memory2/SYNAPSE_3_e1_1416_e7_193.lus,l2l1,0.009,0,2,0,0,0,Not Found,invalid,Not Found,0.357
/home/ubuntu/Lustre-exp/kind2-benchmarks/FMCAD08/Int/memory2/SYNAPSE_3_e1_1416.lus,l2l1,0.010,0,2,0,0,0,Not Found,invalid,Not Found,0.344
/home/ubuntu/Lustre-exp/kind2-benchmarks/FMCAD08/Int/memory2/SYNAPSE_3_e3_1041.lus,l2l1,0.026,1,22,2,0,0,Not Found,invalid,0,0.367
/home/ubuntu/Lustre-exp/kind2-benchmarks/FMCAD08/Int/memory2/SYNAPSE_3_e7_1444_e7_638.lus,base,0.018,2,20,1,0,0,Not Found,valid,1,0.363
/home/ubuntu/Lustre-exp/kind2-benchmarks/FMCAD08/Int/memory2/SYNAPSE_3_e7_425.lus,l2l1,0.020,2,22,1,0,0,Not Found,valid,1,0.357
/home/ubuntu/Lustre-exp/kind2-benchmarks/FMCAD08/Int/memory2/SYNAPSE_3_e8_1329_e1_1270.lus,l2l1,0.009,0,2,0,0,0,Not Found,invalid,Not Found,0.344
/home/ubuntu/Lustre-exp/kind2-benchmarks/FMCAD08/Int/memory2/SYNAPSE_3_e8_1329_e2_236.lus,l2l1,0.010,0,2,0,0,0,Not Found,invalid,Not Found,0.346
/home/ubuntu/Lustre-exp/kind2-benchmarks/FMCAD08/Int/memory2/SYNAPSE_3_e8_1329_e3_421.lus,base,0.031,1,22,2,0,0,Not Found,invalid,0,0.366
/home/ubuntu/Lustre-exp/kind2-benchmarks/FMCAD08/Int/memory2/SYNAPSE_3_e8_1329_e7_1062.lus,l2l1,0.017,2,20,1,0,0,Not Found,valid,1,0.354
/home/ubuntu/Lustre-exp/kind2-benchmarks/FMCAD08/Int/memory2/SYNAPSE_3_e8_1329_e8_320.lus,l2l1,0.022,2,25,1,0,0,Not Found,valid,1,0.352
/home/ubuntu/Lustre-exp/kind2-benchmarks/FMCAD08/Int/memory2/SYNAPSE_3_e8_1708.lus,l2l1,0.027,2,27,1,0,0,Not Found,valid,1,0.366
/home/ubuntu/Lustre-exp/kind2-benchmarks/FMCAD08/Int/memory2/SYNAPSE_3.lus,base,0.020,2,27,1,0,0,Not Found,valid,1,0.356
/home/ubuntu/Lustre-exp/kind2-benchmarks/FMCAD08/Int/memory2/SYNAPSE_4_e8_420_e7_572.lus,l2l1,0.020,2,24,1,0,0,Not Found,valid,1,0.353
/home/ubuntu/Lustre-exp/kind2-benchmarks/FMCAD08/Int/memory2/SYNAPSE_4_e8_420_e8_1525.lus,l2l1,0.022,2,28,1,0,0,Not Found,valid,1,0.351
/home/ubuntu/Lustre-exp/kind2-benchmarks/FMCAD08/Int/memory2/SYNAPSE_4_e8_974.lus,base,0.019,2,28,1,0,0,Not Found,valid,1,0.354
/home/ubuntu/Lustre-exp/kind2-benchmarks/FMCAD08/Int/memory2/SYNAPSE_4.lus,l2l1,0.020,2,28,1,0,0,Not Found,valid,1,0.356
/home/ubuntu/Lustre-exp/kind2-benchmarks/FMCAD08/Int/memory2/SYNAPSE_5_e1_811_e1_823.lus,l2l1,0.016,1,9,1,0,0,Not Found,invalid,0,0.366
/home/ubuntu/Lustre-exp/kind2-benchmarks/FMCAD08/Int/memory2/SYNAPSE_5_e1_811_e2_1026.lus,base,0.017,1,9,1,0,0,Not Found,invalid,0,0.355
/home/ubuntu/Lustre-exp/kind2-benchmarks/FMCAD08/Int/memory2/SYNAPSE_5_e1_811.lus,l2l1,0.018,1,9,1,0,0,Not Found,invalid,0,0.355
/home/ubuntu/Lustre-exp/kind2-benchmarks/FMCAD08/Int/memory2/SYNAPSE_6_e2_1439_e1_954.lus,base,0.087,3,136,4,0,0,Not Found,valid,5 4,0.425
/home/ubuntu/Lustre-exp/kind2-benchmarks/FMCAD08/Int/memory2/SYNAPSE_6_e3_1666_e5_1558.lus,l2l1,0.104,3,132,5,1,0,Not Found,valid,6 4,0.428
/home/ubuntu/Lustre-exp/kind2-benchmarks/FMCAD08/Int/memory2/SYNAPSE_6_e7_938_e2_1012.lus,l2l1,0.048,2,48,3,0,0,Not Found,valid,3,0.386
/home/ubuntu/Lustre-exp/kind2-benchmarks/FMCAD08/Int/memory2/SYNAPSE_6_e8_1147_e2_1326.lus,l2l1,0.036,2,53,3,0,0,Not Found,valid,3,0.376
/home/ubuntu/Lustre-exp/kind2-benchmarks/FMCAD08/Int/memory2/SYNAPSE_6.lus,l2l1,0.048,2,55,3,0,0,Not Found,valid,3,0.382
/home/ubuntu/Lustre-exp/kind2-benchmarks/FMCAD08/Int/memory2/SYNAPSE_all_e3_1750.lus,l2l1,0.047,1,40,4,0,0,Not Found,invalid,2,0.389
/home/ubuntu/Lustre-exp/kind2-benchmarks/FMCAD08/Int/memory2/SYNAPSE_all_e3_1864_e3_495.lus,l2l1,0.064,1,57,5,0,0,Not Found,invalid,3,0.392
/home/ubuntu/Lustre-exp/kind2-benchmarks/FMCAD08/Int/memory2/SYNAPSE_all_e3_1864_e4_34.lus,l2l1,0.013,0,2,0,0,0,Not Found,invalid,Not Found,0.359
/home/ubuntu/Lustre-exp/kind2-benchmarks/FMCAD08/Int/memory2/SYNAPSE_all_e3_1864_e5_1637.lus,base,0.012,0,2,0,0,0,Not Found,invalid,Not Found,0.367
/home/ubuntu/Lustre-exp/kind2-benchmarks/FMCAD08/Int/memory2/SYNAPSE_all_e3_1864_e7_251.lus,l2l1,0.048,1,22,3,0,0,Not Found,invalid,1,0.379
/home/ubuntu/Lustre-exp/kind2-benchmarks/FMCAD08/Int/memory2/SYNAPSE_all_e7_907_e7_1363.lus,base,0.050,2,54,4,0,0,Not Found,valid,4,0.388
/home/ubuntu/Lustre-exp/kind2-benchmarks/FMCAD08/Int/memory2/SYNAPSE_all_e7_907.lus,base,0.052,2,72,4,0,0,Not Found,valid,4,0.395
/home/ubuntu/Lustre-exp/kind2-benchmarks/FMCAD08/Int/memory2/SYNAPSE_all_e8_251_e1_1852.lus,l2l1,0.012,0,2,0,0,0,Not Found,invalid,Not Found,0.347
/home/ubuntu/Lustre-exp/kind2-benchmarks/FMCAD08/Int/memory2/SYNAPSE_all_e8_251_e2_1053.lus,base,0.010,0,2,0,0,0,Not Found,invalid,Not Found,0.350
/home/ubuntu/Lustre-exp/kind2-benchmarks/FMCAD08/Int/memory2/SYNAPSE_all_e8_251_e3_1472.lus,l2l1,0.024,1,9,1,0,0,Not Found,invalid,0,0.366
/home/ubuntu/Lustre-exp/kind2-benchmarks/FMCAD08/Int/memory2/SYNAPSE_all_e8_251.lus,l2l1,0.064,2,72,4,0,0,Not Found,valid,4,0.404
/home/ubuntu/Lustre-exp/kind2-benchmarks/FMCAD08/Int/memory2/SYNAPSE_all.lus,base,0.048,2,68,4,0,0,Not Found,valid,4,0.386
/home/ubuntu/Lustre-exp/kind2-benchmarks/FMCAD08/Int/memory2/SYNAPSE_i1.lus,l2l1,0.009,0,2,0,0,0,Not Found,invalid,Not Found,0.346
/home/ubuntu/Lustre-exp/kind2-benchmarks/FMCAD08/Int/misc/_6countern.lus,base,0.006,0,1,0,0,0,Not Found,invalid,Not Found,0.339
/home/ubuntu/Lustre-exp/kind2-benchmarks/FMCAD08/Int/memory1/FIREFLY_luke_1a.lus,base,0.278,4,356,5,1,0,Not Found,timeout,6 5 3 2,290.278
/home/ubuntu/Lustre-exp/kind2-benchmarks/FMCAD08/Int/misc/_6counters_e8_371_e2_80.lus,l2l1,0.008,2,12,0,0,0,Not Found,valid,0,0.340
/home/ubuntu/Lustre-exp/kind2-benchmarks/FMCAD08/Int/memory1/FIREFLY_luke_4_e2_325.lus,base,0.074,1,44,3,0,0,Not Found,timeout,3,290.258
/home/ubuntu/Lustre-exp/kind2-benchmarks/FMCAD08/Int/misc/_6counters_e8_371_e7_304.lus,base,0.781,4,995,16,1,0,Not Found,invalid,17 14 11 8,1.112
/home/ubuntu/Lustre-exp/kind2-benchmarks/FMCAD08/Int/misc/_6counters.lus,base,3.971,9,4403,35,4,4,Not Found,invalid,34 32 28 24 21 18 15 11 7,4.321
/home/ubuntu/Lustre-exp/kind2-benchmarks/FMCAD08/Int/misc/durationThm_1_e1_350.lus,l2l1,0.010,0,2,0,0,0,Not Found,invalid,Not Found,0.343
/home/ubuntu/Lustre-exp/kind2-benchmarks/FMCAD08/Int/misc/durationThm_1_e2_3.lus,l2l1,0.023,2,28,1,0,0,Not Found,valid,1,0.352
/home/ubuntu/Lustre-exp/kind2-benchmarks/FMCAD08/Int/misc/durationThm_1_e3_389_e4_294.lus,base,0.021,2,28,1,0,0,Not Found,valid,1,0.353
/home/ubuntu/Lustre-exp/kind2-benchmarks/FMCAD08/Int/misc/durationThm_1_e3_389_e5_5.lus,l2l1,0.023,2,23,1,0,0,Not Found,valid,1,0.363
/home/ubuntu/Lustre-exp/kind2-benchmarks/FMCAD08/Int/misc/durationThm_1_e3_389.lus,l2l1,0.023,2,23,1,0,0,Not Found,valid,1,0.354
/home/ubuntu/Lustre-exp/kind2-benchmarks/FMCAD08/Int/misc/durationThm_1_e7_217_e1_89.lus,l2l1,0.008,0,2,0,0,0,Not Found,invalid,Not Found,0.342
/home/ubuntu/Lustre-exp/kind2-benchmarks/FMCAD08/Int/misc/durationThm_1_e7_217_e2_352.lus,l2l1,0.042,2,48,3,0,0,Not Found,valid,3,0.375
/home/ubuntu/Lustre-exp/kind2-benchmarks/FMCAD08/Int/misc/durationThm_1_e7_217_e3_132.lus,l2l1,0.040,2,46,3,0,0,Not Found,valid,3,0.371
/home/ubuntu/Lustre-exp/kind2-benchmarks/FMCAD08/Int/misc/durationThm_1_e7_217_e7_31.lus,base,0.010,0,2,0,0,0,Not Found,invalid,Not Found,0.342
/home/ubuntu/Lustre-exp/kind2-benchmarks/FMCAD08/Int/misc/durationThm_1_e7_217.lus,base,0.050,1,44,4,0,0,Not Found,invalid,2,0.384
/home/ubuntu/Lustre-exp/kind2-benchmarks/FMCAD08/Int/memory1/FIREFLY_luke_4.lus,base,0.289,4,356,5,1,0,Not Found,timeout,6 5 3 2,290.288
/home/ubuntu/Lustre-exp/kind2-benchmarks/FMCAD08/Int/memory1/FIREFLY_luke_5.lus,base,0.113,1,79,5,0,0,Not Found,timeout,5,290.385
/home/ubuntu/Lustre-exp/kind2-benchmarks/FMCAD08/Int/misc/durationThm_2_e2_63.lus,base,0.033,2,45,3,0,0,Not Found,valid,3,0.378
/home/ubuntu/Lustre-exp/kind2-benchmarks/FMCAD08/Int/misc/durationThm_2_e3_329_e4_1.lus,l2l1,0.038,2,45,3,0,0,Not Found,valid,3,0.374
/home/ubuntu/Lustre-exp/kind2-benchmarks/FMCAD08/Int/misc/durationThm_2_e3_329_e5_124.lus,l2l1,0.032,2,33,2,0,0,Not Found,valid,2,0.377
/home/ubuntu/Lustre-exp/kind2-benchmarks/FMCAD08/Int/misc/durationThm_2_e3_99.lus,base,0.029,2,33,2,0,0,Not Found,valid,2,0.373
/home/ubuntu/Lustre-exp/kind2-benchmarks/FMCAD08/Int/misc/durationThm_2_e7_145_e1_343.lus,l2l1,0.011,0,2,0,0,0,Not Found,invalid,Not Found,0.342
/home/ubuntu/Lustre-exp/kind2-benchmarks/FMCAD08/Int/misc/durationThm_2_e7_145_e2_169.lus,base,0.044,2,58,4,0,0,Not Found,valid,4,0.386
/home/ubuntu/Lustre-exp/kind2-benchmarks/FMCAD08/Int/misc/durationThm_2_e7_145_e3_222.lus,l2l1,0.040,2,45,3,0,0,Not Found,valid,3,0.372
/home/ubuntu/Lustre-exp/kind2-benchmarks/FMCAD08/Int/misc/durationThm_2_e7_145_e7_154.lus,l2l1,0.011,0,2,0,0,0,Not Found,invalid,Not Found,0.355
/home/ubuntu/Lustre-exp/kind2-benchmarks/FMCAD08/Int/memory2/SYNAPSE_5_e2_1525.lus,base,0.033,1,38,3,0,0,Not Found,timeout,3,290.308
/home/ubuntu/Lustre-exp/kind2-benchmarks/FMCAD08/Int/memory2/SYNAPSE_5.lus,base,0.036,1,38,3,0,0,Not Found,timeout,3,290.299
/home/ubuntu/Lustre-exp/kind2-benchmarks/FMCAD08/Int/misc/durationThm_2_e7_149.lus,l2l1,0.010,0,2,0,0,0,Not Found,invalid,Not Found,0.342
/home/ubuntu/Lustre-exp/kind2-benchmarks/FMCAD08/Int/misc/durationThm_3_e1_36.lus,l2l1,0.020,1,9,1,0,0,Not Found,invalid,0,0.354
/home/ubuntu/Lustre-exp/kind2-benchmarks/FMCAD08/Int/misc/durationThm_3_e2_63.lus,l2l1,0.024,2,24,1,0,0,Not Found,valid,1,0.353
/home/ubuntu/Lustre-exp/kind2-benchmarks/FMCAD08/Int/misc/durationThm_3_e3_207.lus,base,0.021,2,24,1,0,0,Not Found,valid,1,0.354
/home/ubuntu/Lustre-exp/kind2-benchmarks/FMCAD08/Int/misc/durationThm_3_e3_442_e4_165.lus,l2l1,0.019,2,24,1,0,0,Not Found,valid,1,0.351
/home/ubuntu/Lustre-exp/kind2-benchmarks/FMCAD08/Int/misc/durationThm_3_e3_442_e5_260.lus,l2l1,0.023,2,24,1,0,0,Not Found,valid,1,0.365
/home/ubuntu/Lustre-exp/kind2-benchmarks/FMCAD08/Int/misc/durationThm_3_e7_334_e1_431.lus,l2l1,0.014,1,9,1,0,0,Not Found,invalid,0,0.366
/home/ubuntu/Lustre-exp/kind2-benchmarks/FMCAD08/Int/misc/durationThm_3_e7_334_e2_62.lus,l2l1,0.048,2,69,4,0,0,Not Found,valid,4,0.382
/home/ubuntu/Lustre-exp/kind2-benchmarks/FMCAD08/Int/misc/durationThm_3_e7_334_e3_42.lus,base,0.045,2,65,4,0,0,Not Found,valid,4,0.383
/home/ubuntu/Lustre-exp/kind2-benchmarks/FMCAD08/Int/misc/durationThm_3_e7_334_e7_118.lus,l2l1,0.008,0,1,0,0,0,Not Found,invalid,Not Found,0.343
/home/ubuntu/Lustre-exp/kind2-benchmarks/FMCAD08/Int/misc/_6counters_e3_140_e8_149.lus,base,0.293,4,595,11,1,1,Not Found,timeout,10 8 6 3,290.283
/home/ubuntu/Lustre-exp/kind2-benchmarks/FMCAD08/Int/misc/durationThm_3_e7_334.lus,base,0.048,2,66,5,1,0,Not Found,invalid,1 0,0.383
/home/ubuntu/Lustre-exp/kind2-benchmarks/FMCAD08/Int/misc/_6counters_e8_371_e1_448.lus,base,0.385,4,652,12,1,1,Not Found,timeout,11 9 7 4,290.345
/home/ubuntu/Lustre-exp/kind2-benchmarks/FMCAD08/Int/misc/ex8_e7_74_e7_740.lus,l2l1,0.014,2,13,0,0,0,Not Found,invalid,0,0.347
/home/ubuntu/Lustre-exp/kind2-benchmarks/FMCAD08/Int/misc/ex3.lus,l2l1,0.049,3,95,3,0,0,Not Found,valid,3 2,0.385
/home/ubuntu/Lustre-exp/kind2-benchmarks/FMCAD08/Int/misc/ex8_e7_74_e8_302.lus,l2l1,0.011,2,13,0,0,0,Not Found,invalid,0,0.346
/home/ubuntu/Lustre-exp/kind2-benchmarks/FMCAD08/Int/misc/ex8_e7_74.lus,l2l1,0.013,2,13,0,0,0,Not Found,invalid,0,0.345
/home/ubuntu/Lustre-exp/kind2-benchmarks/FMCAD08/Int/misc/ex8_e8_220_e7_249.lus,l2l1,0.014,2,13,0,0,0,Not Found,invalid,0,0.346
/home/ubuntu/Lustre-exp/kind2-benchmarks/FMCAD08/Int/misc/ex8_e8_220.lus,l2l1,0.013,2,13,0,0,0,Not Found,invalid,0,0.346
/home/ubuntu/Lustre-exp/kind2-benchmarks/FMCAD08/Int/misc/ex8.lus,base,0.011,2,13,0,0,0,Not Found,invalid,0,0.350
/home/ubuntu/Lustre-exp/kind2-benchmarks/FMCAD08/Int/misc/ticket3i_1_e7_1669.lus,base,0.077,2,54,3,0,0,Not Found,valid,3,0.426
/home/ubuntu/Lustre-exp/kind2-benchmarks/FMCAD08/Int/misc/ticket3i_1.lus,l2l1,0.073,2,56,3,0,0,Not Found,valid,3,0.426
/home/ubuntu/Lustre-exp/kind2-benchmarks/FMCAD08/Int/misc/ticket3i_2.lus,l2l1,0.042,2,24,1,0,0,Not Found,valid,1,0.398
/home/ubuntu/Lustre-exp/kind2-benchmarks/FMCAD08/Int/misc/ticket3i_3_e7_1312_e7_1495.lus,l2l1,0.019,0,2,0,0,0,Not Found,invalid,Not Found,0.384
/home/ubuntu/Lustre-exp/kind2-benchmarks/FMCAD08/Int/misc/ticket3i_3_e7_1312_e8_1916.lus,base,0.036,2,24,1,0,0,Not Found,valid,1,0.391
/home/ubuntu/Lustre-exp/kind2-benchmarks/FMCAD08/Int/misc/ticket3i_3_e7_99.lus,base,0.015,0,2,0,0,0,Not Found,invalid,Not Found,0.373
/home/ubuntu/Lustre-exp/kind2-benchmarks/FMCAD08/Int/misc/ticket3i_3_e8_1703_e7_3491.lus,base,0.016,0,2,0,0,0,Not Found,invalid,Not Found,0.389
/home/ubuntu/Lustre-exp/kind2-benchmarks/FMCAD08/Int/misc/ticket3i_3_e8_1703_e8_2560.lus,base,0.030,2,24,1,0,0,Not Found,valid,1,0.379
/home/ubuntu/Lustre-exp/kind2-benchmarks/FMCAD08/Int/misc/ticket3i_3_e8_1703.lus,l2l1,0.056,2,37,2,0,0,Not Found,valid,2,0.400
/home/ubuntu/Lustre-exp/kind2-benchmarks/FMCAD08/Int/misc/_6counters_e8_371_e3_224.lus,base,0.325,4,595,11,1,1,Not Found,timeout,10 8 6 3,290.278
/home/ubuntu/Lustre-exp/kind2-benchmarks/FMCAD08/Int/misc/ticket3i_3.lus,base,0.031,2,24,1,0,0,Not Found,valid,1,0.390
/home/ubuntu/Lustre-exp/kind2-benchmarks/FMCAD08/Int/misc/ticket3i_4_e7_1775_e7_3320.lus,base,0.050,2,39,2,0,0,Not Found,valid,2,0.411
/home/ubuntu/Lustre-exp/kind2-benchmarks/FMCAD08/Int/misc/ticket3i_4.lus,base,0.047,2,39,2,0,0,Not Found,valid,2,0.399
/home/ubuntu/Lustre-exp/kind2-benchmarks/FMCAD08/Int/misc/ticket3i_5_e7_3307.lus,l2l1,0.064,2,39,2,0,0,Not Found,valid,2,0.419
/home/ubuntu/Lustre-exp/kind2-benchmarks/FMCAD08/Int/misc/ticket3i_5.lus,base,0.043,2,39,2,0,0,Not Found,valid,2,0.400
/home/ubuntu/Lustre-exp/kind2-benchmarks/FMCAD08/Int/misc/ticket3i_6_e7_1096_e7_2688.lus,base,0.045,2,29,2,0,0,Not Found,valid,2,0.390
/home/ubuntu/Lustre-exp/kind2-benchmarks/FMCAD08/Int/misc/ticket3i_6.lus,base,0.055,2,39,2,0,0,Not Found,valid,2,0.400
/home/ubuntu/Lustre-exp/kind2-benchmarks/FMCAD08/Int/misc/ticket3i_7_e1_2192_e1_1852.lus,l2l1,0.193,2,157,9,0,0,Not Found,valid,9,0.543
/home/ubuntu/Lustre-exp/kind2-benchmarks/FMCAD08/Int/misc/ticket3i_7_e2_2724_e7_524.lus,base,0.119,2,105,6,0,0,Not Found,valid,6,0.483
/home/ubuntu/Lustre-exp/kind2-benchmarks/FMCAD08/Int/misc/ticket3i_7_e3_59_e7_2122.lus,base,0.137,2,105,6,0,0,Not Found,valid,6,0.494
/home/ubuntu/Lustre-exp/kind2-benchmarks/FMCAD08/Int/misc/ticket3i_7_e7_3176_e1_2924.lus,base,0.160,2,126,7,0,0,Not Found,valid,7,0.514
/home/ubuntu/Lustre-exp/kind2-benchmarks/FMCAD08/Int/misc/ticket3i_7_e7_3176.lus,l2l1,0.141,2,105,6,0,0,Not Found,valid,6,0.480
/home/ubuntu/Lustre-exp/kind2-benchmarks/FMCAD08/Int/misc/ticket3i_7_e8_2126_e7_78.lus,l2l1,0.124,2,105,6,0,0,Not Found,valid,6,0.473
/home/ubuntu/Lustre-exp/kind2-benchmarks/FMCAD08/Int/misc/ticket3i_7.lus,base,0.109,2,105,6,0,0,Not Found,valid,6,0.472
/home/ubuntu/Lustre-exp/kind2-benchmarks/FMCAD08/Int/misc/ticket3i_all_e1_2706_e7_1776.lus,base,0.123,2,100,6,0,0,Not Found,valid,6,0.482
/home/ubuntu/Lustre-exp/kind2-benchmarks/FMCAD08/Int/misc/ticket3i_all_e2_1117_e7_553.lus,l2l1,0.165,2,139,7,0,0,Not Found,valid,1 0,0.482
/home/ubuntu/Lustre-exp/kind2-benchmarks/FMCAD08/Int/misc/ticket3i_all_e3_557_e7_3464.lus,l2l1,0.155,2,102,6,0,0,Not Found,valid,6,0.491
/home/ubuntu/Lustre-exp/kind2-benchmarks/FMCAD08/Int/misc/ticket3i_all_e7_591.lus,base,0.109,2,100,6,0,0,Not Found,valid,6,0.471
/home/ubuntu/Lustre-exp/kind2-benchmarks/FMCAD08/Int/misc/ticket3i_all_e8_505_e7_2450.lus,l2l1,0.159,2,116,7,0,0,Not Found,valid,7,0.494
/home/ubuntu/Lustre-exp/kind2-benchmarks/FMCAD08/Int/misc/traffic_e7_46_e7_171.lus,l2l1,0.006,0,1,0,0,0,Not Found,invalid,Not Found,0.347
/home/ubuntu/Lustre-exp/kind2-benchmarks/FMCAD08/Int/misc/ticket3i_all.lus,base,0.105,2,107,6,0,0,Not Found,valid,6,0.460
/home/ubuntu/Lustre-exp/kind2-benchmarks/FMCAD08/Int/misc/traffic_e7_46.lus,l2l1,0.008,0,1,0,0,0,Not Found,invalid,Not Found,0.345
/home/ubuntu/Lustre-exp/kind2-benchmarks/FMCAD08/Int/misc/traffic.lus,l2l1,0.024,2,38,2,0,0,Not Found,valid,2,0.361
/home/ubuntu/Lustre-exp/kind2-benchmarks/FMCAD08/Int/misc/two_counters_e1_268.lus,l2l1,0.007,0,2,0,0,0,Not Found,invalid,Not Found,0.344
/home/ubuntu/Lustre-exp/kind2-benchmarks/FMCAD08/Int/misc/two_counters_e2_3.lus,l2l1,0.015,1,9,1,0,0,Not Found,invalid,0,0.355
/home/ubuntu/Lustre-exp/kind2-benchmarks/FMCAD08/Int/misc/two_counters_e3_325.lus,l2l1,0.020,1,17,2,0,0,Not Found,invalid,0,0.353
/home/ubuntu/Lustre-exp/kind2-benchmarks/FMCAD08/Int/misc/two_counters_e7_222.lus,l2l1,0.008,0,2,0,0,0,Not Found,invalid,Not Found,0.344
/home/ubuntu/Lustre-exp/kind2-benchmarks/FMCAD08/Int/protocol/peterson_1_e7_4234.lus,base,0.093,2,38,2,0,0,Not Found,valid,2,0.488
/home/ubuntu/Lustre-exp/kind2-benchmarks/FMCAD08/Int/protocol/peterson_1.lus,base,0.088,2,43,2,0,0,Not Found,valid,2,0.480
/home/ubuntu/Lustre-exp/kind2-benchmarks/FMCAD08/Int/misc/two_counters.lus,l2l1,0.919,6,1541,19,3,5,Not Found,valid,25 23 18 15 9,1.256
/home/ubuntu/Lustre-exp/kind2-benchmarks/FMCAD08/Int/protocol/peterson_2.lus,base,0.097,2,39,2,0,0,Not Found,valid,2,0.466
/home/ubuntu/Lustre-exp/kind2-benchmarks/FMCAD08/Int/protocol/peterson_3.lus,l2l1,0.111,2,43,2,0,0,Not Found,valid,2,0.480
/home/ubuntu/Lustre-exp/kind2-benchmarks/FMCAD08/Int/protocol/peterson_4.lus,base,0.095,2,41,2,0,0,Not Found,valid,2,0.465
/home/ubuntu/Lustre-exp/kind2-benchmarks/FMCAD08/Int/protocol/peterson_all.lus,base,0.184,2,91,5,0,0,Not Found,valid,5,0.549
/home/ubuntu/Lustre-exp/kind2-benchmarks/FMCAD08/Int/misc/twisted_counters.lus,base,2.949,9,3680,28,3,7,Not Found,valid,35 33 28 25 24 22 19 11,3.301
/home/ubuntu/Lustre-exp/kind2-benchmarks/FMCAD08/Int/protocol/readwrit.lus,base,0.047,2,25,1,0,0,Not Found,valid,1,0.393
/home/ubuntu/Lustre-exp/kind2-benchmarks/FMCAD08/Int/protocol/peterson_vt.lus,base,0.233,2,64,5,1,0,Not Found,invalid,2 1,0.621
/home/ubuntu/Lustre-exp/kind2-benchmarks/FMCAD08/Int/protocol/rtp_10_e7_106_e7_2564.lus,l2l1,0.066,2,41,2,0,0,Not Found,valid,2,0.435
/home/ubuntu/Lustre-exp/kind2-benchmarks/FMCAD08/Int/protocol/rtp_10.lus,l2l1,0.048,2,25,1,0,0,Not Found,valid,1,0.418
/home/ubuntu/Lustre-exp/kind2-benchmarks/FMCAD08/Int/protocol/rtp_1.lus,base,0.043,2,27,1,0,0,Not Found,valid,1,0.411
/home/ubuntu/Lustre-exp/kind2-benchmarks/FMCAD08/Int/protocol/rtp_2.lus,base,0.076,2,58,3,0,0,Not Found,valid,3,0.441
/home/ubuntu/Lustre-exp/kind2-benchmarks/FMCAD08/Int/protocol/rtp_3.lus,base,0.065,2,41,2,0,0,Not Found,valid,2,0.420
/home/ubuntu/Lustre-exp/kind2-benchmarks/FMCAD08/Int/protocol/rtp_4.lus,l2l1,0.066,2,43,2,0,0,Not Found,valid,2,0.458
/home/ubuntu/Lustre-exp/kind2-benchmarks/FMCAD08/Int/protocol/rtp_5_e7_3972.lus,base,0.070,2,43,2,0,0,Not Found,valid,2,0.431
/home/ubuntu/Lustre-exp/kind2-benchmarks/FMCAD08/Int/protocol/rtp_5.lus,base,0.045,2,27,1,0,0,Not Found,valid,1,0.410
/home/ubuntu/Lustre-exp/kind2-benchmarks/FMCAD08/Int/protocol/rtp_6.lus,l2l1,0.063,2,41,2,0,0,Not Found,valid,2,0.430
/home/ubuntu/Lustre-exp/kind2-benchmarks/FMCAD08/Int/protocol/rtp_7.lus,l2l1,0.054,2,25,1,0,0,Not Found,valid,1,0.411
/home/ubuntu/Lustre-exp/kind2-benchmarks/FMCAD08/Int/protocol/rtp_8.lus,l2l1,0.078,2,41,2,0,0,Not Found,valid,2,0.433
/home/ubuntu/Lustre-exp/kind2-benchmarks/FMCAD08/Int/protocol/rtp_9.lus,l2l1,0.069,2,41,2,0,0,Not Found,valid,2,0.422
/home/ubuntu/Lustre-exp/kind2-benchmarks/FMCAD08/Int/protocol/rtp_all_e7_2500.lus,base,0.466,2,308,14,0,0,Not Found,valid,14,0.842
/home/ubuntu/Lustre-exp/kind2-benchmarks/FMCAD08/Int/protocol/rtp_all.lus,l2l1,0.403,2,252,12,0,0,Not Found,valid,12,0.771
/home/ubuntu/Lustre-exp/kind2-benchmarks/FMCAD08/Int/protocol/swimmingpool_1_e7_1621.lus,base,0.140,2,89,7,1,0,Not Found,invalid,5 4,0.488
/home/ubuntu/Lustre-exp/kind2-benchmarks/FMCAD08/Int/protocol/swimmingpool_2.lus,base,0.014,0,2,0,0,0,Not Found,invalid,Not Found,0.363
/home/ubuntu/Lustre-exp/kind2-benchmarks/FMCAD08/Int/protocol/swimmingpool_3.lus,l2l1,0.072,1,30,2,0,0,Not Found,invalid,0,0.412
/home/ubuntu/Lustre-exp/kind2-benchmarks/FMCAD08/Int/protocol/swimmingpool_1.lus,base,0.963,4,633,13,2,0,Not Found,invalid,8 6 3 1,1.322
/home/ubuntu/Lustre-exp/kind2-benchmarks/FMCAD08/Int/protocol/swimmingpool_4_e7_2197.lus,l2l1,0.146,2,98,6,1,0,Not Found,invalid,5 2,0.476
/home/ubuntu/Lustre-exp/kind2-benchmarks/FMCAD08/Int/protocol/swimmingpool_4.lus,l2l1,0.085,2,58,4,1,0,Not Found,invalid,2 1,0.451
/home/ubuntu/Lustre-exp/kind2-benchmarks/FMCAD08/Int/protocol/swimmingpool_5.lus,l2l1,0.144,2,113,6,1,0,Not Found,invalid,3 2,0.506
/home/ubuntu/Lustre-exp/kind2-benchmarks/FMCAD08/Int/protocol/swimmingpool_6_e7_10_e7_341.lus,l2l1,0.338,3,283,9,1,0,Not Found,invalid,9 7 3,0.673
/home/ubuntu/Lustre-exp/kind2-benchmarks/FMCAD08/Int/protocol/swimmingpool_6.lus,base,0.254,3,207,8,1,0,Not Found,invalid,5 4 2,0.616
/home/ubuntu/Lustre-exp/kind2-benchmarks/FMCAD08/Int/protocol/swimmingpool_6_e7_399.lus,l2l1,0.594,4,469,14,1,1,Not Found,invalid,11 7 4 2,0.926
/home/ubuntu/Lustre-exp/kind2-benchmarks/FMCAD08/Int/protocol/swimmingpool_7.lus,l2l1,0.174,2,143,6,1,0,Not Found,invalid,7 3,0.496
/home/ubuntu/Lustre-exp/kind2-benchmarks/FMCAD08/Int/protocol/swimmingpool_8.lus,l2l1,0.227,2,127,9,1,0,Not Found,invalid,6 2,0.540
/home/ubuntu/Lustre-exp/kind2-benchmarks/FMCAD08/Int/simulation/car_1_e7_184_e3_299.lus,base,0.030,2,39,2,0,0,Not Found,valid,2,0.377
/home/ubuntu/Lustre-exp/kind2-benchmarks/FMCAD08/Int/protocol/swimmingpool_9.lus,l2l1,0.440,3,406,9,1,0,Not Found,invalid,15 8,0.697
/home/ubuntu/Lustre-exp/kind2-benchmarks/FMCAD08/Int/simulation/car_1.lus,l2l1,0.034,2,39,2,0,0,Not Found,valid,2,0.364
/home/ubuntu/Lustre-exp/kind2-benchmarks/FMCAD08/Int/simulation/car_2_e7_1027_e1_1047.lus,base,0.040,3,79,2,0,0,Not Found,valid,2 1,0.380
/home/ubuntu/Lustre-exp/kind2-benchmarks/FMCAD08/Int/simulation/car_2_e7_1027_e7_359.lus,base,0.090,4,167,4,0,0,Not Found,valid,5 4 2,0.428
/home/ubuntu/Lustre-exp/kind2-benchmarks/FMCAD08/Int/simulation/car_2_e8_491_e7_826.lus,l2l1,0.057,3,89,2,0,0,Not Found,valid,3 2,0.394
/home/ubuntu/Lustre-exp/kind2-benchmarks/FMCAD08/Int/simulation/car_2.lus,base,0.064,4,149,2,0,0,Not Found,valid,2 1 0,0.405
/home/ubuntu/Lustre-exp/kind2-benchmarks/FMCAD08/Int/simulation/car_3_e1_586.lus,l2l1,0.017,1,9,1,0,0,Not Found,invalid,0,0.366
/home/ubuntu/Lustre-exp/kind2-benchmarks/FMCAD08/Int/simulation/car_3_e2_695.lus,base,0.017,2,27,1,0,0,Not Found,valid,1,0.354
/home/ubuntu/Lustre-exp/kind2-benchmarks/FMCAD08/Int/simulation/car_3_e7_626_e1_305.lus,l2l1,0.017,1,9,1,0,0,Not Found,invalid,0,0.365
/home/ubuntu/Lustre-exp/kind2-benchmarks/FMCAD08/Int/simulation/car_3_e7_626.lus,base,0.043,3,79,2,0,0,Not Found,valid,2 1,0.374
/home/ubuntu/Lustre-exp/kind2-benchmarks/FMCAD08/Int/simulation/car_3_e8_33_e1_856.lus,base,0.016,1,9,1,0,0,Not Found,invalid,0,0.355
/home/ubuntu/Lustre-exp/kind2-benchmarks/FMCAD08/Int/simulation/car_3_e8_33_e2_1010.lus,base,0.017,2,27,1,0,0,Not Found,valid,1,0.354
/home/ubuntu/Lustre-exp/kind2-benchmarks/FMCAD08/Int/simulation/car_3_e8_33_e7_220.lus,l2l1,0.045,3,75,2,0,0,Not Found,valid,2 1,0.374
/home/ubuntu/Lustre-exp/kind2-benchmarks/FMCAD08/Int/simulation/car_3_e8_33.lus,base,0.040,3,78,2,0,0,Not Found,valid,2 1,0.374
/home/ubuntu/Lustre-exp/kind2-benchmarks/FMCAD08/Int/simulation/car_3.lus,base,0.051,3,81,2,0,0,Not Found,valid,2 1,0.383
/home/ubuntu/Lustre-exp/kind2-benchmarks/FMCAD08/Int/simulation/car_4_e3_57_e4_1047.lus,base,0.017,2,25,1,0,0,Not Found,valid,1,0.353
/home/ubuntu/Lustre-exp/kind2-benchmarks/FMCAD08/Int/simulation/car_4_e3_57_e5_999.lus,l2l1,0.009,0,2,0,0,0,Not Found,invalid,Not Found,0.353
/home/ubuntu/Lustre-exp/kind2-benchmarks/FMCAD08/Int/simulation/car_4_e3_57_e6_784.lus,l2l1,0.032,2,39,2,0,0,Not Found,valid,2,0.365
/home/ubuntu/Lustre-exp/kind2-benchmarks/FMCAD08/Int/simulation/car_4_e3_57.lus,l2l1,0.011,0,2,0,0,0,Not Found,invalid,Not Found,0.344
/home/ubuntu/Lustre-exp/kind2-benchmarks/FMCAD08/Int/simulation/car_4_e7_592_e3_442.lus,l2l1,0.009,0,2,0,0,0,Not Found,invalid,Not Found,0.344
/home/ubuntu/Lustre-exp/kind2-benchmarks/FMCAD08/Int/simulation/car_4_e7_592_e7_265.lus,l2l1,0.027,2,34,2,0,0,Not Found,valid,2,0.363
/home/ubuntu/Lustre-exp/kind2-benchmarks/FMCAD08/Int/simulation/car_4_e7_592.lus,base,0.046,3,87,3,0,0,Not Found,valid,1 0,0.384
/home/ubuntu/Lustre-exp/kind2-benchmarks/FMCAD08/Int/simulation/car_4_e8_118_e3_514.lus,l2l1,0.011,0,2,0,0,0,Not Found,invalid,Not Found,0.345
/home/ubuntu/Lustre-exp/kind2-benchmarks/FMCAD08/Int/simulation/car_4_e8_118_e7_178.lus,l2l1,0.050,3,92,3,0,0,Not Found,valid,1 0,0.384
/home/ubuntu/Lustre-exp/kind2-benchmarks/FMCAD08/Int/simulation/car_4_e8_118.lus,l2l1,0.025,2,25,1,0,0,Not Found,valid,1,0.373
/home/ubuntu/Lustre-exp/kind2-benchmarks/FMCAD08/Int/simulation/car_4.lus,l2l1,0.031,2,39,2,0,0,Not Found,valid,2,0.362
/home/ubuntu/Lustre-exp/kind2-benchmarks/FMCAD08/Int/simulation/car_5_e2_405_e2_1083.lus,base,0.211,2,135,10,0,0,Not Found,invalid,8 1,0.549
/home/ubuntu/Lustre-exp/kind2-benchmarks/FMCAD08/Int/simulation/car_5_e2_405_e3_473.lus,l2l1,0.207,2,135,10,0,0,Not Found,invalid,8 1,0.552
/home/ubuntu/Lustre-exp/kind2-benchmarks/FMCAD08/Int/simulation/car_5_e2_405_e8_1055.lus,base,0.180,2,135,10,0,0,Not Found,invalid,8 1,0.518
/home/ubuntu/Lustre-exp/kind2-benchmarks/FMCAD08/Int/simulation/car_5_e3_11_e1_429.lus,base,0.220,2,135,10,0,0,Not Found,invalid,8 1,0.561
/home/ubuntu/Lustre-exp/kind2-benchmarks/FMCAD08/Int/simulation/car_5_e3_11_e5_24.lus,base,0.224,2,135,10,0,0,Not Found,invalid,8 1,0.559
/home/ubuntu/Lustre-exp/kind2-benchmarks/FMCAD08/Int/simulation/car_5_e3_661.lus,base,0.222,2,135,10,0,0,Not Found,invalid,8 1,0.560
/home/ubuntu/Lustre-exp/kind2-benchmarks/FMCAD08/Int/simulation/car_5_e7_244_e2_693.lus,base,0.172,2,131,10,0,0,Not Found,invalid,8 1,0.510
/home/ubuntu/Lustre-exp/kind2-benchmarks/FMCAD08/Int/simulation/car_5_e7_244_e3_1071.lus,l2l1,0.250,2,144,11,0,0,Not Found,invalid,9 2,0.551
/home/ubuntu/Lustre-exp/kind2-benchmarks/FMCAD08/Int/simulation/car_5_e7_244_e1_823.lus,l2l1,5.648,10,4371,41,2,2,Not Found,valid,20 19 17 15 12 10 8 7 4,5.902
/home/ubuntu/Lustre-exp/kind2-benchmarks/FMCAD08/Int/simulation/car_5.lus,base,22.022,11,9704,79,2,2,Not Found,valid,51 49 45 40 37 33 28 24 18 9,22.504
/home/ubuntu/Lustre-exp/kind2-benchmarks/FMCAD08/Int/simulation/car_6_e1_152_e1_391.lus,base,0.825,6,1090,13,0,0,Not Found,valid,13 12 11 9 4,1.172
/home/ubuntu/Lustre-exp/kind2-benchmarks/FMCAD08/Int/misc/durationThm_1.lus,base,0.031,1,31,2,0,0,Not Found,timeout,2,290.315
/home/ubuntu/Lustre-exp/kind2-benchmarks/FMCAD08/Int/simulation/car_6_e2_589_e2_506.lus,base,0.207,2,159,12,0,0,Not Found,invalid,10 1,0.537
/home/ubuntu/Lustre-exp/kind2-benchmarks/FMCAD08/Int/simulation/car_6_e2_589_e3_349.lus,base,0.200,2,159,12,0,0,Not Found,invalid,10 1,0.548
/home/ubuntu/Lustre-exp/kind2-benchmarks/FMCAD08/Int/simulation/car_5_e7_244.lus,base,30.378,12,11466,73,2,7,Not Found,valid,44 40 38 35 34 33 31 27 22 16 8,30.852
/home/ubuntu/Lustre-exp/kind2-benchmarks/FMCAD08/Int/simulation/car_6_e2_893.lus,base,0.222,2,172,13,0,0,Not Found,invalid,11 2,0.561
/home/ubuntu/Lustre-exp/kind2-benchmarks/FMCAD08/Int/simulation/car_6_e3_294_e1_956.lus,base,0.220,2,159,12,0,0,Not Found,invalid,10 1,0.560
/home/ubuntu/Lustre-exp/kind2-benchmarks/FMCAD08/Int/simulation/car_6_e1_152.lus,base,2.944,8,3361,36,0,1,Not Found,valid,16 14 10 8 5 4 2,3.285
/home/ubuntu/Lustre-exp/kind2-benchmarks/FMCAD08/Int/simulation/car_6_e3_294_e3_47.lus,base,0.233,2,172,13,0,0,Not Found,invalid,11 2,0.567
/home/ubuntu/Lustre-exp/kind2-benchmarks/FMCAD08/Int/simulation/car_6_e3_294_e5_979.lus,base,0.232,2,172,13,0,0,Not Found,invalid,11 2,0.579
/home/ubuntu/Lustre-exp/kind2-benchmarks/FMCAD08/Int/simulation/car_all_e1_618_e3_303.lus,base,0.053,1,47,4,0,0,Not Found,invalid,2,0.395
/home/ubuntu/Lustre-exp/kind2-benchmarks/FMCAD08/Int/simulation/car_all_e1_618.lus,base,0.053,1,47,4,0,0,Not Found,invalid,2,0.396
/home/ubuntu/Lustre-exp/kind2-benchmarks/FMCAD08/Int/simulation/car_all_e2_142_e7_209.lus,l2l1,0.124,3,177,8,0,0,Not Found,valid,4 2,0.448
/home/ubuntu/Lustre-exp/kind2-benchmarks/FMCAD08/Int/simulation/car_all_e2_142.lus,l2l1,0.145,3,197,8,0,0,Not Found,valid,4 2,0.460
/home/ubuntu/Lustre-exp/kind2-benchmarks/FMCAD08/Int/simulation/car_all_e3_1068_e1_178.lus,base,0.009,0,2,0,0,0,Not Found,invalid,Not Found,0.345
/home/ubuntu/Lustre-exp/kind2-benchmarks/FMCAD08/Int/simulation/car_all_e3_1068_e2_13.lus,base,0.011,0,2,0,0,0,Not Found,invalid,Not Found,0.347
/home/ubuntu/Lustre-exp/kind2-benchmarks/FMCAD08/Int/simulation/car_all_e3_1068_e3_163.lus,base,0.010,0,2,0,0,0,Not Found,invalid,Not Found,0.345
/home/ubuntu/Lustre-exp/kind2-benchmarks/FMCAD08/Int/simulation/car_all_e3_1068_e4_275.lus,l2l1,0.135,3,197,8,0,0,Not Found,valid,4 2,0.474
/home/ubuntu/Lustre-exp/kind2-benchmarks/FMCAD08/Int/simulation/car_all_e3_1068_e5_882.lus,base,0.011,0,2,0,0,0,Not Found,invalid,Not Found,0.345
/home/ubuntu/Lustre-exp/kind2-benchmarks/FMCAD08/Int/simulation/car_all_e3_1068.lus,l2l1,0.012,0,2,0,0,0,Not Found,invalid,Not Found,0.347
/home/ubuntu/Lustre-exp/kind2-benchmarks/FMCAD08/Int/simulation/car_all_e7_188_e7_743.lus,l2l1,0.176,3,240,9,0,0,Not Found,valid,6 2,0.507
/home/ubuntu/Lustre-exp/kind2-benchmarks/FMCAD08/Int/simulation/car_all_e8_856_e1_217.lus,base,0.068,1,89,7,0,0,Not Found,invalid,5,0.407
/home/ubuntu/Lustre-exp/kind2-benchmarks/FMCAD08/Int/simulation/car_all_e8_856_e2_585.lus,l2l1,0.085,3,132,5,0,0,Not Found,valid,2 1,0.435
/home/ubuntu/Lustre-exp/kind2-benchmarks/FMCAD08/Int/simulation/car_all_e8_856_e3_180.lus,l2l1,0.009,0,2,0,0,0,Not Found,invalid,Not Found,0.345
/home/ubuntu/Lustre-exp/kind2-benchmarks/FMCAD08/Int/simulation/car_all_e8_856.lus,l2l1,0.190,3,260,10,0,0,Not Found,valid,6 3,0.499
/home/ubuntu/Lustre-exp/kind2-benchmarks/FMCAD08/Int/simulation/car_all_e8_856_e7_578.lus,base,0.180,3,257,10,0,0,Not Found,valid,7 4,0.528
/home/ubuntu/Lustre-exp/kind2-benchmarks/FMCAD08/Int/simulation/car_all.lus,base,0.166,4,269,7,0,0,Not Found,valid,3 1 0,0.525
/home/ubuntu/Lustre-exp/kind2-benchmarks/FMCAD08/Int/simulation/cd_e7_621_e7_669.lus,base,0.190,3,254,15,2,1,Not Found,invalid,10 4 1,0.541
/home/ubuntu/Lustre-exp/kind2-benchmarks/FMCAD08/Int/simulation/cd_e7_8.lus,base,0.442,6,815,18,2,3,Not Found,invalid,6 4 3 2 1 0,0.781
/home/ubuntu/Lustre-exp/kind2-benchmarks/FMCAD08/Int/simulation/fast_1_e7_2044_e7_1287.lus,l2l1,0.017,0,2,0,0,0,Not Found,invalid,Not Found,0.379
/home/ubuntu/Lustre-exp/kind2-benchmarks/FMCAD08/Int/simulation/fast_1_e7_2044.lus,l2l1,0.016,0,2,0,0,0,Not Found,invalid,Not Found,0.371
/home/ubuntu/Lustre-exp/kind2-benchmarks/FMCAD08/Int/simulation/fast_1_e8_747_e7_692.lus,l2l1,0.016,0,2,0,0,0,Not Found,invalid,Not Found,0.368
/home/ubuntu/Lustre-exp/kind2-benchmarks/FMCAD08/Int/simulation/fast_1_e8_747_e8_1041.lus,l2l1,0.090,3,108,4,0,0,Not Found,valid,1 0,0.412
/home/ubuntu/Lustre-exp/kind2-benchmarks/FMCAD08/Int/simulation/fast_1_e8_751.lus,l2l1,0.109,3,126,5,0,0,Not Found,valid,1 0,0.430
/home/ubuntu/Lustre-exp/kind2-benchmarks/FMCAD08/Int/simulation/fast_1.lus,l2l1,0.122,3,126,5,0,0,Not Found,valid,1 0,0.440
/home/ubuntu/Lustre-exp/kind2-benchmarks/FMCAD08/Int/simulation/fast_2_e7_2526_e7_2736.lus,l2l1,0.020,0,2,0,0,0,Not Found,invalid,Not Found,0.368
/home/ubuntu/Lustre-exp/kind2-benchmarks/FMCAD08/Int/simulation/fast_2_e7_2526.lus,l2l1,0.023,0,2,0,0,0,Not Found,invalid,Not Found,0.368
/home/ubuntu/Lustre-exp/kind2-benchmarks/FMCAD08/Int/simulation/fast_2_e8_460_e7_43.lus,l2l1,0.022,0,2,0,0,0,Not Found,invalid,Not Found,0.366
/home/ubuntu/Lustre-exp/kind2-benchmarks/FMCAD08/Int/simulation/fast_2_e8_460_e8_1920.lus,base,0.145,3,188,8,0,0,Not Found,valid,1 0,0.502
/home/ubuntu/Lustre-exp/kind2-benchmarks/FMCAD08/Int/protocol/rtp_vt.lus,l2l1,41.969,8,15705,108,10,11,Not Found,valid,117 116 114 111 107 103 77 44,52.923
/home/ubuntu/Lustre-exp/kind2-benchmarks/FMCAD08/Int/simulation/fast_2_e8_976.lus,l2l1,0.197,3,210,9,0,0,Not Found,valid,1 0,0.526
/home/ubuntu/Lustre-exp/kind2-benchmarks/FMCAD08/Int/simulation/fast_2.lus,base,0.195,3,208,9,0,0,Not Found,valid,1 0,0.534
/home/ubuntu/Lustre-exp/kind2-benchmarks/FMCAD08/Int/simulation/hysteresis_1.lus,l2l1,0.014,2,12,0,0,0,Not Found,valid,0,0.353
/home/ubuntu/Lustre-exp/kind2-benchmarks/FMCAD08/Int/simulation/hysteresis_2.lus,base,0.075,3,110,4,0,0,Not Found,valid,4 3,0.415
/home/ubuntu/Lustre-exp/kind2-benchmarks/FMCAD08/Int/simulation/hysteresis_3.lus,base,0.061,3,74,2,0,0,Not Found,valid,2 1,0.397
/home/ubuntu/Lustre-exp/kind2-benchmarks/FMCAD08/Int/simulation/hysteresis_all.lus,base,0.099,3,146,5,0,0,Not Found,valid,5 3,0.435
/home/ubuntu/Lustre-exp/kind2-benchmarks/FMCAD08/Int/simulation/metros_1_e1_846_e1_1317.lus,l2l1,0.731,4,660,17,0,0,Not Found,valid,9 5 2,1.009
/home/ubuntu/Lustre-exp/kind2-benchmarks/FMCAD08/Int/simulation/metros_1_e1_846_e2_1394.lus,base,0.432,4,464,14,0,0,Not Found,valid,9 6 4,0.784
/home/ubuntu/Lustre-exp/kind2-benchmarks/FMCAD08/Int/simulation/metros_1_e1_846_e3_1060.lus,l2l1,0.361,4,334,9,0,0,Not Found,valid,6 2 1,0.661
/home/ubuntu/Lustre-exp/kind2-benchmarks/FMCAD08/Int/simulation/cd.lus,base,9.916,9,11048,96,2,47,Not Found,valid,123 119 115 108 98 83 60 30,10.269
/home/ubuntu/Lustre-exp/kind2-benchmarks/FMCAD08/Int/simulation/metros_1_e1_846_e7_397.lus,base,0.696,4,680,18,0,0,Not Found,valid,17 14 8,1.045
/home/ubuntu/Lustre-exp/kind2-benchmarks/FMCAD08/Int/simulation/metros_1_e2_1102_e1_317.lus,base,0.553,4,560,14,0,0,Not Found,valid,13 11 6,0.893
/home/ubuntu/Lustre-exp/kind2-benchmarks/FMCAD08/Int/simulation/metros_1_e2_1102_e2_943.lus,base,0.374,3,342,11,0,0,Not Found,valid,15 10,0.722
/home/ubuntu/Lustre-exp/kind2-benchmarks/FMCAD08/Int/simulation/metros_1_e2_1102_e3_961.lus,l2l1,0.224,2,231,11,0,0,Not Found,valid,11 9,0.527
/home/ubuntu/Lustre-exp/kind2-benchmarks/FMCAD08/Int/simulation/metros_1_e2_1102_e7_1163.lus,l2l1,0.289,4,356,13,0,0,Not Found,valid,7 6 4,0.633
/home/ubuntu/Lustre-exp/kind2-benchmarks/FMCAD08/Int/simulation/metros_1_e2_627.lus,base,0.245,4,268,9,0,0,Not Found,valid,4 3 2,0.588
/home/ubuntu/Lustre-exp/kind2-benchmarks/FMCAD08/Int/simulation/metros_1_e7_1255_e7_12.lus,base,0.500,4,471,15,0,0,Not Found,valid,13 10 9,0.845
/home/ubuntu/Lustre-exp/kind2-benchmarks/FMCAD08/Int/simulation/metros_1_e8_725_e1_919.lus,l2l1,0.037,2,23,1,0,0,Not Found,valid,1,0.388
/home/ubuntu/Lustre-exp/kind2-benchmarks/FMCAD08/Int/simulation/metros_1_e7_606.lus,base,0.610,4,634,16,0,0,Not Found,valid,15 11 8,0.953
/home/ubuntu/Lustre-exp/kind2-benchmarks/FMCAD08/Int/simulation/metros_1_e8_725_e2_1144.lus,l2l1,0.031,2,23,1,0,0,Not Found,valid,1,0.367
/home/ubuntu/Lustre-exp/kind2-benchmarks/FMCAD08/Int/simulation/metros_1_e8_725_e3_556.lus,base,0.081,3,75,2,0,0,Not Found,valid,1 0,0.427
/home/ubuntu/Lustre-exp/kind2-benchmarks/FMCAD08/Int/simulation/metros_1_e8_725.lus,l2l1,0.034,2,23,1,0,0,Not Found,valid,1,0.368
/home/ubuntu/Lustre-exp/kind2-benchmarks/FMCAD08/Int/simulation/metros_1.lus,base,0.446,4,447,14,0,0,Not Found,valid,10 7 6,0.792
/home/ubuntu/Lustre-exp/kind2-benchmarks/FMCAD08/Int/simulation/metros_2_e1_1116_e2_617.lus,base,0.605,4,619,15,0,0,Not Found,valid,6 3 1,0.951
/home/ubuntu/Lustre-exp/kind2-benchmarks/FMCAD08/Int/simulation/metros_2_e1_1116_e3_287.lus,base,0.523,2,265,16,0,0,Not Found,invalid,15 7,0.868
/home/ubuntu/Lustre-exp/kind2-benchmarks/FMCAD08/Int/simulation/metros_2_e1_1116_e7_1440.lus,l2l1,2.511,4,1870,44,0,2,Not Found,invalid,47 33 25 11,2.840
/home/ubuntu/Lustre-exp/kind2-benchmarks/FMCAD08/Int/misc/durationThm_2_e1_301.lus,base,0.039,1,45,4,0,0,Not Found,timeout,4,290.294
/home/ubuntu/Lustre-exp/kind2-benchmarks/FMCAD08/Int/simulation/metros_2_e1_1116_e1_556.lus,base,7.779,8,3643,62,0,16,Not Found,invalid,31 26 21 18 15 12 9 4,8.147
/home/ubuntu/Lustre-exp/kind2-benchmarks/FMCAD08/Int/simulation/metros_2_e2_704_e2_13.lus,base,0.364,4,401,11,0,0,Not Found,valid,4 3 1,0.702
/home/ubuntu/Lustre-exp/kind2-benchmarks/FMCAD08/Int/simulation/metros_2_e2_704_e1_389.lus,l2l1,1.515,3,1042,37,0,1,Not Found,invalid,31 19 9,1.839
/home/ubuntu/Lustre-exp/kind2-benchmarks/FMCAD08/Int/simulation/metros_2_e2_704_e3_76.lus,base,0.462,2,244,15,0,0,Not Found,invalid,14 4,0.814
/home/ubuntu/Lustre-exp/kind2-benchmarks/FMCAD08/Int/simulation/metros_2_e2_704_e7_810.lus,l2l1,1.353,3,935,31,0,1,Not Found,invalid,25 12 7,1.638
/home/ubuntu/Lustre-exp/kind2-benchmarks/FMCAD08/Int/simulation/metros_2_e2_968.lus,l2l1,0.322,2,295,12,0,0,Not Found,invalid,16 10,3.908
/home/ubuntu/Lustre-exp/kind2-benchmarks/FMCAD08/Int/simulation/metros_2_e3_112.lus,base,4.073,3,1898,56,0,1,Not Found,invalid,56 35 11,4.434
/home/ubuntu/Lustre-exp/kind2-benchmarks/FMCAD08/Int/simulation/metros_2_e1_190.lus,base,15.622,9,7095,76,0,31,Not Found,valid,14 11 8 6 5 4 3 1,16.097
/home/ubuntu/Lustre-exp/kind2-benchmarks/FMCAD08/Int/simulation/metros_3_e3_1275_e1_1350.lus,l2l1,6.152,5,2819,26,0,1,Not Found,invalid,23 20 12 9 4,6.462
/home/ubuntu/Lustre-exp/kind2-benchmarks/FMCAD08/Int/simulation/metros_3_e3_1275_e2_454.lus,base,0.162,3,184,7,0,0,Not Found,valid,7 4,0.509
/home/ubuntu/Lustre-exp/kind2-benchmarks/FMCAD08/Int/simulation/metros_3_e3_1275_e3_640.lus,l2l1,0.245,2,219,9,0,0,Not Found,valid,11 6,0.558
/home/ubuntu/Lustre-exp/kind2-benchmarks/FMCAD08/Int/simulation/car_6.lus,l2l1,44.143,14,16599,117,0,32,Not Found,valid,80 78 75 73 71 68 64 58 51 41 31 20 10,44.433
/home/ubuntu/Lustre-exp/kind2-benchmarks/FMCAD08/Int/simulation/metros_3_e3_1275_e5_846.lus,base,11.731,3,2224,63,0,0,Not Found,invalid,56 44 0,12.326
/home/ubuntu/Lustre-exp/kind2-benchmarks/FMCAD08/Int/simulation/metros_3_e3_1275_e4_164.lus,base,18.663,4,8076,124,0,4,Not Found,invalid,135 113 67 30,19.059
/home/ubuntu/Lustre-exp/kind2-benchmarks/FMCAD08/Int/simulation/metros_3_e3_1275.lus,base,21.569,7,6971,112,0,11,Not Found,invalid,102 88 66 43 18 12 5,22.006
/home/ubuntu/Lustre-exp/kind2-benchmarks/FMCAD08/Int/misc/durationThm_2_e7_145_e8_73.lus,base,0.050,1,43,4,0,0,Not Found,timeout,4,290.301
/home/ubuntu/Lustre-exp/kind2-benchmarks/FMCAD08/Int/simulation/metros_3_e4_987_e2_80.lus,l2l1,14.051,7,5253,51,0,1,Not Found,invalid,24 21 20 19 18 16 15,15.794
/home/ubuntu/Lustre-exp/kind2-benchmarks/FMCAD08/Int/simulation/metros_3_e4_987_e3_291.lus,base,7.093,3,1733,52,0,0,Not Found,invalid,45 30 0,7.767
/home/ubuntu/Lustre-exp/kind2-benchmarks/FMCAD08/Int/simulation/metros_2.lus,base,91.202,13,25320,191,0,90,Not Found,valid,176 173 168 163 158 148 135 119 99 77 53 26,91.717
/home/ubuntu/Lustre-exp/kind2-benchmarks/FMCAD08/Int/misc/durationThm_2.lus,base,0.047,1,43,4,0,0,Not Found,timeout,4,290.297
/home/ubuntu/Lustre-exp/kind2-benchmarks/FMCAD08/Int/misc/durationThm_3.lus,base,0.020,1,14,1,0,0,Not Found,timeout,1,290.394
/home/ubuntu/Lustre-exp/kind2-benchmarks/FMCAD08/Int/simulation/Gas.lus,base,0.025,1,20,2,0,0,Not Found,timeout,2,290.261
/home/ubuntu/Lustre-exp/kind2-benchmarks/FMCAD08/Int/simulation/metros_4_e2_968_e1_956.lus,base,3.478,8,1823,42,0,3,Not Found,invalid,17 6 5 4 3 2 1 0,3.835
/home/ubuntu/Lustre-exp/kind2-benchmarks/FMCAD08/Int/simulation/metros_4_e2_968_e2_1166.lus,base,0.130,3,129,6,0,0,Not Found,valid,7 5,0.467
/home/ubuntu/Lustre-exp/kind2-benchmarks/FMCAD08/Int/simulation/metros_4_e2_968_e3_931.lus,l2l1,0.197,2,161,8,0,0,Not Found,valid,8 5,0.518
/home/ubuntu/Lustre-exp/kind2-benchmarks/FMCAD08/Int/simulation/metros_4_e2_968_e4_801.lus,base,3.453,3,1099,43,0,0,Not Found,invalid,34 15 1,3.833
/home/ubuntu/Lustre-exp/kind2-benchmarks/FMCAD08/Int/simulation/metros_4_e2_968_e5_991.lus,base,4.425,4,1432,49,0,1,Not Found,invalid,40 26 5 1,4.781
/home/ubuntu/Lustre-exp/kind2-benchmarks/FMCAD08/Int/simulation/metros_4_e2_968_e6_236.lus,base,1.953,2,584,26,1,0,Not Found,invalid,23 0,2.382
/home/ubuntu/Lustre-exp/kind2-benchmarks/FMCAD08/Int/simulation/metros_4_e2_968_e7_860.lus,l2l1,9.486,11,5680,57,0,3,Not Found,invalid,17 14 12 11 10 9 8 7 6 5,9.764
/home/ubuntu/Lustre-exp/kind2-benchmarks/FMCAD08/Int/simulation/metros_3_e3_1275_e6_1315.lus,base,181.011,20,26442,83,0,6,Not Found,timeout,25 22 20 19 18 17 16 14 13 12 11 10 9 8 7 6 5 4 3 2,290.230
/home/ubuntu/Lustre-exp/kind2-benchmarks/FMCAD08/Int/simulation/metros_3_e3_1275_e7_529.lus,base,271.432,23,32791,52,0,0,Not Found,timeout,40 35 30 28 26 24 22 20 18 16 14 13 12 11 10 9 8 7 6 5 4 3 2,290.194
/home/ubuntu/Lustre-exp/kind2-benchmarks/FMCAD08/Int/simulation/metros_4_e3_1025.lus,l2l1,12.192,6,6675,94,0,7,Not Found,invalid,94 91 72 53 32 9,12.479
/home/ubuntu/Lustre-exp/kind2-benchmarks/FMCAD08/Int/simulation/metros_4_e3_1091_e2_1317.lus,base,0.175,3,184,7,0,0,Not Found,valid,7 4,0.509
/home/ubuntu/Lustre-exp/kind2-benchmarks/FMCAD08/Int/simulation/metros_4_e3_1091_e3_522.lus,l2l1,0.352,3,334,12,0,0,Not Found,valid,14 8,0.662
/home/ubuntu/Lustre-exp/kind2-benchmarks/FMCAD08/Int/simulation/metros_3_e4_987_e1_1115.lus,base,219.298,9,39964,221,0,42,Not Found,timeout,89 87 72 61 56 49 43 36 31,290.207
/home/ubuntu/Lustre-exp/kind2-benchmarks/FMCAD08/Int/simulation/metros_4_e3_1091_e4_232.lus,base,22.510,4,9751,124,0,7,Not Found,invalid,144 122 82 37,23.190
/home/ubuntu/Lustre-exp/kind2-benchmarks/FMCAD08/Int/simulation/metros_4_e3_1091_e1_1044.lus,base,53.287,8,18868,161,0,25,Not Found,invalid,179 162 150 138 117 93 67 34,54.001
/home/ubuntu/Lustre-exp/kind2-benchmarks/FMCAD08/Int/simulation/metros_3_e4_987.lus,base,106.769,20,22443,35,0,0,Not Found,timeout,26 22 20 19 17 16 15 14 13 12 11 10 9 8 7 6 5 4 3 2,290.221
/home/ubuntu/Lustre-exp/kind2-benchmarks/FMCAD08/Int/simulation/metros_3.lus,base,178.699,20,25873,83,0,6,Not Found,timeout,25 23 21 19 18 17 16 14 13 12 11 10 9 8 7 6 5 4 3 2,290.170
/home/ubuntu/Lustre-exp/kind2-benchmarks/FMCAD08/Int/simulation/PRODUCER_CONSUMER_1.lus,l2l1,0.038,2,49,2,0,0,Not Found,valid,2,0.384
/home/ubuntu/Lustre-exp/kind2-benchmarks/FMCAD08/Int/simulation/PRODUCER_CONSUMER_2.lus,base,0.022,2,28,1,0,0,Not Found,valid,1,0.365
/home/ubuntu/Lustre-exp/kind2-benchmarks/FMCAD08/Int/simulation/PRODUCER_CONSUMER_3.lus,l2l1,0.021,2,22,1,0,0,Not Found,valid,1,0.367
/home/ubuntu/Lustre-exp/kind2-benchmarks/FMCAD08/Int/simulation/PRODUCER_CONSUMER_all.lus,base,0.042,2,41,2,0,0,Not Found,valid,2,0.388
/home/ubuntu/Lustre-exp/kind2-benchmarks/FMCAD08/Int/simulation/metros_4_e1_821_e5_911.lus,base,239.251,9,33537,159,0,16,Not Found,timeout,81 78 69 55 45 39 32 30 28,290.171
/home/ubuntu/Lustre-exp/kind2-benchmarks/FMCAD08/Int/simulation/metros_4_e1_917.lus,base,254.677,9,30003,155,0,15,Not Found,timeout,127 125 123 120 103 81 67 51 35,290.259
/home/ubuntu/Lustre-exp/kind2-benchmarks/FMCAD08/Int/simulation/metros_4_e2_968.lus,base,233.382,8,22496,96,0,6,Not Found,timeout,59 56 46 30 27 23 20 15,290.161
/home/ubuntu/Lustre-exp/kind2-benchmarks/FMCAD08/Int/simulation/metros_4_e5_1150.lus,base,277.235,11,23986,45,0,0,Not Found,timeout,31 28 20 18 16 12 10 8 6 4 3,290.152
/home/ubuntu/Lustre-exp/kind2-benchmarks/FMCAD08/Int/simulation/metros_4.lus,base,190.096,20,26675,83,0,6,Not Found,timeout,25 22 20 19 18 17 16 14 13 12 11 10 9 8 7 6 5 4 3 2,290.193
/home/ubuntu/Lustre-exp/kind2-benchmarks/FMCAD08/Int/simulation/PRODUCER_CONSUMMER_luke_1.lus,l2l1,0.011,0,2,0,0,0,Not Found,invalid,Not Found,0.358
/home/ubuntu/Lustre-exp/kind2-benchmarks/FMCAD08/Int/simulation/metros_5_e4_1208_e1_337.lus,base,130.031,6,15822,77,0,4,Not Found,timeout,74 69 51 46 35 24,290.249
/home/ubuntu/Lustre-exp/kind2-benchmarks/FMCAD08/Int/simulation/speed2_e7_223_e7_213.lus,base,0.065,3,111,4,0,0,Not Found,valid,4 3,0.402
/home/ubuntu/Lustre-exp/kind2-benchmarks/FMCAD08/Int/simulation/speed2_e7_223_e8_329.lus,base,0.056,3,95,3,0,0,Not Found,valid,3 2,0.392
/home/ubuntu/Lustre-exp/kind2-benchmarks/FMCAD08/Int/simulation/speed2_e7_496.lus,base,0.070,3,112,4,0,0,Not Found,valid,3 2,0.403
/home/ubuntu/Lustre-exp/kind2-benchmarks/FMCAD08/Int/simulation/speed2_e8_449_e7_353.lus,l2l1,0.064,3,93,3,0,0,Not Found,valid,2 1,0.396
/home/ubuntu/Lustre-exp/kind2-benchmarks/FMCAD08/Int/simulation/speed2_e8_449_e8_517.lus,l2l1,0.102,3,153,7,0,0,Not Found,valid,6 3,0.424
/home/ubuntu/Lustre-exp/kind2-benchmarks/FMCAD08/Int/simulation/speed2_e8_449.lus,base,0.050,3,90,3,0,0,Not Found,valid,3 2,0.396
/home/ubuntu/Lustre-exp/kind2-benchmarks/FMCAD08/Int/simulation/speed2.lus,l2l1,0.055,3,95,3,0,0,Not Found,valid,3 2,0.396
/home/ubuntu/Lustre-exp/kind2-benchmarks/FMCAD08/Int/simulation/speed_e7_207_e7_538.lus,l2l1,0.013,2,12,0,0,0,Not Found,valid,0,0.355
/home/ubuntu/Lustre-exp/kind2-benchmarks/FMCAD08/Int/simulation/speed_e7_207_e8_507.lus,l2l1,0.014,2,12,0,0,0,Not Found,valid,0,0.352
/home/ubuntu/Lustre-exp/kind2-benchmarks/FMCAD08/Int/simulation/speed_e7_207.lus,l2l1,0.015,2,12,0,0,0,Not Found,valid,0,0.367
/home/ubuntu/Lustre-exp/kind2-benchmarks/FMCAD08/Int/simulation/speed_e8_649_e7_709.lus,l2l1,0.013,2,12,0,0,0,Not Found,valid,0,0.364
/home/ubuntu/Lustre-exp/kind2-benchmarks/FMCAD08/Int/simulation/speed_e8_649.lus,l2l1,0.012,2,12,0,0,0,Not Found,valid,0,0.353
/home/ubuntu/Lustre-exp/kind2-benchmarks/FMCAD08/Int32/large/microwave01.lus,base,0.960,3,106,3,0,0,Not Found,valid,1 0,1.380
/home/ubuntu/Lustre-exp/kind2-benchmarks/FMCAD08/Int32/large/microwave02.lus,l2l1,0.045,2,12,0,0,0,Not Found,valid,0,0.470
/home/ubuntu/Lustre-exp/kind2-benchmarks/FMCAD08/Int/simulation/metros_5.lus,base,281.648,7,44555,252,0,9,Not Found,timeout,246 241 232 197 165 124 66,290.205
/home/ubuntu/Lustre-exp/kind2-benchmarks/FMCAD08/Int/simulation/PRODUCER_CONSUMER_vt_e2_1352.lus,base,0.319,3,410,7,1,0,Not Found,timeout,11 7 4,290.328
/home/ubuntu/Lustre-exp/kind2-benchmarks/FMCAD08/Int/simulation/PRODUCER_CONSUMER_vt_e3_507.lus,base,0.021,1,15,1,0,0,Not Found,timeout,1,290.321
/home/ubuntu/Lustre-exp/kind2-benchmarks/FMCAD08/Int/simulation/PRODUCER_CONSUMER_vt_e7_1059_e8_1111.lus,base,0.022,1,15,1,0,0,Not Found,timeout,1,290.326
/home/ubuntu/Lustre-exp/kind2-benchmarks/FMCAD08/Int/simulation/PRODUCER_CONSUMER_vt.lus,base,0.024,1,15,1,0,0,Not Found,timeout,1,290.330
/home/ubuntu/Lustre-exp/kind2-benchmarks/FMCAD08/Int/simulation/PRODUCER_CONSUMMER_luke_2_e7_1068_e8_1019.lus,base,0.019,1,15,1,0,0,Not Found,timeout,1,290.345
/home/ubuntu/Lustre-exp/kind2-benchmarks/FMCAD08/Int/simulation/PRODUCER_CONSUMMER_luke_2.lus,base,0.024,1,15,1,0,0,Not Found,timeout,1,290.356
/home/ubuntu/Lustre-exp/kind2-benchmarks/FMCAD08/Int32/large/microwave03.lus,base,Not Found,Not Found,Not Found,Not Found,Not Found,Not Found,Not Found,timeout,Not Found,290.117
/home/ubuntu/Lustre-exp/kind2-benchmarks/FMCAD08/Int32/large/microwave04.lus,base,Not Found,Not Found,Not Found,Not Found,Not Found,Not Found,Not Found,timeout,Not Found,290.117
/home/ubuntu/Lustre-exp/kind2-benchmarks/FMCAD08/Int32/large/microwave12.lus,base,0.829,1,31,3,0,0,Not Found,invalid,1,1.338
/home/ubuntu/Lustre-exp/kind2-benchmarks/FMCAD08/Int32/large/microwave05.lus,base,Not Found,Not Found,Not Found,Not Found,Not Found,Not Found,Not Found,timeout,Not Found,290.118
/home/ubuntu/Lustre-exp/kind2-benchmarks/FMCAD08/Int32/large/microwave14.lus,base,2.092,1,99,8,0,0,Not Found,invalid,6,2.715
/home/ubuntu/Lustre-exp/kind2-benchmarks/FMCAD08/Int32/large/microwave15.lus,l2l1,0.085,2,12,0,0,0,Not Found,valid,0,0.522
/home/ubuntu/Lustre-exp/kind2-benchmarks/FMCAD08/Int32/large/microwave16.lus,l2l1,0.045,2,12,0,0,0,Not Found,valid,0,0.478
/home/ubuntu/Lustre-exp/kind2-benchmarks/FMCAD08/Int32/large/microwave17.lus,base,18.859,3,257,9,0,0,Not Found,valid,7 4,19.598
/home/ubuntu/Lustre-exp/kind2-benchmarks/FMCAD08/Int32/large/microwave18.lus,l2l1,1.451,1,66,5,0,0,Not Found,invalid,3,1.887
/home/ubuntu/Lustre-exp/kind2-benchmarks/FMCAD08/Int32/large/microwave19.lus,base,9.253,3,251,9,0,0,Not Found,valid,7 3,9.983
/home/ubuntu/Lustre-exp/kind2-benchmarks/FMCAD08/Int32/large/microwave20.lus,l2l1,0.115,0,2,0,0,0,Not Found,invalid,Not Found,0.610
/home/ubuntu/Lustre-exp/kind2-benchmarks/FMCAD08/Int32/large/microwave06.lus,base,217.180,9,1919,14,0,0,Not Found,timeout,9 8 7 6 5 4 3 2 1,290.192
/home/ubuntu/Lustre-exp/kind2-benchmarks/FMCAD08/Int32/large/microwave07.lus,base,250.673,5,2105,28,1,0,Not Found,timeout,25 24 23 22 21,290.124
/home/ubuntu/Lustre-exp/kind2-benchmarks/FMCAD08/Int32/large/microwave23.lus,base,2.076,1,18,2,0,0,Not Found,invalid,0,2.562
/home/ubuntu/Lustre-exp/kind2-benchmarks/FMCAD08/Int32/large/microwave24.lus,base,28.202,3,243,9,0,0,Not Found,valid,7 5,28.922
/home/ubuntu/Lustre-exp/kind2-benchmarks/FMCAD08/Int32/large/microwave25.lus,l2l1,0.115,0,2,0,0,0,Not Found,invalid,Not Found,0.594
/home/ubuntu/Lustre-exp/kind2-benchmarks/FMCAD08/Int32/large/microwave08.lus,base,202.278,8,1758,16,1,0,Not Found,timeout,13 12 11 10 9 8 7 6,290.184
/home/ubuntu/Lustre-exp/kind2-benchmarks/FMCAD08/Int32/large/microwave09.lus,base,172.171,3,3013,38,1,0,Not Found,timeout,34 33 32,290.146
/home/ubuntu/Lustre-exp/kind2-benchmarks/FMCAD08/Int32/large/microwave10.lus,base,3.428,3,274,7,0,0,Not Found,timeout,4 2 1,290.170
/home/ubuntu/Lustre-exp/kind2-benchmarks/FMCAD08/Int32/large/microwave28.lus,base,4.127,1,73,6,0,0,Not Found,invalid,4,4.615
/home/ubuntu/Lustre-exp/kind2-benchmarks/FMCAD08/Int32/large/microwave29.lus,l2l1,3.352,1,54,4,0,0,Not Found,valid,4,24.649
/home/ubuntu/Lustre-exp/kind2-benchmarks/FMCAD08/Int32/large/microwave11.lus,base,216.888,4,2138,28,0,0,Not Found,timeout,25 24 23 22,290.131
/home/ubuntu/Lustre-exp/kind2-benchmarks/FMCAD08/Int32/large/microwave13.lus,base,180.876,6,1834,31,0,3,Not Found,timeout,12 8 7 6 5 4,290.178
/home/ubuntu/Lustre-exp/kind2-benchmarks/FMCAD08/Int32/large/microwave21.lus,base,44.349,1,320,18,0,0,Not Found,timeout,18,290.121
/home/ubuntu/Lustre-exp/kind2-benchmarks/FMCAD08/Int32/large/microwave22.lus,base,Not Found,Not Found,Not Found,Not Found,Not Found,Not Found,Not Found,timeout,Not Found,290.120
/home/ubuntu/Lustre-exp/kind2-benchmarks/FMCAD08/Int32/large/microwave26.lus,base,182.103,1,91,7,0,0,Not Found,timeout,7,290.114
/home/ubuntu/Lustre-exp/kind2-benchmarks/FMCAD08/Int32/large/microwave27.lus,base,Not Found,Not Found,Not Found,Not Found,Not Found,Not Found,Not Found,timeout,Not Found,290.117
/home/ubuntu/Lustre-exp/kind2-benchmarks/FMCAD08/Int32/large/microwave30.lus,base,Not Found,Not Found,Not Found,Not Found,Not Found,Not Found,Not Found,timeout,Not Found,290.116
/home/ubuntu/Lustre-exp/kind2-benchmarks/FMCAD08/Int32/large/microwave31.lus,base,Not Found,Not Found,Not Found,Not Found,Not Found,Not Found,Not Found,timeout,Not Found,290.118
/home/ubuntu/Lustre-exp/kind2-benchmarks/FMCAD08/Int32/large/microwave32.lus,base,Not Found,Not Found,Not Found,Not Found,Not Found,Not Found,Not Found,timeout,Not Found,290.117
/home/ubuntu/Lustre-exp/kind2-benchmarks/FMCAD08/Int32/large/microwave40.lus,l2l1,0.108,0,2,0,0,0,Not Found,invalid,Not Found,0.558
/home/ubuntu/Lustre-exp/kind2-benchmarks/FMCAD08/Int32/large/steam_boiler_no_arr1_e4_23904_e4_2384.lus,l2l1,0.435,2,12,0,0,0,Not Found,valid,0,0.964
/home/ubuntu/Lustre-exp/kind2-benchmarks/FMCAD08/Int32/large/microwave33.lus,base,Not Found,Not Found,Not Found,Not Found,Not Found,Not Found,Not Found,timeout,Not Found,290.118
/home/ubuntu/Lustre-exp/kind2-benchmarks/FMCAD08/Int32/large/steam_boiler_no_arr1.lus,base,0.212,2,12,0,0,0,Not Found,valid,0,0.764
/home/ubuntu/Lustre-exp/kind2-benchmarks/FMCAD08/Int32/large/steam_boiler_no_arr2_e1_17214_e5_18600.lus,l2l1,0.105,3,61,1,0,0,Not Found,valid,1 0,0.471
/home/ubuntu/Lustre-exp/kind2-benchmarks/FMCAD08/Int32/large/steam_boiler_no_arr2_e3_514_e4_11150.lus,base,0.105,3,61,1,0,0,Not Found,valid,1 0,0.480
/home/ubuntu/Lustre-exp/kind2-benchmarks/FMCAD08/Int32/large/steam_boiler_no_arr2_e6_3003_e4_15091.lus,l2l1,0.117,3,61,1,0,0,Not Found,valid,1 0,0.484
/home/ubuntu/Lustre-exp/kind2-benchmarks/FMCAD08/Int32/large/steam_boiler_no_arr2_e7_12307.lus,base,0.106,3,61,1,0,0,Not Found,valid,1 0,0.482
/home/ubuntu/Lustre-exp/kind2-benchmarks/FMCAD08/Int32/large/steam_boiler_no_arr2_e8_21449_e5_18210.lus,l2l1,0.113,3,61,1,0,0,Not Found,valid,1 0,0.481
/home/ubuntu/Lustre-exp/kind2-benchmarks/FMCAD08/Int32/large/steam_boiler_no_arr2.lus,l2l1,0.115,3,61,1,0,0,Not Found,valid,1 0,0.484
/home/ubuntu/Lustre-exp/kind2-benchmarks/FMCAD08/Int32/memory1/DRAGON_10_e1_3587_e7_872.lus,l2l1,0.034,0,2,0,0,0,Not Found,invalid,Not Found,0.437
/home/ubuntu/Lustre-exp/kind2-benchmarks/FMCAD08/Int32/large/microwave34.lus,base,Not Found,Not Found,Not Found,Not Found,Not Found,Not Found,Not Found,timeout,Not Found,290.117
/home/ubuntu/Lustre-exp/kind2-benchmarks/FMCAD08/Int32/large/microwave35.lus,base,Not Found,Not Found,Not Found,Not Found,Not Found,Not Found,Not Found,timeout,Not Found,290.117
/home/ubuntu/Lustre-exp/kind2-benchmarks/FMCAD08/Int32/large/microwave36.lus,base,Not Found,Not Found,Not Found,Not Found,Not Found,Not Found,Not Found,timeout,Not Found,290.117
/home/ubuntu/Lustre-exp/kind2-benchmarks/FMCAD08/Int32/large/microwave37.lus,base,Not Found,Not Found,Not Found,Not Found,Not Found,Not Found,Not Found,timeout,Not Found,290.118
/home/ubuntu/Lustre-exp/kind2-benchmarks/FMCAD08/Int32/memory1/DRAGON_10_e3_144_e7_523.lus,base,0.043,0,2,0,0,0,Not Found,invalid,Not Found,0.430
/home/ubuntu/Lustre-exp/kind2-benchmarks/FMCAD08/Int32/large/microwave38.lus,base,Not Found,Not Found,Not Found,Not Found,Not Found,Not Found,Not Found,timeout,Not Found,290.119
/home/ubuntu/Lustre-exp/kind2-benchmarks/FMCAD08/Int32/memory1/DRAGON_10_e7_3861_e2_1020.lus,l2l1,0.040,0,2,0,0,0,Not Found,invalid,Not Found,0.441
/home/ubuntu/Lustre-exp/kind2-benchmarks/FMCAD08/Int32/memory1/DRAGON_10_e7_3861_e7_2180.lus,base,0.032,0,2,0,0,0,Not Found,invalid,Not Found,0.429
/home/ubuntu/Lustre-exp/kind2-benchmarks/FMCAD08/Int32/large/microwave39.lus,base,Not Found,Not Found,Not Found,Not Found,Not Found,Not Found,Not Found,timeout,Not Found,290.117
/home/ubuntu/Lustre-exp/kind2-benchmarks/FMCAD08/Int32/memory1/DRAGON_10_e1_3587_e3_2749.lus,base,0.286,1,86,6,0,0,Not Found,timeout,6,290.208
/home/ubuntu/Lustre-exp/kind2-benchmarks/FMCAD08/Int32/memory1/DRAGON_10_e1_998.lus,base,0.394,1,102,7,0,0,Not Found,timeout,7,290.120
/home/ubuntu/Lustre-exp/kind2-benchmarks/FMCAD08/Int32/memory1/DRAGON_10_e2_2785_e3_1744.lus,base,3.153,2,355,12,3,0,Not Found,timeout,15 8,290.121
/home/ubuntu/Lustre-exp/kind2-benchmarks/FMCAD08/Int32/memory1/DRAGON_11_e1_2450_e7_5791.lus,base,0.032,0,2,0,0,0,Not Found,invalid,Not Found,0.419
/home/ubuntu/Lustre-exp/kind2-benchmarks/FMCAD08/Int32/memory1/DRAGON_10_e2_402.lus,base,2.769,2,356,12,3,0,Not Found,timeout,15 8,290.118
/home/ubuntu/Lustre-exp/kind2-benchmarks/FMCAD08/Int32/memory1/DRAGON_10_e3_144_e5_2046.lus,base,3.109,2,357,12,3,0,Not Found,timeout,15 8,290.117
/home/ubuntu/Lustre-exp/kind2-benchmarks/FMCAD08/Int32/memory1/DRAGON_10_e3_3429.lus,base,3.517,2,342,12,3,0,Not Found,timeout,15 8,290.119
/home/ubuntu/Lustre-exp/kind2-benchmarks/FMCAD08/Int32/memory1/DRAGON_10.lus,base,6.222,2,425,13,3,0,Not Found,timeout,17 9,290.117
/home/ubuntu/Lustre-exp/kind2-benchmarks/FMCAD08/Int32/memory1/DRAGON_11_e1_2450_e1_5887.lus,base,66.178,1,94,6,0,0,Not Found,timeout,6,290.119
/home/ubuntu/Lustre-exp/kind2-benchmarks/FMCAD08/Int32/memory1/DRAGON_11_e1_2450_e2_1483.lus,base,23.874,1,62,4,0,0,Not Found,timeout,4,290.118
/home/ubuntu/Lustre-exp/kind2-benchmarks/FMCAD08/Int32/memory1/DRAGON_12_e1_4640_e7_128.lus,l2l1,0.032,0,2,0,0,0,Not Found,invalid,Not Found,0.417
/home/ubuntu/Lustre-exp/kind2-benchmarks/FMCAD08/Int32/memory1/DRAGON_11_e1_2450_e3_2330.lus,base,39.582,1,77,5,0,0,Not Found,timeout,5,290.115
/home/ubuntu/Lustre-exp/kind2-benchmarks/FMCAD08/Int32/memory1/DRAGON_11_e1_2450.lus,base,44.176,1,87,6,0,0,Not Found,timeout,6,290.117
/home/ubuntu/Lustre-exp/kind2-benchmarks/FMCAD08/Int32/memory1/DRAGON_11_e2_1678_e1_3565.lus,base,22.427,1,61,4,0,0,Not Found,timeout,4,290.115
/home/ubuntu/Lustre-exp/kind2-benchmarks/FMCAD08/Int32/memory1/DRAGON_12_e2_1618_e7_4732.lus,l2l1,0.034,0,2,0,0,0,Not Found,invalid,Not Found,0.418
/home/ubuntu/Lustre-exp/kind2-benchmarks/FMCAD08/Int32/memory1/DRAGON_11_e2_5396_e3_282.lus,base,20.627,1,63,5,0,0,Not Found,timeout,5,290.114
/home/ubuntu/Lustre-exp/kind2-benchmarks/FMCAD08/Int32/memory1/DRAGON_11_e3_382_e1_505.lus,base,83.554,1,76,6,0,0,Not Found,timeout,6,290.117
/home/ubuntu/Lustre-exp/kind2-benchmarks/FMCAD08/Int32/memory1/DRAGON_11_e3_382_e4_4421.lus,base,90.379,1,72,5,0,0,Not Found,timeout,5,290.115
/home/ubuntu/Lustre-exp/kind2-benchmarks/FMCAD08/Int32/memory1/DRAGON_13_e7_2336_e1_541.lus,l2l1,0.044,0,2,0,0,0,Not Found,invalid,Not Found,0.439
/home/ubuntu/Lustre-exp/kind2-benchmarks/FMCAD08/Int32/memory1/DRAGON_13_e7_2336_e2_1255.lus,base,0.031,0,2,0,0,0,Not Found,invalid,Not Found,0.422
/home/ubuntu/Lustre-exp/kind2-benchmarks/FMCAD08/Int32/memory1/DRAGON_13_e7_2336_e3_3117.lus,base,0.034,0,2,0,0,0,Not Found,invalid,Not Found,0.429
/home/ubuntu/Lustre-exp/kind2-benchmarks/FMCAD08/Int32/memory1/DRAGON_13_e7_2336_e7_685.lus,l2l1,0.040,0,2,0,0,0,Not Found,invalid,Not Found,0.429
/home/ubuntu/Lustre-exp/kind2-benchmarks/FMCAD08/Int32/memory1/DRAGON_13_e7_2336.lus,l2l1,0.040,0,2,0,0,0,Not Found,invalid,Not Found,0.439
/home/ubuntu/Lustre-exp/kind2-benchmarks/FMCAD08/Int32/memory1/DRAGON_11.lus,base,14.600,1,59,4,0,0,Not Found,timeout,4,290.117
/home/ubuntu/Lustre-exp/kind2-benchmarks/FMCAD08/Int32/memory1/DRAGON_12_e2_1618_e1_6030.lus,base,0.533,1,43,3,0,0,Not Found,timeout,3,290.118
/home/ubuntu/Lustre-exp/kind2-benchmarks/FMCAD08/Int32/memory1/DRAGON_12_e2_1618_e2_138.lus,base,0.447,1,39,3,0,0,Not Found,timeout,3,290.115
/home/ubuntu/Lustre-exp/kind2-benchmarks/FMCAD08/Int32/memory1/DRAGON_12_e2_1618_e3_2012.lus,base,0.629,1,50,4,0,0,Not Found,timeout,4,290.116
/home/ubuntu/Lustre-exp/kind2-benchmarks/FMCAD08/Int32/memory1/DRAGON_12_e2_1618.lus,base,0.548,1,54,4,0,0,Not Found,timeout,4,290.117
/home/ubuntu/Lustre-exp/kind2-benchmarks/FMCAD08/Int32/memory1/DRAGON_14_e7_3162_e1_3998.lus,base,31.509,2,243,11,1,0,Not Found,invalid,8 3,32.261
/home/ubuntu/Lustre-exp/kind2-benchmarks/FMCAD08/Int32/memory1/DRAGON_12.lus,base,0.459,1,41,3,0,0,Not Found,timeout,3,290.132
/home/ubuntu/Lustre-exp/kind2-benchmarks/FMCAD08/Int32/memory1/DRAGON_14_e7_3162_e3_4298.lus,l2l1,3.706,1,96,7,0,0,Not Found,invalid,7,21.375
/home/ubuntu/Lustre-exp/kind2-benchmarks/FMCAD08/Int32/memory1/DRAGON_14_e7_3162_e2_753.lus,base,25.641,2,225,11,1,0,Not Found,invalid,9 3,26.381
/home/ubuntu/Lustre-exp/kind2-benchmarks/FMCAD08/Int32/memory1/DRAGON_14_e7_3162_e7_3528.lus,l2l1,2.716,1,75,6,0,0,Not Found,invalid,6,11.042
/home/ubuntu/Lustre-exp/kind2-benchmarks/FMCAD08/Int32/memory1/DRAGON_13_e3_1418_e3_2761.lus,base,0.790,1,107,7,0,0,Not Found,timeout,7,290.235
/home/ubuntu/Lustre-exp/kind2-benchmarks/FMCAD08/Int32/memory1/DRAGON_1_e1_14612_e1_268_e7_501.lus,l2l1,0.215,2,23,1,0,0,Not Found,valid,1,0.509
/home/ubuntu/Lustre-exp/kind2-benchmarks/FMCAD08/Int32/memory1/DRAGON_1_e1_14612_e2_2653_e7_4370.lus,l2l1,0.188,2,30,1,0,0,Not Found,valid,1,0.492
/home/ubuntu/Lustre-exp/kind2-benchmarks/FMCAD08/Int32/memory1/DRAGON_1_e1_3184_e7_1888.lus,l2l1,0.123,2,23,1,0,0,Not Found,valid,1,0.482
/home/ubuntu/Lustre-exp/kind2-benchmarks/FMCAD08/Int32/memory1/DRAGON_1_e1_5070.lus,base,0.180,2,45,2,0,0,Not Found,valid,2,0.564
/home/ubuntu/Lustre-exp/kind2-benchmarks/FMCAD08/Int32/memory1/DRAGON_1_e2_1997_e7_3613_e2_3409.lus,base,0.125,2,23,1,0,0,Not Found,valid,1,0.500
/home/ubuntu/Lustre-exp/kind2-benchmarks/FMCAD08/Int32/memory1/DRAGON_1_e2_1997.lus,base,0.135,2,28,1,0,0,Not Found,valid,1,0.501
/home/ubuntu/Lustre-exp/kind2-benchmarks/FMCAD08/Int32/memory1/DRAGON_1_e3_11891_e7_4569_e4_4881.lus,l2l1,0.299,2,47,2,0,0,Not Found,valid,2,0.652
/home/ubuntu/Lustre-exp/kind2-benchmarks/FMCAD08/Int32/memory1/DRAGON_1.lus,base,0.172,2,36,2,0,0,Not Found,valid,2,0.546
/home/ubuntu/Lustre-exp/kind2-benchmarks/FMCAD08/Int32/memory1/DRAGON_13.lus,base,0.695,1,95,7,0,0,Not Found,timeout,7,290.194
/home/ubuntu/Lustre-exp/kind2-benchmarks/FMCAD08/Int32/memory1/DRAGON_14_e1_5710.lus,base,6.332,1,117,7,0,0,Not Found,timeout,7,290.120
/home/ubuntu/Lustre-exp/kind2-benchmarks/FMCAD08/Int32/memory1/DRAGON_14_e2_3606.lus,base,146.276,2,436,14,2,0,Not Found,timeout,17 10,290.119
/home/ubuntu/Lustre-exp/kind2-benchmarks/FMCAD08/Int32/memory1/DRAGON_14_e3_1259_e1_5798.lus,base,2.936,1,93,6,0,0,Not Found,timeout,6,290.123
/home/ubuntu/Lustre-exp/kind2-benchmarks/FMCAD08/Int32/memory1/DRAGON_14_e3_5120.lus,base,69.917,2,353,12,2,0,Not Found,timeout,14 8,290.120
/home/ubuntu/Lustre-exp/kind2-benchmarks/FMCAD08/Int32/memory1/DRAGON_2_e7_25_e1_154.lus,base,0.035,0,2,0,0,0,Not Found,invalid,Not Found,0.434
/home/ubuntu/Lustre-exp/kind2-benchmarks/FMCAD08/Int32/memory1/DRAGON_2_e7_25_e2_5340.lus,l2l1,0.047,0,2,0,0,0,Not Found,invalid,Not Found,0.440
/home/ubuntu/Lustre-exp/kind2-benchmarks/FMCAD08/Int32/memory1/DRAGON_2_e7_25_e3_829.lus,base,0.035,0,2,0,0,0,Not Found,invalid,Not Found,0.428
/home/ubuntu/Lustre-exp/kind2-benchmarks/FMCAD08/Int32/memory1/DRAGON_2_e7_25_e7_4469.lus,base,0.045,0,2,0,0,0,Not Found,invalid,Not Found,0.448
/home/ubuntu/Lustre-exp/kind2-benchmarks/FMCAD08/Int32/memory1/DRAGON_14_e7_3162.lus,base,2.128,1,88,6,0,0,Not Found,timeout,6,290.124
/home/ubuntu/Lustre-exp/kind2-benchmarks/FMCAD08/Int32/memory1/DRAGON_2_e7_25.lus,l2l1,0.051,0,2,0,0,0,Not Found,invalid,Not Found,0.430
/home/ubuntu/Lustre-exp/kind2-benchmarks/FMCAD08/Int32/memory1/DRAGON_14.lus,base,75.961,2,397,13,3,0,Not Found,timeout,16 9,290.115
/home/ubuntu/Lustre-exp/kind2-benchmarks/FMCAD08/Int32/memory1/DRAGON_2_e1_2316.lus,base,Not Found,Not Found,Not Found,Not Found,Not Found,Not Found,Not Found,timeout,Not Found,290.116
/home/ubuntu/Lustre-exp/kind2-benchmarks/FMCAD08/Int32/memory1/DRAGON_2_e2_3183_e1_2644.lus,base,Not Found,Not Found,Not Found,Not Found,Not Found,Not Found,Not Found,timeout,Not Found,290.116
/home/ubuntu/Lustre-exp/kind2-benchmarks/FMCAD08/Int32/memory1/DRAGON_2_e2_3183_e2_3580.lus,base,Not Found,Not Found,Not Found,Not Found,Not Found,Not Found,Not Found,timeout,Not Found,290.116
/home/ubuntu/Lustre-exp/kind2-benchmarks/FMCAD08/Int32/memory1/DRAGON_3_e1_4783_e7_4070.lus,base,0.100,0,2,0,0,0,Not Found,invalid,Not Found,0.504
/home/ubuntu/Lustre-exp/kind2-benchmarks/FMCAD08/Int32/memory1/DRAGON_2_e2_3183_e3_5972.lus,base,Not Found,Not Found,Not Found,Not Found,Not Found,Not Found,Not Found,timeout,Not Found,290.116
/home/ubuntu/Lustre-exp/kind2-benchmarks/FMCAD08/Int32/memory1/DRAGON_2_e2_4481.lus,base,Not Found,Not Found,Not Found,Not Found,Not Found,Not Found,Not Found,timeout,Not Found,290.114
/home/ubuntu/Lustre-exp/kind2-benchmarks/FMCAD08/Int32/memory1/DRAGON_2_e7_25_e8_3171.lus,base,Not Found,Not Found,Not Found,Not Found,Not Found,Not Found,Not Found,timeout,Not Found,290.114
/home/ubuntu/Lustre-exp/kind2-benchmarks/FMCAD08/Int32/memory1/DRAGON_2.lus,base,Not Found,Not Found,Not Found,Not Found,Not Found,Not Found,Not Found,timeout,Not Found,290.115
/home/ubuntu/Lustre-exp/kind2-benchmarks/FMCAD08/Int32/memory1/DRAGON_3_e1_4783_e1_3755.lus,base,Not Found,Not Found,Not Found,Not Found,Not Found,Not Found,Not Found,timeout,Not Found,290.114
/home/ubuntu/Lustre-exp/kind2-benchmarks/FMCAD08/Int32/memory1/DRAGON_3_e7_4884.lus,base,0.070,0,2,0,0,0,Not Found,invalid,Not Found,0.469
/home/ubuntu/Lustre-exp/kind2-benchmarks/FMCAD08/Int32/memory1/DRAGON_3_e1_4783_e2_158.lus,base,Not Found,Not Found,Not Found,Not Found,Not Found,Not Found,Not Found,timeout,Not Found,290.116
/home/ubuntu/Lustre-exp/kind2-benchmarks/FMCAD08/Int32/memory1/DRAGON_3_e1_4783_e3_511.lus,base,Not Found,Not Found,Not Found,Not Found,Not Found,Not Found,Not Found,timeout,Not Found,290.116
/home/ubuntu/Lustre-exp/kind2-benchmarks/FMCAD08/Int32/memory1/DRAGON_3_e1_4783.lus,base,Not Found,Not Found,Not Found,Not Found,Not Found,Not Found,Not Found,timeout,Not Found,290.115
/home/ubuntu/Lustre-exp/kind2-benchmarks/FMCAD08/Int32/memory1/DRAGON_3_e2_5343_e1_988.lus,base,Not Found,Not Found,Not Found,Not Found,Not Found,Not Found,Not Found,timeout,Not Found,290.115
/home/ubuntu/Lustre-exp/kind2-benchmarks/FMCAD08/Int32/memory1/DRAGON_3_e3_3846.lus,base,Not Found,Not Found,Not Found,Not Found,Not Found,Not Found,Not Found,timeout,Not Found,290.114
/home/ubuntu/Lustre-exp/kind2-benchmarks/FMCAD08/Int32/memory1/DRAGON_4_e2_2799_e7_2499.lus,l2l1,0.280,1,28,2,0,0,Not Found,invalid,1,0.604
/home/ubuntu/Lustre-exp/kind2-benchmarks/FMCAD08/Int32/memory1/DRAGON_3_e3_5422_e1_2288.lus,base,Not Found,Not Found,Not Found,Not Found,Not Found,Not Found,Not Found,timeout,Not Found,290.116
/home/ubuntu/Lustre-exp/kind2-benchmarks/FMCAD08/Int32/memory1/DRAGON_3_e3_5422_e2_3135.lus,base,Not Found,Not Found,Not Found,Not Found,Not Found,Not Found,Not Found,timeout,Not Found,290.114
/home/ubuntu/Lustre-exp/kind2-benchmarks/FMCAD08/Int32/memory1/DRAGON_3.lus,base,Not Found,Not Found,Not Found,Not Found,Not Found,Not Found,Not Found,timeout,Not Found,290.113
/home/ubuntu/Lustre-exp/kind2-benchmarks/FMCAD08/Int32/memory1/DRAGON_4_e7_2329_e3_4574.lus,base,0.276,1,52,5,0,0,Not Found,invalid,3,0.678
/home/ubuntu/Lustre-exp/kind2-benchmarks/FMCAD08/Int32/memory1/DRAGON_4_e7_2329_e7_3856.lus,l2l1,0.446,1,56,6,0,0,Not Found,invalid,4,0.829
/home/ubuntu/Lustre-exp/kind2-benchmarks/FMCAD08/Int32/memory1/DRAGON_4_e7_2329.lus,base,0.161,1,24,2,0,0,Not Found,invalid,0,0.555
/home/ubuntu/Lustre-exp/kind2-benchmarks/FMCAD08/Int32/memory1/DRAGON_4_e1_4312.lus,base,0.241,1,55,4,0,0,Not Found,timeout,4,290.181
/home/ubuntu/Lustre-exp/kind2-benchmarks/FMCAD08/Int32/memory1/DRAGON_4_e2_2799_e1_1303.lus,base,0.216,1,59,4,0,0,Not Found,timeout,4,290.183
/home/ubuntu/Lustre-exp/kind2-benchmarks/FMCAD08/Int32/memory1/DRAGON_4_e2_2799_e2_2251.lus,base,121.263,2,16014,97,3,0,Not Found,timeout,137 44,290.196
/home/ubuntu/Lustre-exp/kind2-benchmarks/FMCAD08/Int32/memory1/DRAGON_5_e7_2017_e1_5832.lus,base,0.339,1,45,4,0,0,Not Found,invalid,2,0.738
/home/ubuntu/Lustre-exp/kind2-benchmarks/FMCAD08/Int32/memory1/DRAGON_5_e7_2017_e2_664.lus,base,0.528,1,48,4,0,0,Not Found,invalid,2,0.939
/home/ubuntu/Lustre-exp/kind2-benchmarks/FMCAD08/Int32/memory1/DRAGON_5_e7_2017_e3_1763.lus,base,0.211,1,22,2,0,0,Not Found,invalid,0,0.621
/home/ubuntu/Lustre-exp/kind2-benchmarks/FMCAD08/Int32/memory1/DRAGON_5_e7_2017_e7_2326.lus,l2l1,0.275,1,38,3,0,0,Not Found,invalid,2,0.620
/home/ubuntu/Lustre-exp/kind2-benchmarks/FMCAD08/Int32/memory1/DRAGON_5_e7_2017.lus,l2l1,0.128,1,12,1,0,0,Not Found,invalid,0,0.529
/home/ubuntu/Lustre-exp/kind2-benchmarks/FMCAD08/Int32/memory1/DRAGON_4_e2_2799_e3_1915.lus,base,0.286,1,65,5,0,0,Not Found,timeout,5,290.214
/home/ubuntu/Lustre-exp/kind2-benchmarks/FMCAD08/Int32/memory1/DRAGON_6_e7_5046_e7_3623.lus,l2l1,0.088,1,14,1,0,0,Not Found,valid,1,0.763
/home/ubuntu/Lustre-exp/kind2-benchmarks/FMCAD08/Int32/memory1/DRAGON_4_e2_2799.lus,base,0.255,1,72,5,0,0,Not Found,timeout,5,290.197
/home/ubuntu/Lustre-exp/kind2-benchmarks/FMCAD08/Int32/memory1/DRAGON_6.lus,l2l1,0.121,2,27,1,0,0,Not Found,valid,1,0.472
/home/ubuntu/Lustre-exp/kind2-benchmarks/FMCAD08/Int32/memory1/DRAGON_4_e3_1540_e1_5048.lus,base,0.226,1,53,4,0,0,Not Found,timeout,4,290.244
/home/ubuntu/Lustre-exp/kind2-benchmarks/FMCAD08/Int32/memory1/DRAGON_5_e1_1835.lus,base,195.317,4,441,8,2,0,Not Found,valid,8 6 3,196.051
/home/ubuntu/Lustre-exp/kind2-benchmarks/FMCAD08/Int32/memory1/DRAGON_5.lus,l2l1,122.185,3,292,7,1,0,Not Found,valid,8 6 3,152.001
/home/ubuntu/Lustre-exp/kind2-benchmarks/FMCAD08/Int32/memory1/DRAGON_4_e3_4133.lus,base,64.334,2,5472,56,3,0,Not Found,timeout,70 18,290.145
/home/ubuntu/Lustre-exp/kind2-benchmarks/FMCAD08/Int32/memory1/DRAGON_4.lus,base,0.357,1,85,6,0,0,Not Found,timeout,6,290.161
/home/ubuntu/Lustre-exp/kind2-benchmarks/FMCAD08/Int32/memory1/DRAGON_5_e2_3018_e2_936.lus,l2l1,52.124,2,138,5,0,0,Not Found,valid,5 3,273.415
/home/ubuntu/Lustre-exp/kind2-benchmarks/FMCAD08/Int32/memory1/DRAGON_7_e2_2872_e2_5844.lus,base,8.995,1,43,3,0,0,Not Found,timeout,3,290.118
/home/ubuntu/Lustre-exp/kind2-benchmarks/FMCAD08/Int32/memory1/DRAGON_7_e2_2872_e3_2640.lus,base,3.718,1,43,3,0,0,Not Found,timeout,3,290.120
/home/ubuntu/Lustre-exp/kind2-benchmarks/FMCAD08/Int32/memory1/DRAGON_7_e7_3157_e2_2082.lus,base,12.457,1,43,3,0,0,Not Found,timeout,3,290.136
/home/ubuntu/Lustre-exp/kind2-benchmarks/FMCAD08/Int32/memory1/DRAGON_7.lus,base,6.452,1,43,3,0,0,Not Found,timeout,3,290.134
/home/ubuntu/Lustre-exp/kind2-benchmarks/FMCAD08/Int32/memory1/DRAGON_8_e2_3896_e3_3125.lus,base,0.265,1,30,2,0,0,Not Found,timeout,2,290.128
/home/ubuntu/Lustre-exp/kind2-benchmarks/FMCAD08/Int32/memory1/DRAGON_8_e3_786_e7_4541.lus,base,0.166,1,30,2,0,0,Not Found,timeout,2,290.191
/home/ubuntu/Lustre-exp/kind2-benchmarks/FMCAD08/Int32/memory1/DRAGON_8_e3_786.lus,base,163.085,2,2202,33,1,0,Not Found,timeout,40 9,290.126
/home/ubuntu/Lustre-exp/kind2-benchmarks/FMCAD08/Int32/memory1/DRAGON_8_e7_3752.lus,base,0.156,1,30,2,0,0,Not Found,timeout,2,290.136
/home/ubuntu/Lustre-exp/kind2-benchmarks/FMCAD08/Int32/memory1/DRAGON_all2_e2_2073_e8_3691.lus,base,0.098,0,2,0,0,0,Not Found,invalid,Not Found,0.520
/home/ubuntu/Lustre-exp/kind2-benchmarks/FMCAD08/Int32/memory1/DRAGON_8.lus,base,1.585,2,146,5,1,0,Not Found,timeout,7 4,290.120
/home/ubuntu/Lustre-exp/kind2-benchmarks/FMCAD08/Int32/memory1/DRAGON_9_e7_1843_e1_5434.lus,base,0.128,1,27,2,0,0,Not Found,timeout,2,290.185
/home/ubuntu/Lustre-exp/kind2-benchmarks/FMCAD08/Int32/memory1/DRAGON_9_e7_1843_e2_1145.lus,base,5.113,3,279,5,1,0,Not Found,timeout,6 5 3,290.124
/home/ubuntu/Lustre-exp/kind2-benchmarks/FMCAD08/Int32/memory1/DRAGON_9_e7_1843_e3_5316.lus,base,0.147,1,30,2,0,0,Not Found,timeout,2,290.137
/home/ubuntu/Lustre-exp/kind2-benchmarks/FMCAD08/Int32/memory1/DRAGON_9_e7_1843_e7_2225.lus,base,75.936,8,1931,13,1,0,Not Found,timeout,11 8 7 6 5 4 3 2,290.314
/home/ubuntu/Lustre-exp/kind2-benchmarks/FMCAD08/Int32/memory1/DRAGON_all2_e3_4612_e8_5861.lus,base,0.060,0,2,0,0,0,Not Found,invalid,Not Found,0.477
/home/ubuntu/Lustre-exp/kind2-benchmarks/FMCAD08/Int32/memory1/DRAGON_all2_e7_5406_e1_6690.lus,base,0.044,0,2,0,0,0,Not Found,invalid,Not Found,0.472
/home/ubuntu/Lustre-exp/kind2-benchmarks/FMCAD08/Int32/memory1/DRAGON_all2_e7_5406_e2_3084.lus,l2l1,0.055,0,2,0,0,0,Not Found,invalid,Not Found,0.491
/home/ubuntu/Lustre-exp/kind2-benchmarks/FMCAD08/Int32/memory1/DRAGON_all2_e7_5406_e3_506.lus,l2l1,0.066,0,2,0,0,0,Not Found,invalid,Not Found,0.472
/home/ubuntu/Lustre-exp/kind2-benchmarks/FMCAD08/Int32/memory1/DRAGON_all2_e7_5406_e7_6697.lus,base,0.050,0,2,0,0,0,Not Found,invalid,Not Found,0.474
/home/ubuntu/Lustre-exp/kind2-benchmarks/FMCAD08/Int32/memory1/DRAGON_all2_e7_5406.lus,base,0.080,0,2,0,0,0,Not Found,invalid,Not Found,0.498
/home/ubuntu/Lustre-exp/kind2-benchmarks/FMCAD08/Int32/memory1/DRAGON_all2_e8_4626.lus,l2l1,0.057,0,2,0,0,0,Not Found,invalid,Not Found,0.491
/home/ubuntu/Lustre-exp/kind2-benchmarks/FMCAD08/Int32/memory1/DRAGON_all2_e8_5504_e1_4719.lus,base,0.102,0,2,0,0,0,Not Found,invalid,Not Found,0.517
/home/ubuntu/Lustre-exp/kind2-benchmarks/FMCAD08/Int32/memory1/DRAGON_all2_e8_5504_e7_579.lus,base,0.053,0,2,0,0,0,Not Found,invalid,Not Found,0.465
/home/ubuntu/Lustre-exp/kind2-benchmarks/FMCAD08/Int32/memory1/DRAGON_9_e7_1843.lus,base,0.159,1,32,2,0,0,Not Found,timeout,2,290.138
/home/ubuntu/Lustre-exp/kind2-benchmarks/FMCAD08/Int32/memory1/DRAGON_9.lus,base,0.138,1,30,2,0,0,Not Found,timeout,2,290.178
/home/ubuntu/Lustre-exp/kind2-benchmarks/FMCAD08/Int32/memory1/DRAGON_all2_e3_4612_e1_6463.lus,base,39.817,1,353,16,0,0,Not Found,timeout,16,290.118
/home/ubuntu/Lustre-exp/kind2-benchmarks/FMCAD08/Int32/memory1/DRAGON_all2_e3_4612_e2_5774.lus,base,42.793,1,310,14,0,0,Not Found,timeout,14,290.119
/home/ubuntu/Lustre-exp/kind2-benchmarks/FMCAD08/Int32/memory1/DRAGON_all_e1_4022_e7_2886.lus,base,0.046,0,2,0,0,0,Not Found,invalid,Not Found,0.451
/home/ubuntu/Lustre-exp/kind2-benchmarks/FMCAD08/Int32/memory1/DRAGON_all2_e3_4612_e3_1543.lus,base,38.554,1,357,15,0,0,Not Found,timeout,15,290.117
/home/ubuntu/Lustre-exp/kind2-benchmarks/FMCAD08/Int32/memory1/DRAGON_all2_e3_4612_e4_3719.lus,base,73.463,1,377,16,0,0,Not Found,timeout,16,290.118
/home/ubuntu/Lustre-exp/kind2-benchmarks/FMCAD08/Int32/memory1/DRAGON_all2_e3_4612_e5_3642.lus,base,47.511,1,292,13,0,0,Not Found,timeout,13,290.119
/home/ubuntu/Lustre-exp/kind2-benchmarks/FMCAD08/Int32/memory1/DRAGON_all2.lus,base,76.112,1,305,14,0,0,Not Found,timeout,14,290.118
/home/ubuntu/Lustre-exp/kind2-benchmarks/FMCAD08/Int32/memory1/DRAGON_all_e1_4022_e1_1759.lus,base,Not Found,Not Found,Not Found,Not Found,Not Found,Not Found,Not Found,timeout,Not Found,290.116
/home/ubuntu/Lustre-exp/kind2-benchmarks/FMCAD08/Int32/memory1/DRAGON_all_e1_4022_e2_267.lus,base,Not Found,Not Found,Not Found,Not Found,Not Found,Not Found,Not Found,timeout,Not Found,290.115
/home/ubuntu/Lustre-exp/kind2-benchmarks/FMCAD08/Int32/memory1/DRAGON_all_e1_4022_e3_3628.lus,base,Not Found,Not Found,Not Found,Not Found,Not Found,Not Found,Not Found,timeout,Not Found,290.116
/home/ubuntu/Lustre-exp/kind2-benchmarks/FMCAD08/Int32/memory1/DRAGON_all_e1_4037.lus,base,Not Found,Not Found,Not Found,Not Found,Not Found,Not Found,Not Found,timeout,Not Found,290.114
/home/ubuntu/Lustre-exp/kind2-benchmarks/FMCAD08/Int32/memory1/DRAGON_all_e2_6104_e1_6205.lus,base,Not Found,Not Found,Not Found,Not Found,Not Found,Not Found,Not Found,timeout,Not Found,290.115
/home/ubuntu/Lustre-exp/kind2-benchmarks/FMCAD08/Int32/memory1/DRAGON_all_e2_6104_e2_3308.lus,base,Not Found,Not Found,Not Found,Not Found,Not Found,Not Found,Not Found,timeout,Not Found,290.116
/home/ubuntu/Lustre-exp/kind2-benchmarks/FMCAD08/Int32/memory1/DRAGON_all_e7_1941_e2_6086.lus,base,0.038,0,2,0,0,0,Not Found,invalid,Not Found,0.437
/home/ubuntu/Lustre-exp/kind2-benchmarks/FMCAD08/Int32/memory1/DRAGON_all_e7_4065.lus,base,0.044,0,2,0,0,0,Not Found,invalid,Not Found,0.452
/home/ubuntu/Lustre-exp/kind2-benchmarks/FMCAD08/Int32/memory1/DRAGON_all_e2_6104_e3_2607.lus,base,Not Found,Not Found,Not Found,Not Found,Not Found,Not Found,Not Found,timeout,Not Found,290.118
/home/ubuntu/Lustre-exp/kind2-benchmarks/FMCAD08/Int32/memory1/DRAGON_all_e2_6104.lus,base,Not Found,Not Found,Not Found,Not Found,Not Found,Not Found,Not Found,timeout,Not Found,290.117
/home/ubuntu/Lustre-exp/kind2-benchmarks/FMCAD08/Int32/memory1/DRAGON_all_e3_4821_e1_1318.lus,base,Not Found,Not Found,Not Found,Not Found,Not Found,Not Found,Not Found,timeout,Not Found,290.115
/home/ubuntu/Lustre-exp/kind2-benchmarks/FMCAD08/Int32/memory1/DRAGON_all_e3_4821_e2_1089.lus,base,Not Found,Not Found,Not Found,Not Found,Not Found,Not Found,Not Found,timeout,Not Found,290.115
/home/ubuntu/Lustre-exp/kind2-benchmarks/FMCAD08/Int32/memory1/DRAGON_all_e3_4821_e4_1791.lus,base,Not Found,Not Found,Not Found,Not Found,Not Found,Not Found,Not Found,timeout,Not Found,290.117
/home/ubuntu/Lustre-exp/kind2-benchmarks/FMCAD08/Int32/memory1/DRAGON_all_e3_4821_e5_1536.lus,base,Not Found,Not Found,Not Found,Not Found,Not Found,Not Found,Not Found,timeout,Not Found,290.115
/home/ubuntu/Lustre-exp/kind2-benchmarks/FMCAD08/Int32/memory1/DRAGON_all_e3_5957.lus,base,Not Found,Not Found,Not Found,Not Found,Not Found,Not Found,Not Found,timeout,Not Found,290.115
/home/ubuntu/Lustre-exp/kind2-benchmarks/FMCAD08/Int32/memory1/DRAGON_all.lus,base,Not Found,Not Found,Not Found,Not Found,Not Found,Not Found,Not Found,timeout,Not Found,290.114
/home/ubuntu/Lustre-exp/kind2-benchmarks/FMCAD08/Int32/memory1/FIREFLY_1_e1_1092_e1_1486.lus,l2l1,76.888,1,25,2,0,0,Not Found,invalid,0,77.565
/home/ubuntu/Lustre-exp/kind2-benchmarks/FMCAD08/Int32/memory1/FIREFLY_1_e1_1092_e7_1119.lus,l2l1,0.025,0,2,0,0,0,Not Found,invalid,Not Found,0.395
/home/ubuntu/Lustre-exp/kind2-benchmarks/FMCAD08/Int32/memory1/FIREFLY_10_e7_919_e2_3192.lus,base,274.898,9,19130,69,1,0,Not Found,timeout,70 69 67 65 63 62 61 60 59,290.228
/home/ubuntu/Lustre-exp/kind2-benchmarks/FMCAD08/Int32/memory1/FIREFLY_1_e1_1092.lus,l2l1,40.018,1,36,3,0,0,Not Found,invalid,1,40.698
/home/ubuntu/Lustre-exp/kind2-benchmarks/FMCAD08/Int32/memory1/FIREFLY_10.lus,base,0.169,2,94,4,1,0,Not Found,timeout,5 3,290.154
/home/ubuntu/Lustre-exp/kind2-benchmarks/FMCAD08/Int32/memory1/FIREFLY_2_e3_151_e3_1540.lus,base,45.833,1,30,3,0,0,Not Found,invalid,1,46.508
/home/ubuntu/Lustre-exp/kind2-benchmarks/FMCAD08/Int32/memory1/FIREFLY_11_e1_3457.lus,base,0.144,1,41,3,0,0,Not Found,timeout,3,290.191
/home/ubuntu/Lustre-exp/kind2-benchmarks/FMCAD08/Int32/memory1/FIREFLY_11_e3_2076_e1_1270.lus,base,0.079,1,26,2,0,0,Not Found,timeout,2,290.197
/home/ubuntu/Lustre-exp/kind2-benchmarks/FMCAD08/Int32/memory1/FIREFLY_3_e2_2236_e3_2657.lus,base,0.105,1,22,2,0,0,Not Found,invalid,0,0.479
/home/ubuntu/Lustre-exp/kind2-benchmarks/FMCAD08/Int32/memory1/FIREFLY_11.lus,base,0.083,1,26,2,0,0,Not Found,timeout,2,290.174
/home/ubuntu/Lustre-exp/kind2-benchmarks/FMCAD08/Int32/memory1/FIREFLY_1_e1_1092_e2_1853.lus,base,Not Found,Not Found,Not Found,Not Found,Not Found,Not Found,Not Found,timeout,Not Found,290.118
/home/ubuntu/Lustre-exp/kind2-benchmarks/FMCAD08/Int32/memory1/FIREFLY_1_e1_1092_e3_389.lus,l2l1,272.221,1,34,3,0,0,Not Found,invalid,1,272.905
/home/ubuntu/Lustre-exp/kind2-benchmarks/FMCAD08/Int32/memory1/FIREFLY_1.lus,base,Not Found,Not Found,Not Found,Not Found,Not Found,Not Found,Not Found,timeout,Not Found,290.115
/home/ubuntu/Lustre-exp/kind2-benchmarks/FMCAD08/Int32/memory1/FIREFLY_2.lus,base,Not Found,Not Found,Not Found,Not Found,Not Found,Not Found,Not Found,timeout,Not Found,290.117
/home/ubuntu/Lustre-exp/kind2-benchmarks/FMCAD08/Int32/memory1/FIREFLY_3_e2_2236_e1_2305.lus,base,68.076,2,433,12,2,0,Not Found,timeout,17 9,290.117
/home/ubuntu/Lustre-exp/kind2-benchmarks/FMCAD08/Int32/memory1/FIREFLY_3_e2_2236_e2_1058.lus,base,180.205,2,650,15,2,0,Not Found,timeout,23 12,290.121
/home/ubuntu/Lustre-exp/kind2-benchmarks/FMCAD08/Int32/memory1/FIREFLY_3_e2_2236_e7_3681.lus,base,0.166,1,51,4,0,0,Not Found,timeout,4,290.173
/home/ubuntu/Lustre-exp/kind2-benchmarks/FMCAD08/Int32/memory1/FIREFLY_4_e3_3511_e7_3568.lus,l2l1,0.087,0,2,0,0,0,Not Found,invalid,Not Found,0.449
/home/ubuntu/Lustre-exp/kind2-benchmarks/FMCAD08/Int32/memory1/FIREFLY_3_e2_2236.lus,base,28.784,2,413,12,2,0,Not Found,timeout,16 8,290.122
/home/ubuntu/Lustre-exp/kind2-benchmarks/FMCAD08/Int32/memory1/FIREFLY_3.lus,base,45.211,2,470,13,2,0,Not Found,timeout,19 10,290.120
/home/ubuntu/Lustre-exp/kind2-benchmarks/FMCAD08/Int32/memory1/FIREFLY_4_e3_3511_e1_2375.lus,base,Not Found,Not Found,Not Found,Not Found,Not Found,Not Found,Not Found,timeout,Not Found,290.117
/home/ubuntu/Lustre-exp/kind2-benchmarks/FMCAD08/Int32/memory1/FIREFLY_4_e3_3511_e2_1923.lus,base,Not Found,Not Found,Not Found,Not Found,Not Found,Not Found,Not Found,timeout,Not Found,290.115
/home/ubuntu/Lustre-exp/kind2-benchmarks/FMCAD08/Int32/memory1/FIREFLY_4_e3_3511_e3_422.lus,base,Not Found,Not Found,Not Found,Not Found,Not Found,Not Found,Not Found,timeout,Not Found,290.116
/home/ubuntu/Lustre-exp/kind2-benchmarks/FMCAD08/Int32/memory1/FIREFLY_4_e3_3511_e4_1464.lus,base,Not Found,Not Found,Not Found,Not Found,Not Found,Not Found,Not Found,timeout,Not Found,290.117
/home/ubuntu/Lustre-exp/kind2-benchmarks/FMCAD08/Int32/memory1/FIREFLY_4_e3_3511_e5_3248.lus,base,Not Found,Not Found,Not Found,Not Found,Not Found,Not Found,Not Found,timeout,Not Found,290.116
/home/ubuntu/Lustre-exp/kind2-benchmarks/FMCAD08/Int32/memory1/FIREFLY_4_e3_3511.lus,base,Not Found,Not Found,Not Found,Not Found,Not Found,Not Found,Not Found,timeout,Not Found,290.116
/home/ubuntu/Lustre-exp/kind2-benchmarks/FMCAD08/Int32/memory1/FIREFLY_4.lus,base,Not Found,Not Found,Not Found,Not Found,Not Found,Not Found,Not Found,timeout,Not Found,290.117
/home/ubuntu/Lustre-exp/kind2-benchmarks/FMCAD08/Int32/memory1/FIREFLY_5_e1_2552_e7_1169.lus,base,228.974,7,6812,48,1,0,Not Found,timeout,47 46 45 44 43 42,290.182
/home/ubuntu/Lustre-exp/kind2-benchmarks/FMCAD08/Int32/memory1/FIREFLY_6.lus,base,6.236,5,746,12,2,3,Not Found,valid,16 14 10 5,6.627
/home/ubuntu/Lustre-exp/kind2-benchmarks/FMCAD08/Int32/memory1/FIREFLY_5_e2_2229.lus,base,0.080,1,27,2,0,0,Not Found,timeout,2,290.173
/home/ubuntu/Lustre-exp/kind2-benchmarks/FMCAD08/Int32/memory1/FIREFLY_8_e2_1711_e1_1489.lus,base,0.077,2,27,1,0,0,Not Found,valid,1,0.438
/home/ubuntu/Lustre-exp/kind2-benchmarks/FMCAD08/Int32/memory1/FIREFLY_8_e2_1711_e2_2673.lus,l2l1,0.072,2,27,1,0,0,Not Found,valid,1,0.427
/home/ubuntu/Lustre-exp/kind2-benchmarks/FMCAD08/Int32/memory1/FIREFLY_8_e2_1711_e3_1753.lus,base,0.071,2,27,1,0,0,Not Found,valid,1,0.435
/home/ubuntu/Lustre-exp/kind2-benchmarks/FMCAD08/Int32/memory1/FIREFLY_8_e2_1711_e7_1962.lus,l2l1,0.025,0,2,0,0,0,Not Found,invalid,Not Found,0.394
/home/ubuntu/Lustre-exp/kind2-benchmarks/FMCAD08/Int32/memory1/FIREFLY_8_e2_1711.lus,l2l1,0.068,2,27,1,0,0,Not Found,valid,1,0.433
/home/ubuntu/Lustre-exp/kind2-benchmarks/FMCAD08/Int32/memory1/FIREFLY_8.lus,l2l1,0.081,2,27,1,0,0,Not Found,valid,1,0.434
/home/ubuntu/Lustre-exp/kind2-benchmarks/FMCAD08/Int32/memory1/FIREFLY_9_e7_170_e3_3647.lus,base,0.407,2,25,1,0,0,Not Found,valid,1,0.767
/home/ubuntu/Lustre-exp/kind2-benchmarks/FMCAD08/Int32/memory1/FIREFLY_9.lus,l2l1,0.506,2,31,1,0,0,Not Found,valid,1,0.860
/home/ubuntu/Lustre-exp/kind2-benchmarks/FMCAD08/Int32/memory1/FIREFLY_a3_e1_3233_e1_3123.lus,l2l1,68.633,1,105,7,0,0,Not Found,invalid,6,68.921
/home/ubuntu/Lustre-exp/kind2-benchmarks/FMCAD08/Int32/memory1/FIREFLY_5_e2_2884_e1_2678.lus,base,0.081,1,27,2,0,0,Not Found,timeout,2,290.216
/home/ubuntu/Lustre-exp/kind2-benchmarks/FMCAD08/Int32/memory1/FIREFLY_5_e2_2884_e2_1492.lus,base,0.098,1,27,2,0,0,Not Found,timeout,2,290.167
/home/ubuntu/Lustre-exp/kind2-benchmarks/FMCAD08/Int32/memory1/FIREFLY_a3_e1_3233_e7_906.lus,l2l1,0.035,0,2,0,0,0,Not Found,invalid,Not Found,0.421
/home/ubuntu/Lustre-exp/kind2-benchmarks/FMCAD08/Int32/memory1/FIREFLY_5_e2_2884_e3_1882.lus,base,0.088,1,27,2,0,0,Not Found,timeout,2,290.175
/home/ubuntu/Lustre-exp/kind2-benchmarks/FMCAD08/Int32/memory1/FIREFLY_5_e2_2884_e7_3594.lus,base,0.078,1,23,2,0,0,Not Found,timeout,2,290.172
/home/ubuntu/Lustre-exp/kind2-benchmarks/FMCAD08/Int32/memory1/FIREFLY_5.lus,base,0.082,1,27,2,0,0,Not Found,timeout,2,290.193
/home/ubuntu/Lustre-exp/kind2-benchmarks/FMCAD08/Int32/memory1/FIREFLY_a3_e1_3233.lus,base,85.691,1,102,7,0,0,Not Found,invalid,5,86.399
/home/ubuntu/Lustre-exp/kind2-benchmarks/FMCAD08/Int32/memory1/FIREFLY_a3_e2_2086_e7_2614.lus,base,0.029,0,2,0,0,0,Not Found,invalid,Not Found,0.399
/home/ubuntu/Lustre-exp/kind2-benchmarks/FMCAD08/Int32/memory1/FIREFLY_6_e2_3302.lus,base,43.315,4,702,10,2,0,Not Found,timeout,11 8 5 2,290.146
/home/ubuntu/Lustre-exp/kind2-benchmarks/FMCAD08/Int32/memory1/FIREFLY_7.lus,base,1.242,1,62,4,0,0,Not Found,timeout,4,290.154
/home/ubuntu/Lustre-exp/kind2-benchmarks/FMCAD08/Int32/memory1/FIREFLY_a3_e1_3233_e2_2392.lus,base,Not Found,Not Found,Not Found,Not Found,Not Found,Not Found,Not Found,timeout,Not Found,290.116
/home/ubuntu/Lustre-exp/kind2-benchmarks/FMCAD08/Int32/memory1/FIREFLY_a3_e1_3233_e3_2970.lus,base,Not Found,Not Found,Not Found,Not Found,Not Found,Not Found,Not Found,timeout,Not Found,290.119
/home/ubuntu/Lustre-exp/kind2-benchmarks/FMCAD08/Int32/memory1/FIREFLY_a3_e2_2086_e1_3235.lus,base,Not Found,Not Found,Not Found,Not Found,Not Found,Not Found,Not Found,timeout,Not Found,290.117
/home/ubuntu/Lustre-exp/kind2-benchmarks/FMCAD08/Int32/memory1/FIREFLY_all_e1_1207_e1_1201.lus,base,0.232,1,23,2,0,0,Not Found,invalid,0,0.608
/home/ubuntu/Lustre-exp/kind2-benchmarks/FMCAD08/Int32/memory1/FIREFLY_a3_e2_2086_e2_2689.lus,base,Not Found,Not Found,Not Found,Not Found,Not Found,Not Found,Not Found,timeout,Not Found,290.116
/home/ubuntu/Lustre-exp/kind2-benchmarks/FMCAD08/Int32/memory1/FIREFLY_a3_e2_2086_e3_2542.lus,base,Not Found,Not Found,Not Found,Not Found,Not Found,Not Found,Not Found,timeout,Not Found,290.116
/home/ubuntu/Lustre-exp/kind2-benchmarks/FMCAD08/Int32/memory1/FIREFLY_all_e1_1207_e7_156.lus,l2l1,0.035,0,2,0,0,0,Not Found,invalid,Not Found,0.396
/home/ubuntu/Lustre-exp/kind2-benchmarks/FMCAD08/Int32/memory1/FIREFLY_a3_e2_2952.lus,base,Not Found,Not Found,Not Found,Not Found,Not Found,Not Found,Not Found,timeout,Not Found,290.115
/home/ubuntu/Lustre-exp/kind2-benchmarks/FMCAD08/Int32/memory1/FIREFLY_a3_e3_314_e1_1979.lus,base,Not Found,Not Found,Not Found,Not Found,Not Found,Not Found,Not Found,timeout,Not Found,290.116
/home/ubuntu/Lustre-exp/kind2-benchmarks/FMCAD08/Int32/memory1/FIREFLY_a3_e3_314_e2_2812.lus,base,Not Found,Not Found,Not Found,Not Found,Not Found,Not Found,Not Found,timeout,Not Found,290.116
/home/ubuntu/Lustre-exp/kind2-benchmarks/FMCAD08/Int32/memory1/FIREFLY_a3_e3_314_e4_897.lus,base,Not Found,Not Found,Not Found,Not Found,Not Found,Not Found,Not Found,timeout,Not Found,290.115
/home/ubuntu/Lustre-exp/kind2-benchmarks/FMCAD08/Int32/memory1/FIREFLY_all_e2_2924_e7_3371.lus,base,0.032,0,2,0,0,0,Not Found,invalid,Not Found,0.410
/home/ubuntu/Lustre-exp/kind2-benchmarks/FMCAD08/Int32/memory1/FIREFLY_a3.lus,base,Not Found,Not Found,Not Found,Not Found,Not Found,Not Found,Not Found,timeout,Not Found,290.118
/home/ubuntu/Lustre-exp/kind2-benchmarks/FMCAD08/Int32/memory1/FIREFLY_all_e1_1207_e2_3220.lus,base,Not Found,Not Found,Not Found,Not Found,Not Found,Not Found,Not Found,timeout,Not Found,290.115
/home/ubuntu/Lustre-exp/kind2-benchmarks/FMCAD08/Int32/memory1/FIREFLY_all_e1_1207_e3_1928.lus,base,Not Found,Not Found,Not Found,Not Found,Not Found,Not Found,Not Found,timeout,Not Found,290.113
/home/ubuntu/Lustre-exp/kind2-benchmarks/FMCAD08/Int32/memory1/FIREFLY_all_e3_1600_e3_2055.lus,base,2.892,1,77,5,0,0,Not Found,invalid,3,3.589
/home/ubuntu/Lustre-exp/kind2-benchmarks/FMCAD08/Int32/memory1/FIREFLY_all_e1_3406.lus,base,Not Found,Not Found,Not Found,Not Found,Not Found,Not Found,Not Found,timeout,Not Found,290.114
/home/ubuntu/Lustre-exp/kind2-benchmarks/FMCAD08/Int32/memory1/FIREFLY_all_e3_1600_e1_667.lus,l2l1,94.105,1,83,6,0,0,Not Found,invalid,4,94.789
/home/ubuntu/Lustre-exp/kind2-benchmarks/FMCAD08/Int32/memory1/FIREFLY_all_e3_1600_e7_1607.lus,l2l1,0.034,0,2,0,0,0,Not Found,invalid,Not Found,0.401
/home/ubuntu/Lustre-exp/kind2-benchmarks/FMCAD08/Int32/memory1/FIREFLY_all_e3_3496.lus,l2l1,1.474,1,47,3,0,0,Not Found,invalid,2,1.743
/home/ubuntu/Lustre-exp/kind2-benchmarks/FMCAD08/Int32/memory1/FIREFLY_all_e7_1909.lus,base,0.032,0,2,0,0,0,Not Found,invalid,Not Found,0.400
/home/ubuntu/Lustre-exp/kind2-benchmarks/FMCAD08/Int32/memory1/FIREFLY_all_e2_2924_e1_768.lus,base,Not Found,Not Found,Not Found,Not Found,Not Found,Not Found,Not Found,timeout,Not Found,290.115
/home/ubuntu/Lustre-exp/kind2-benchmarks/FMCAD08/Int32/memory1/FIREFLY_all_e3_1600_e2_676.lus,base,72.590,1,86,6,0,0,Not Found,invalid,4,73.276
/home/ubuntu/Lustre-exp/kind2-benchmarks/FMCAD08/Int32/memory1/FIREFLY_all_e2_2924_e2_1767.lus,base,Not Found,Not Found,Not Found,Not Found,Not Found,Not Found,Not Found,timeout,Not Found,290.116
/home/ubuntu/Lustre-exp/kind2-benchmarks/FMCAD08/Int32/memory1/FIREFLY_all_e3_1600_e5_84.lus,l2l1,102.815,1,99,6,0,0,Not Found,invalid,4,103.506
/home/ubuntu/Lustre-exp/kind2-benchmarks/FMCAD08/Int32/memory1/FIREFLY_all_e2_2924_e3_3946.lus,base,Not Found,Not Found,Not Found,Not Found,Not Found,Not Found,Not Found,timeout,Not Found,290.115
/home/ubuntu/Lustre-exp/kind2-benchmarks/FMCAD08/Int32/memory1/FIREFLY_all_e2_3678.lus,base,Not Found,Not Found,Not Found,Not Found,Not Found,Not Found,Not Found,timeout,Not Found,290.115
/home/ubuntu/Lustre-exp/kind2-benchmarks/FMCAD08/Int32/memory1/FIREFLY_all_e3_1600_e4_2415.lus,base,222.733,1,135,8,0,0,Not Found,invalid,6,223.420
/home/ubuntu/Lustre-exp/kind2-benchmarks/FMCAD08/Int32/memory1/FIREFLY_luke_1b_e1_1139_e1_1565.lus,l2l1,88.171,1,34,3,0,0,Not Found,invalid,1,88.859
/home/ubuntu/Lustre-exp/kind2-benchmarks/FMCAD08/Int32/memory1/FIREFLY_all.lus,base,Not Found,Not Found,Not Found,Not Found,Not Found,Not Found,Not Found,timeout,Not Found,290.115
/home/ubuntu/Lustre-exp/kind2-benchmarks/FMCAD08/Int32/memory1/FIREFLY_luke_1b_e1_1139_e3_1839.lus,base,13.894,1,33,3,0,0,Not Found,invalid,1,14.572
/home/ubuntu/Lustre-exp/kind2-benchmarks/FMCAD08/Int32/memory1/FIREFLY_luke_1a_e2_284_e1_2924.lus,base,0.083,1,26,2,0,0,Not Found,timeout,2,290.217
/home/ubuntu/Lustre-exp/kind2-benchmarks/FMCAD08/Int32/memory1/FIREFLY_luke_1a_e2_284_e2_2755.lus,base,0.108,1,41,3,0,0,Not Found,timeout,3,290.193
/home/ubuntu/Lustre-exp/kind2-benchmarks/FMCAD08/Int32/memory1/FIREFLY_luke_1a_e2_284_e3_3091.lus,base,0.079,1,26,2,0,0,Not Found,timeout,2,290.213
/home/ubuntu/Lustre-exp/kind2-benchmarks/FMCAD08/Int32/memory1/FIREFLY_luke_1a_e2_284_e7_998.lus,base,0.093,1,21,2,0,0,Not Found,timeout,2,290.189
/home/ubuntu/Lustre-exp/kind2-benchmarks/FMCAD08/Int32/memory1/FIREFLY_luke_1a_e7_3042_e3_1213.lus,base,0.098,1,28,2,0,0,Not Found,timeout,2,290.176
/home/ubuntu/Lustre-exp/kind2-benchmarks/FMCAD08/Int32/memory1/FIREFLY_luke_1b_e1_1691.lus,l2l1,90.923,1,34,3,0,0,Not Found,invalid,1,91.623
/home/ubuntu/Lustre-exp/kind2-benchmarks/FMCAD08/Int32/memory1/FIREFLY_luke_1b_e3_671_e1_725.lus,base,42.247,1,33,3,0,0,Not Found,invalid,1,42.950
/home/ubuntu/Lustre-exp/kind2-benchmarks/FMCAD08/Int32/memory1/FIREFLY_luke_1b_e2_3049.lus,l2l1,58.571,1,34,3,0,0,Not Found,invalid,1,59.259
/home/ubuntu/Lustre-exp/kind2-benchmarks/FMCAD08/Int32/memory1/FIREFLY_luke_1b_e3_671_e4_147.lus,base,8.615,1,26,2,0,0,Not Found,invalid,0,9.297
/home/ubuntu/Lustre-exp/kind2-benchmarks/FMCAD08/Int32/memory1/FIREFLY_luke_1b_e3_671_e3_941.lus,base,37.907,1,33,3,0,0,Not Found,invalid,1,38.590
/home/ubuntu/Lustre-exp/kind2-benchmarks/FMCAD08/Int32/memory1/FIREFLY_luke_1a.lus,base,0.130,1,41,3,0,0,Not Found,timeout,3,290.174
/home/ubuntu/Lustre-exp/kind2-benchmarks/FMCAD08/Int32/memory1/FIREFLY_luke_1b_e3_671_e7_1882.lus,l2l1,0.030,0,2,0,0,0,Not Found,invalid,Not Found,0.398
/home/ubuntu/Lustre-exp/kind2-benchmarks/FMCAD08/Int32/memory1/FIREFLY_luke_1b_e3_671.lus,base,19.722,1,24,2,0,0,Not Found,invalid,0,20.407
/home/ubuntu/Lustre-exp/kind2-benchmarks/FMCAD08/Int32/memory1/FIREFLY_luke_1b_e7_2574.lus,l2l1,0.029,0,2,0,0,0,Not Found,invalid,Not Found,0.394
/home/ubuntu/Lustre-exp/kind2-benchmarks/FMCAD08/Int32/memory1/FIREFLY_luke_1b_e7_3191_e1_1303.lus,base,0.029,0,2,0,0,0,Not Found,invalid,Not Found,0.393
/home/ubuntu/Lustre-exp/kind2-benchmarks/FMCAD08/Int32/memory1/FIREFLY_luke_1b_e7_3191_e2_1864.lus,base,0.028,0,2,0,0,0,Not Found,invalid,Not Found,0.392
/home/ubuntu/Lustre-exp/kind2-benchmarks/FMCAD08/Int32/memory1/FIREFLY_luke_1b_e7_3191_e7_2146.lus,base,0.027,0,2,0,0,0,Not Found,invalid,Not Found,0.393
/home/ubuntu/Lustre-exp/kind2-benchmarks/FMCAD08/Int32/memory1/FIREFLY_luke_1b_e2_3049_e2_698.lus,base,185.861,1,33,3,0,0,Not Found,invalid,1,186.549
/home/ubuntu/Lustre-exp/kind2-benchmarks/FMCAD08/Int32/memory1/FIREFLY_luke_1b_e3_671_e5_1637.lus,l2l1,72.281,1,65,5,0,0,Not Found,invalid,3,72.955
/home/ubuntu/Lustre-exp/kind2-benchmarks/FMCAD08/Int32/memory1/FIREFLY_luke_2_e2_1375_e1_418.lus,base,6.609,5,742,12,2,3,Not Found,valid,16 14 10 5,7.172
/home/ubuntu/Lustre-exp/kind2-benchmarks/FMCAD08/Int32/memory1/FIREFLY_luke_2_e7_1826_e8_126.lus,base,7.015,5,738,12,2,3,Not Found,valid,16 14 10 5,7.674
/home/ubuntu/Lustre-exp/kind2-benchmarks/FMCAD08/Int32/memory1/FIREFLY_luke_2.lus,base,7.335,5,740,12,2,3,Not Found,valid,16 14 10 5,8.003
/home/ubuntu/Lustre-exp/kind2-benchmarks/FMCAD08/Int32/memory1/FIREFLY_luke_1b_e2_3049_e3_2697.lus,base,198.706,1,29,3,0,0,Not Found,invalid,1,199.388
/home/ubuntu/Lustre-exp/kind2-benchmarks/FMCAD08/Int32/memory1/FIREFLY_luke_1b_e1_1139_e2_2893.lus,base,Not Found,Not Found,Not Found,Not Found,Not Found,Not Found,Not Found,timeout,Not Found,290.116
/home/ubuntu/Lustre-exp/kind2-benchmarks/FMCAD08/Int32/memory1/FIREFLY_luke_1b_e2_3049_e1_946.lus,base,Not Found,Not Found,Not Found,Not Found,Not Found,Not Found,Not Found,timeout,Not Found,290.118
/home/ubuntu/Lustre-exp/kind2-benchmarks/FMCAD08/Int32/memory1/FIREFLY_luke_1b_e3_671_e2_2131.lus,base,Not Found,Not Found,Not Found,Not Found,Not Found,Not Found,Not Found,timeout,Not Found,290.116
/home/ubuntu/Lustre-exp/kind2-benchmarks/FMCAD08/Int32/memory1/FIREFLY_luke_rt_e1_913_e1_1993.lus,base,0.129,1,12,1,0,0,Not Found,invalid,0,0.494
/home/ubuntu/Lustre-exp/kind2-benchmarks/FMCAD08/Int32/memory1/FIREFLY_luke_1b_e3_671_e6_1974.lus,base,Not Found,Not Found,Not Found,Not Found,Not Found,Not Found,Not Found,timeout,Not Found,290.114
/home/ubuntu/Lustre-exp/kind2-benchmarks/FMCAD08/Int32/memory1/FIREFLY_luke_1b.lus,base,Not Found,Not Found,Not Found,Not Found,Not Found,Not Found,Not Found,timeout,Not Found,290.115
/home/ubuntu/Lustre-exp/kind2-benchmarks/FMCAD08/Int32/memory1/FIREFLY_luke_rt_e1_913_e7_1403.lus,l2l1,0.034,0,2,0,0,0,Not Found,invalid,Not Found,0.406
/home/ubuntu/Lustre-exp/kind2-benchmarks/FMCAD08/Int32/memory1/FIREFLY_luke_rt_e1_913_e3_2128.lus,l2l1,40.250,1,32,3,0,0,Not Found,invalid,1,40.923
/home/ubuntu/Lustre-exp/kind2-benchmarks/FMCAD08/Int32/memory1/FIREFLY_luke_3_e1_2217_e3_1200.lus,base,146.430,4,1220,18,2,1,Not Found,timeout,17 14 10 6,290.120
/home/ubuntu/Lustre-exp/kind2-benchmarks/FMCAD08/Int32/memory1/FIREFLY_luke_3.lus,base,284.264,5,2339,29,2,2,Not Found,timeout,37 34 31 26 12,290.139
/home/ubuntu/Lustre-exp/kind2-benchmarks/FMCAD08/Int32/memory1/FIREFLY_luke_4_e2_325.lus,base,0.089,1,26,2,0,0,Not Found,timeout,2,290.172
/home/ubuntu/Lustre-exp/kind2-benchmarks/FMCAD08/Int32/memory1/FIREFLY_luke_rt_e2_3460_e7_471.lus,l2l1,0.027,0,2,0,0,0,Not Found,invalid,Not Found,0.400
/home/ubuntu/Lustre-exp/kind2-benchmarks/FMCAD08/Int32/memory1/FIREFLY_luke_rt_e2_3460.lus,base,1.289,1,38,3,0,0,Not Found,invalid,1,1.977
/home/ubuntu/Lustre-exp/kind2-benchmarks/FMCAD08/Int32/memory1/FIREFLY_luke_rt_e2_3460_e3_1333.lus,base,14.312,1,38,3,0,0,Not Found,invalid,1,14.984
/home/ubuntu/Lustre-exp/kind2-benchmarks/FMCAD08/Int32/memory1/FIREFLY_luke_rt_e3_1549.lus,base,23.868,1,31,2,0,0,Not Found,invalid,0,24.544
/home/ubuntu/Lustre-exp/kind2-benchmarks/FMCAD08/Int32/memory1/FIREFLY_luke_4.lus,base,0.119,1,41,3,0,0,Not Found,timeout,3,290.204
/home/ubuntu/Lustre-exp/kind2-benchmarks/FMCAD08/Int32/memory1/FIREFLY_luke_rt_e2_3460_e2_2670.lus,l2l1,62.075,1,33,3,0,0,Not Found,invalid,1,62.761
/home/ubuntu/Lustre-exp/kind2-benchmarks/FMCAD08/Int32/memory1/FIREFLY_luke_5.lus,base,Not Found,Not Found,Not Found,Not Found,Not Found,Not Found,Not Found,timeout,Not Found,290.115
/home/ubuntu/Lustre-exp/kind2-benchmarks/FMCAD08/Int32/memory1/FIREFLY_u1_e7_3318.lus,base,0.080,1,12,1,0,0,Not Found,invalid,0,0.465
/home/ubuntu/Lustre-exp/kind2-benchmarks/FMCAD08/Int32/memory1/FIREFLY_u1.lus,base,9.178,5,904,14,2,3,Not Found,valid,19 17 12 7,9.839
/home/ubuntu/Lustre-exp/kind2-benchmarks/FMCAD08/Int32/memory2/ILLINOIS_1.lus,l2l1,0.244,3,93,3,0,0,Not Found,valid,1 0,0.583
/home/ubuntu/Lustre-exp/kind2-benchmarks/FMCAD08/Int32/memory2/ILLINOIS_2_e1_834_e1_1895.lus,l2l1,0.034,0,2,0,0,0,Not Found,invalid,Not Found,0.395
/home/ubuntu/Lustre-exp/kind2-benchmarks/FMCAD08/Int32/memory1/FIREFLY_rt_e3_1770_e2_637.lus,base,51.732,3,3713,76,3,0,Not Found,timeout,76 74 9,108.084
/home/ubuntu/Lustre-exp/kind2-benchmarks/FMCAD08/Int32/memory2/ILLINOIS_2_e1_834_e3_2931.lus,l2l1,0.027,0,2,0,0,0,Not Found,invalid,Not Found,0.399
/home/ubuntu/Lustre-exp/kind2-benchmarks/FMCAD08/Int32/memory2/ILLINOIS_2_e1_834_e7_3738.lus,l2l1,0.038,0,2,0,0,0,Not Found,invalid,Not Found,0.419
/home/ubuntu/Lustre-exp/kind2-benchmarks/FMCAD08/Int32/memory2/ILLINOIS_2_e1_834.lus,l2l1,0.034,0,2,0,0,0,Not Found,invalid,Not Found,0.418
/home/ubuntu/Lustre-exp/kind2-benchmarks/FMCAD08/Int32/memory1/FIREFLY_luke_rt_e1_913.lus,l2l1,167.689,1,38,3,0,0,Not Found,invalid,1,168.365
/home/ubuntu/Lustre-exp/kind2-benchmarks/FMCAD08/Int32/memory2/ILLINOIS_2_e2_2367_e2_1561.lus,base,0.035,0,2,0,0,0,Not Found,invalid,Not Found,0.406
/home/ubuntu/Lustre-exp/kind2-benchmarks/FMCAD08/Int32/memory2/ILLINOIS_2_e2_2367_e3_1601.lus,base,0.028,0,2,0,0,0,Not Found,invalid,Not Found,0.394
/home/ubuntu/Lustre-exp/kind2-benchmarks/FMCAD08/Int32/memory2/ILLINOIS_2_e2_2367_e7_2728.lus,l2l1,0.027,0,2,0,0,0,Not Found,invalid,Not Found,0.396
/home/ubuntu/Lustre-exp/kind2-benchmarks/FMCAD08/Int32/memory2/ILLINOIS_2_e2_876.lus,base,0.026,0,2,0,0,0,Not Found,invalid,Not Found,0.395
/home/ubuntu/Lustre-exp/kind2-benchmarks/FMCAD08/Int32/memory1/FIREFLY_luke_rt_e1_913_e2_3353.lus,base,Not Found,Not Found,Not Found,Not Found,Not Found,Not Found,Not Found,timeout,Not Found,290.116
/home/ubuntu/Lustre-exp/kind2-benchmarks/FMCAD08/Int32/memory2/ILLINOIS_3_e3_2581_e1_1130.lus,l2l1,0.020,0,1,0,0,0,Not Found,invalid,Not Found,0.380
/home/ubuntu/Lustre-exp/kind2-benchmarks/FMCAD08/Int32/memory2/ILLINOIS_3_e3_2581_e2_2545.lus,l2l1,0.020,0,1,0,0,0,Not Found,invalid,Not Found,0.380
/home/ubuntu/Lustre-exp/kind2-benchmarks/FMCAD08/Int32/memory2/ILLINOIS_3_e3_2581_e3_979.lus,l2l1,0.036,0,2,0,0,0,Not Found,invalid,Not Found,0.406
/home/ubuntu/Lustre-exp/kind2-benchmarks/FMCAD08/Int32/memory2/ILLINOIS_3_e3_2581_e4_958.lus,l2l1,0.017,0,1,0,0,0,Not Found,invalid,Not Found,0.382
/home/ubuntu/Lustre-exp/kind2-benchmarks/FMCAD08/Int32/memory2/ILLINOIS_3_e3_2581_e5_4006.lus,l2l1,0.019,0,1,0,0,0,Not Found,invalid,Not Found,0.392
/home/ubuntu/Lustre-exp/kind2-benchmarks/FMCAD08/Int32/memory2/ILLINOIS_3_e3_2581_e7_3447.lus,base,0.027,0,2,0,0,0,Not Found,invalid,Not Found,0.397
/home/ubuntu/Lustre-exp/kind2-benchmarks/FMCAD08/Int32/memory2/ILLINOIS_3_e3_2581.lus,l2l1,0.034,0,2,0,0,0,Not Found,invalid,Not Found,0.409
/home/ubuntu/Lustre-exp/kind2-benchmarks/FMCAD08/Int32/memory1/FIREFLY_luke_rt_e2_3460_e1_1455.lus,base,Not Found,Not Found,Not Found,Not Found,Not Found,Not Found,Not Found,timeout,Not Found,290.114
/home/ubuntu/Lustre-exp/kind2-benchmarks/FMCAD08/Int32/memory1/FIREFLY_luke_rt.lus,base,Not Found,Not Found,Not Found,Not Found,Not Found,Not Found,Not Found,timeout,Not Found,290.115
/home/ubuntu/Lustre-exp/kind2-benchmarks/FMCAD08/Int32/memory1/FIREFLY_rt.lus,base,0.828,2,293,10,2,0,Not Found,timeout,12 7,290.216
/home/ubuntu/Lustre-exp/kind2-benchmarks/FMCAD08/Int32/memory2/ILLINOIS_5_e7_692_e7_2865.lus,base,0.099,2,37,2,0,0,Not Found,valid,2,0.454
/home/ubuntu/Lustre-exp/kind2-benchmarks/FMCAD08/Int32/memory2/ILLINOIS_5.lus,base,0.092,2,37,2,0,0,Not Found,valid,2,0.446
/home/ubuntu/Lustre-exp/kind2-benchmarks/FMCAD08/Int32/memory2/ILLINOIS_a1.lus,base,3.406,4,520,12,3,1,Not Found,valid,13 9 4,4.065
/home/ubuntu/Lustre-exp/kind2-benchmarks/FMCAD08/Int32/memory1/FIREFLY_u1_e2_3403_e2_957.lus,base,35.571,4,806,10,1,0,Not Found,timeout,14 10 4,290.215
/home/ubuntu/Lustre-exp/kind2-benchmarks/FMCAD08/Int32/memory2/ILLINOIS_2_e1_834_e2_3395.lus,base,Not Found,Not Found,Not Found,Not Found,Not Found,Not Found,Not Found,timeout,Not Found,290.115
/home/ubuntu/Lustre-exp/kind2-benchmarks/FMCAD08/Int32/memory2/MESI_1_e2_162_e7_1545.lus,base,1.062,4,274,5,1,0,Not Found,valid,5 4 2,1.399
/home/ubuntu/Lustre-exp/kind2-benchmarks/FMCAD08/Int32/memory2/MESI_1.lus,l2l1,0.242,4,130,2,0,0,Not Found,valid,2 1 0,0.560
/home/ubuntu/Lustre-exp/kind2-benchmarks/FMCAD08/Int32/memory2/MESI_2.lus,base,0.049,2,27,1,0,0,Not Found,valid,1,0.397
/home/ubuntu/Lustre-exp/kind2-benchmarks/FMCAD08/Int32/memory2/ILLINOIS_2_e2_2367_e1_3182.lus,base,Not Found,Not Found,Not Found,Not Found,Not Found,Not Found,Not Found,timeout,Not Found,290.116
/home/ubuntu/Lustre-exp/kind2-benchmarks/FMCAD08/Int32/memory2/ILLINOIS_2.lus,base,Not Found,Not Found,Not Found,Not Found,Not Found,Not Found,Not Found,timeout,Not Found,290.114
/home/ubuntu/Lustre-exp/kind2-benchmarks/FMCAD08/Int32/memory2/MESI_3_e2_819_e2_562.lus,l2l1,0.032,0,2,0,0,0,Not Found,invalid,Not Found,0.393
/home/ubuntu/Lustre-exp/kind2-benchmarks/FMCAD08/Int32/memory2/MESI_3_e2_819_e3_2698.lus,base,0.031,0,2,0,0,0,Not Found,invalid,Not Found,0.389
/home/ubuntu/Lustre-exp/kind2-benchmarks/FMCAD08/Int32/memory2/ILLINOIS_3.lus,base,Not Found,Not Found,Not Found,Not Found,Not Found,Not Found,Not Found,timeout,Not Found,290.115
/home/ubuntu/Lustre-exp/kind2-benchmarks/FMCAD08/Int32/memory2/MESI_3_e2_819_e5_2554.lus,l2l1,0.033,0,2,0,0,0,Not Found,invalid,Not Found,0.384
/home/ubuntu/Lustre-exp/kind2-benchmarks/FMCAD08/Int32/memory2/ILLINOIS_4_e7_2651_e7_2847.lus,base,0.099,1,23,2,0,0,Not Found,timeout,2,290.159
/home/ubuntu/Lustre-exp/kind2-benchmarks/FMCAD08/Int32/memory2/MESI_3_e2_819_e7_1665.lus,l2l1,0.034,0,2,0,0,0,Not Found,invalid,Not Found,0.396
/home/ubuntu/Lustre-exp/kind2-benchmarks/FMCAD08/Int32/memory2/MESI_3_e2_819_e8_1896.lus,l2l1,0.029,0,2,0,0,0,Not Found,invalid,Not Found,0.391
/home/ubuntu/Lustre-exp/kind2-benchmarks/FMCAD08/Int32/memory2/MESI_3_e2_819.lus,base,0.024,0,2,0,0,0,Not Found,invalid,Not Found,0.384
/home/ubuntu/Lustre-exp/kind2-benchmarks/FMCAD08/Int32/memory2/ILLINOIS_4.lus,base,0.099,1,27,2,0,0,Not Found,timeout,2,290.199
/home/ubuntu/Lustre-exp/kind2-benchmarks/FMCAD08/Int32/memory2/ILLINOIS_all.lus,base,Not Found,Not Found,Not Found,Not Found,Not Found,Not Found,Not Found,timeout,Not Found,290.116
/home/ubuntu/Lustre-exp/kind2-benchmarks/FMCAD08/Int32/memory2/MESI_4_e7_1140_e7_433.lus,l2l1,2.258,3,342,8,1,0,Not Found,valid,6 5 4,2.532
/home/ubuntu/Lustre-exp/kind2-benchmarks/FMCAD08/Int32/memory2/MESI_4.lus,l2l1,0.273,4,148,2,0,0,Not Found,valid,2 1 0,0.593
/home/ubuntu/Lustre-exp/kind2-benchmarks/FMCAD08/Int32/memory2/ILLINOIS_r4a.lus,base,54.112,3,709,14,2,0,Not Found,timeout,19 15 7,290.162
/home/ubuntu/Lustre-exp/kind2-benchmarks/FMCAD08/Int32/memory2/MESI_all.lus,l2l1,0.350,4,209,4,0,0,Not Found,valid,3 2 0,0.654
/home/ubuntu/Lustre-exp/kind2-benchmarks/FMCAD08/Int32/memory2/MESI_i1_e2_1758_e8_12.lus,l2l1,0.024,0,2,0,0,0,Not Found,invalid,Not Found,0.376
/home/ubuntu/Lustre-exp/kind2-benchmarks/FMCAD08/Int32/memory2/MESI_i1_e2_2656.lus,l2l1,0.024,0,2,0,0,0,Not Found,invalid,Not Found,0.377
/home/ubuntu/Lustre-exp/kind2-benchmarks/FMCAD08/Int32/memory2/MESI_i1_e3_2145_e1_2667.lus,l2l1,0.025,0,2,0,0,0,Not Found,invalid,Not Found,0.364
/home/ubuntu/Lustre-exp/kind2-benchmarks/FMCAD08/Int32/memory2/MESI_i1_e3_2145_e2_2228.lus,base,0.020,0,2,0,0,0,Not Found,invalid,Not Found,0.377
/home/ubuntu/Lustre-exp/kind2-benchmarks/FMCAD08/Int32/memory2/MESI_i1_e3_2145_e3_977.lus,l2l1,0.024,0,2,0,0,0,Not Found,invalid,Not Found,0.386
/home/ubuntu/Lustre-exp/kind2-benchmarks/FMCAD08/Int32/memory2/MESI_i1_e3_2145_e4_1717.lus,base,0.019,0,2,0,0,0,Not Found,invalid,Not Found,0.375
/home/ubuntu/Lustre-exp/kind2-benchmarks/FMCAD08/Int32/memory2/MESI_i1_e3_2145_e5_2391.lus,l2l1,0.025,0,2,0,0,0,Not Found,invalid,Not Found,0.368
/home/ubuntu/Lustre-exp/kind2-benchmarks/FMCAD08/Int32/memory2/MESI_i1_e3_2145_e7_1847.lus,l2l1,0.025,0,2,0,0,0,Not Found,invalid,Not Found,0.387
/home/ubuntu/Lustre-exp/kind2-benchmarks/FMCAD08/Int32/memory2/MESI_i1_e3_2145_e8_2325.lus,l2l1,0.026,0,2,0,0,0,Not Found,invalid,Not Found,0.368
/home/ubuntu/Lustre-exp/kind2-benchmarks/FMCAD08/Int32/memory2/MESI_i1_e3_2145.lus,base,0.020,0,2,0,0,0,Not Found,invalid,Not Found,0.376
/home/ubuntu/Lustre-exp/kind2-benchmarks/FMCAD08/Int32/memory2/MESI_i1_e4_1986_e1_1519.lus,base,0.808,1,25,2,0,0,Not Found,invalid,0,1.469
/home/ubuntu/Lustre-exp/kind2-benchmarks/FMCAD08/Int32/memory2/MESI_i1_e4_1986.lus,base,0.017,0,2,0,0,0,Not Found,invalid,Not Found,0.375
/home/ubuntu/Lustre-exp/kind2-benchmarks/FMCAD08/Int32/memory2/MESI_i1.lus,l2l1,0.024,0,2,0,0,0,Not Found,invalid,Not Found,0.378
/home/ubuntu/Lustre-exp/kind2-benchmarks/FMCAD08/Int32/memory2/MESI_i2.lus,l2l1,0.068,1,22,2,0,0,Not Found,invalid,0,0.417
/home/ubuntu/Lustre-exp/kind2-benchmarks/FMCAD08/Int32/memory2/MESI_3_e1_2517_e8_2163.lus,base,36.861,1,142,9,0,0,Not Found,timeout,9,290.118
/home/ubuntu/Lustre-exp/kind2-benchmarks/FMCAD08/Int32/memory2/MESI_i3_e1_447_e2_1098.lus,base,0.019,0,2,0,0,0,Not Found,invalid,Not Found,0.364
/home/ubuntu/Lustre-exp/kind2-benchmarks/FMCAD08/Int32/memory2/MESI_i3_e1_447_e3_1180.lus,base,6.476,2,41,2,0,0,Not Found,valid,2,7.118
/home/ubuntu/Lustre-exp/kind2-benchmarks/FMCAD08/Int32/memory2/MESI_i3_e1_447_e5_2444.lus,l2l1,0.017,0,2,0,0,0,Not Found,invalid,Not Found,0.363
/home/ubuntu/Lustre-exp/kind2-benchmarks/FMCAD08/Int32/memory2/MESI_3_e2_819_e1_1145.lus,base,271.102,1,160,10,0,0,Not Found,timeout,10,290.117
/home/ubuntu/Lustre-exp/kind2-benchmarks/FMCAD08/Int32/memory2/MESI_i3_e1_447_e7_2194.lus,base,1.479,2,53,4,1,0,Not Found,invalid,2 1,2.006
/home/ubuntu/Lustre-exp/kind2-benchmarks/FMCAD08/Int32/memory2/MESI_3_e2_819_e4_1595.lus,base,43.295,1,167,10,0,0,Not Found,timeout,10,290.117
/home/ubuntu/Lustre-exp/kind2-benchmarks/FMCAD08/Int32/memory2/MESI_i3_e1_447.lus,base,2.437,2,57,4,1,0,Not Found,invalid,2 1,3.108
/home/ubuntu/Lustre-exp/kind2-benchmarks/FMCAD08/Int32/memory2/MESI_i3.lus,l2l1,0.020,0,2,0,0,0,Not Found,invalid,Not Found,0.362
/home/ubuntu/Lustre-exp/kind2-benchmarks/FMCAD08/Int32/memory2/MESI_i4_e4_1689.lus,base,9.036,2,71,5,1,0,Not Found,invalid,2 1,9.526
/home/ubuntu/Lustre-exp/kind2-benchmarks/FMCAD08/Int32/memory2/MESI_3_e2_819_e6_1459.lus,base,47.894,1,141,9,0,0,Not Found,timeout,9,290.118
/home/ubuntu/Lustre-exp/kind2-benchmarks/FMCAD08/Int32/memory2/MESI_3_e3_2669.lus,base,132.332,1,130,9,0,0,Not Found,timeout,9,290.118
/home/ubuntu/Lustre-exp/kind2-benchmarks/FMCAD08/Int32/memory2/MESI_3.lus,base,Not Found,Not Found,Not Found,Not Found,Not Found,Not Found,Not Found,timeout,Not Found,290.117
/home/ubuntu/Lustre-exp/kind2-benchmarks/FMCAD08/Int32/memory2/MESI_i4.lus,l2l1,0.886,1,38,3,0,0,Not Found,invalid,3,6.700
/home/ubuntu/Lustre-exp/kind2-benchmarks/FMCAD08/Int32/memory2/MOESI_1_e2_982_e7_492.lus,base,0.169,2,34,2,0,0,Not Found,valid,2,0.500
/home/ubuntu/Lustre-exp/kind2-benchmarks/FMCAD08/Int32/memory2/MOESI_1_e3_1884_e7_1875.lus,base,0.093,2,36,2,0,0,Not Found,valid,2,0.440
/home/ubuntu/Lustre-exp/kind2-benchmarks/FMCAD08/Int32/memory2/MOESI_1.lus,base,0.067,2,23,1,0,0,Not Found,valid,1,0.405
/home/ubuntu/Lustre-exp/kind2-benchmarks/FMCAD08/Int32/memory2/MOESI_2_e1_1753_e1_1510.lus,l2l1,0.062,0,2,0,0,0,Not Found,invalid,Not Found,0.415
/home/ubuntu/Lustre-exp/kind2-benchmarks/FMCAD08/Int32/memory2/MOESI_2_e1_1753_e2_615.lus,base,0.028,0,2,0,0,0,Not Found,invalid,Not Found,0.383
/home/ubuntu/Lustre-exp/kind2-benchmarks/FMCAD08/Int32/memory2/MOESI_2_e1_1753_e3_2021.lus,base,12.033,1,24,2,0,0,Not Found,invalid,0,12.696
/home/ubuntu/Lustre-exp/kind2-benchmarks/FMCAD08/Int32/memory2/MESI_all_e4_1147_e7_497.lus,base,213.517,6,2007,25,1,0,Not Found,timeout,22 21 20 19 18 17,290.144
/home/ubuntu/Lustre-exp/kind2-benchmarks/FMCAD08/Int32/memory2/MESI_i3_e1_447_e1_1292.lus,base,0.309,1,30,2,0,0,Not Found,timeout,2,290.115
/home/ubuntu/Lustre-exp/kind2-benchmarks/FMCAD08/Int32/memory2/MOESI_2_e2_1599_e1_2383.lus,l2l1,0.078,0,2,0,0,0,Not Found,invalid,Not Found,0.408
/home/ubuntu/Lustre-exp/kind2-benchmarks/FMCAD08/Int32/memory2/MOESI_2_e2_1599_e2_1815.lus,l2l1,0.029,0,2,0,0,0,Not Found,invalid,Not Found,0.390
/home/ubuntu/Lustre-exp/kind2-benchmarks/FMCAD08/Int32/memory2/MOESI_2_e2_1599_e3_1658.lus,l2l1,0.152,1,12,1,0,0,Not Found,invalid,0,0.507
/home/ubuntu/Lustre-exp/kind2-benchmarks/FMCAD08/Int32/memory2/MESI_i3_e1_447_e6_2281.lus,base,0.257,1,30,2,0,0,Not Found,timeout,2,290.115
/home/ubuntu/Lustre-exp/kind2-benchmarks/FMCAD08/Int32/memory2/MOESI_2_e3_929_e1_2319.lus,l2l1,0.069,0,2,0,0,0,Not Found,invalid,Not Found,0.420
/home/ubuntu/Lustre-exp/kind2-benchmarks/FMCAD08/Int32/memory2/MOESI_2_e3_929_e2_2421.lus,base,0.029,0,2,0,0,0,Not Found,invalid,Not Found,0.380
/home/ubuntu/Lustre-exp/kind2-benchmarks/FMCAD08/Int32/memory2/MOESI_2_e3_929_e3_2294.lus,base,0.554,1,24,2,0,0,Not Found,invalid,0,0.917
/home/ubuntu/Lustre-exp/kind2-benchmarks/FMCAD08/Int32/memory2/MESI_i4_e6_2175.lus,base,0.921,1,28,2,0,0,Not Found,timeout,2,290.117
/home/ubuntu/Lustre-exp/kind2-benchmarks/FMCAD08/Int32/memory2/MESI_i4_e7_1017_e6_1132.lus,base,0.456,1,26,2,0,0,Not Found,timeout,2,290.116
/home/ubuntu/Lustre-exp/kind2-benchmarks/FMCAD08/Int32/memory2/MESI_i4_e8_1381_e4_313.lus,l2l1,0.859,1,36,3,0,0,Not Found,invalid,3,177.782
/home/ubuntu/Lustre-exp/kind2-benchmarks/FMCAD08/Int32/memory2/MOESI_2_e3_929_e7_619.lus,l2l1,0.034,0,2,0,0,0,Not Found,invalid,Not Found,0.392
/home/ubuntu/Lustre-exp/kind2-benchmarks/FMCAD08/Int32/memory2/MESI_i4_e8_1381_e1_1837.lus,base,0.768,1,36,3,0,0,Not Found,timeout,3,290.117
/home/ubuntu/Lustre-exp/kind2-benchmarks/FMCAD08/Int32/memory2/MOESI_2_e1_1753.lus,base,Not Found,Not Found,Not Found,Not Found,Not Found,Not Found,Not Found,timeout,Not Found,290.114
/home/ubuntu/Lustre-exp/kind2-benchmarks/FMCAD08/Int32/memory2/MOESI_2_e7_2607.lus,base,0.026,0,2,0,0,0,Not Found,invalid,Not Found,0.377
/home/ubuntu/Lustre-exp/kind2-benchmarks/FMCAD08/Int32/memory2/MOESI_2_e7_2910_e1_1021.lus,base,0.022,0,2,0,0,0,Not Found,invalid,Not Found,0.379
/home/ubuntu/Lustre-exp/kind2-benchmarks/FMCAD08/Int32/memory2/MOESI_2_e7_2910_e2_611.lus,l2l1,0.040,0,2,0,0,0,Not Found,invalid,Not Found,0.380
/home/ubuntu/Lustre-exp/kind2-benchmarks/FMCAD08/Int32/memory2/MOESI_2_e7_2910_e7_1804.lus,l2l1,0.022,0,2,0,0,0,Not Found,invalid,Not Found,0.369
/home/ubuntu/Lustre-exp/kind2-benchmarks/FMCAD08/Int32/memory2/MOESI_2_e2_155.lus,base,Not Found,Not Found,Not Found,Not Found,Not Found,Not Found,Not Found,timeout,Not Found,290.115
/home/ubuntu/Lustre-exp/kind2-benchmarks/FMCAD08/Int32/memory2/MOESI_2_e2_1599_e8_1334.lus,base,Not Found,Not Found,Not Found,Not Found,Not Found,Not Found,Not Found,timeout,Not Found,290.115
/home/ubuntu/Lustre-exp/kind2-benchmarks/FMCAD08/Int32/memory2/MOESI_2_e8_926_e7_961.lus,l2l1,0.030,0,2,0,0,0,Not Found,invalid,Not Found,0.378
/home/ubuntu/Lustre-exp/kind2-benchmarks/FMCAD08/Int32/memory2/MOESI_2_e3_929_e4_578.lus,base,Not Found,Not Found,Not Found,Not Found,Not Found,Not Found,Not Found,timeout,Not Found,290.114
/home/ubuntu/Lustre-exp/kind2-benchmarks/FMCAD08/Int32/memory2/MOESI_2_e3_929_e5_1826.lus,base,Not Found,Not Found,Not Found,Not Found,Not Found,Not Found,Not Found,timeout,Not Found,290.115
/home/ubuntu/Lustre-exp/kind2-benchmarks/FMCAD08/Int32/memory2/MOESI_all_e3_2032_e3_2788.lus,base,1.080,1,36,3,0,0,Not Found,invalid,1,1.744
/home/ubuntu/Lustre-exp/kind2-benchmarks/FMCAD08/Int32/memory2/MOESI_2_e3_929_e6_2707.lus,base,Not Found,Not Found,Not Found,Not Found,Not Found,Not Found,Not Found,timeout,Not Found,290.115
/home/ubuntu/Lustre-exp/kind2-benchmarks/FMCAD08/Int32/memory2/SYNAPSE_123_e2_1653.lus,l2l1,0.041,0,2,0,0,0,Not Found,invalid,Not Found,0.378
/home/ubuntu/Lustre-exp/kind2-benchmarks/FMCAD08/Int32/memory2/MOESI_2_e3_929_e8_1167.lus,base,Not Found,Not Found,Not Found,Not Found,Not Found,Not Found,Not Found,timeout,Not Found,290.115
/home/ubuntu/Lustre-exp/kind2-benchmarks/FMCAD08/Int32/memory2/SYNAPSE_123_e3_302.lus,base,0.289,1,22,2,0,0,Not Found,invalid,0,0.646
/home/ubuntu/Lustre-exp/kind2-benchmarks/FMCAD08/Int32/memory2/SYNAPSE_123_e7_837_e2_1394.lus,l2l1,0.043,0,2,0,0,0,Not Found,invalid,Not Found,0.397
/home/ubuntu/Lustre-exp/kind2-benchmarks/FMCAD08/Int32/memory2/SYNAPSE_123_e7_837_e3_135.lus,base,0.274,1,20,2,0,0,Not Found,invalid,0,0.637
/home/ubuntu/Lustre-exp/kind2-benchmarks/FMCAD08/Int32/memory2/SYNAPSE_123_e3_302_e1_1141.lus,l2l1,7.152,1,52,4,0,0,Not Found,invalid,2,7.805
/home/ubuntu/Lustre-exp/kind2-benchmarks/FMCAD08/Int32/memory2/MOESI_2_e3_929.lus,base,Not Found,Not Found,Not Found,Not Found,Not Found,Not Found,Not Found,timeout,Not Found,290.116
/home/ubuntu/Lustre-exp/kind2-benchmarks/FMCAD08/Int32/memory2/SYNAPSE_123_e8_953_e1_1128.lus,base,0.017,0,2,0,0,0,Not Found,invalid,Not Found,0.368
/home/ubuntu/Lustre-exp/kind2-benchmarks/FMCAD08/Int32/memory2/SYNAPSE_123_e8_953_e2_458.lus,l2l1,0.023,0,2,0,0,0,Not Found,invalid,Not Found,0.367
/home/ubuntu/Lustre-exp/kind2-benchmarks/FMCAD08/Int32/memory2/SYNAPSE_123_e8_953_e3_271.lus,l2l1,6.008,1,54,4,0,0,Not Found,invalid,2,6.669
/home/ubuntu/Lustre-exp/kind2-benchmarks/FMCAD08/Int32/memory2/SYNAPSE_123_e8_953_e7_1465.lus,l2l1,104.854,1,40,3,0,0,Not Found,valid,3,111.802
/home/ubuntu/Lustre-exp/kind2-benchmarks/FMCAD08/Int32/memory2/MOESI_2_e8_101.lus,base,Not Found,Not Found,Not Found,Not Found,Not Found,Not Found,Not Found,timeout,Not Found,290.114
/home/ubuntu/Lustre-exp/kind2-benchmarks/FMCAD08/Int32/memory2/SYNAPSE_123_e7_856.lus,l2l1,62.295,1,38,3,0,0,Not Found,valid,3,172.471
/home/ubuntu/Lustre-exp/kind2-benchmarks/FMCAD08/Int32/memory2/MOESI_2_e8_926_e1_1065.lus,base,Not Found,Not Found,Not Found,Not Found,Not Found,Not Found,Not Found,timeout,Not Found,290.115
/home/ubuntu/Lustre-exp/kind2-benchmarks/FMCAD08/Int32/memory2/SYNAPSE_1.lus,l2l1,0.046,2,28,1,0,0,Not Found,valid,1,0.386
/home/ubuntu/Lustre-exp/kind2-benchmarks/FMCAD08/Int32/memory2/SYNAPSE_2_e1_1239_e1_1331.lus,l2l1,0.020,0,2,0,0,0,Not Found,invalid,Not Found,0.364
/home/ubuntu/Lustre-exp/kind2-benchmarks/FMCAD08/Int32/memory2/SYNAPSE_2_e1_1239_e2_74.lus,base,0.019,0,2,0,0,0,Not Found,invalid,Not Found,0.364
/home/ubuntu/Lustre-exp/kind2-benchmarks/FMCAD08/Int32/memory2/SYNAPSE_2_e1_1239.lus,l2l1,0.018,0,2,0,0,0,Not Found,invalid,Not Found,0.362
/home/ubuntu/Lustre-exp/kind2-benchmarks/FMCAD08/Int32/memory2/SYNAPSE_2_e3_216.lus,base,0.485,1,22,2,0,0,Not Found,invalid,0,1.141
/home/ubuntu/Lustre-exp/kind2-benchmarks/FMCAD08/Int32/memory2/SYNAPSE_2_e8_1118_e1_667.lus,l2l1,0.019,0,2,0,0,0,Not Found,invalid,Not Found,0.363
/home/ubuntu/Lustre-exp/kind2-benchmarks/FMCAD08/Int32/memory2/SYNAPSE_2_e8_1118_e2_237.lus,l2l1,0.021,0,2,0,0,0,Not Found,invalid,Not Found,0.363
/home/ubuntu/Lustre-exp/kind2-benchmarks/FMCAD08/Int32/memory2/SYNAPSE_2_e8_1118_e3_1216.lus,base,3.191,1,24,2,0,0,Not Found,invalid,0,3.849
/home/ubuntu/Lustre-exp/kind2-benchmarks/FMCAD08/Int32/memory2/MOESI_2_e8_926_e8_2138.lus,base,Not Found,Not Found,Not Found,Not Found,Not Found,Not Found,Not Found,timeout,Not Found,290.113
/home/ubuntu/Lustre-exp/kind2-benchmarks/FMCAD08/Int32/memory2/SYNAPSE_2_e8_1118_e7_1043.lus,base,21.399,2,30,1,0,0,Not Found,valid,1,22.044
/home/ubuntu/Lustre-exp/kind2-benchmarks/FMCAD08/Int32/memory2/SYNAPSE_2_e8_1118_e8_1177.lus,base,17.482,2,29,1,0,0,Not Found,valid,1,18.128
/home/ubuntu/Lustre-exp/kind2-benchmarks/FMCAD08/Int32/memory2/SYNAPSE_123_e7_837_e7_1262.lus,base,217.431,2,57,3,0,0,Not Found,valid,3,218.074
/home/ubuntu/Lustre-exp/kind2-benchmarks/FMCAD08/Int32/memory2/SYNAPSE_3_e1_1416_e1_1675.lus,l2l1,0.021,0,2,0,0,0,Not Found,invalid,Not Found,0.366
/home/ubuntu/Lustre-exp/kind2-benchmarks/FMCAD08/Int32/memory2/SYNAPSE_3_e1_1416_e2_753.lus,base,0.018,0,2,0,0,0,Not Found,invalid,Not Found,0.366
/home/ubuntu/Lustre-exp/kind2-benchmarks/FMCAD08/Int32/memory2/SYNAPSE_3_e1_1416_e3_1191.lus,l2l1,0.023,0,2,0,0,0,Not Found,invalid,Not Found,0.364
/home/ubuntu/Lustre-exp/kind2-benchmarks/FMCAD08/Int32/memory2/SYNAPSE_3_e1_1416_e7_193.lus,base,0.027,0,2,0,0,0,Not Found,invalid,Not Found,0.374
/home/ubuntu/Lustre-exp/kind2-benchmarks/FMCAD08/Int32/memory2/SYNAPSE_3_e1_1416.lus,l2l1,0.021,0,2,0,0,0,Not Found,invalid,Not Found,0.366
/home/ubuntu/Lustre-exp/kind2-benchmarks/FMCAD08/Int32/memory2/SYNAPSE_3_e3_1041.lus,base,0.104,1,12,1,0,0,Not Found,invalid,0,0.459
/home/ubuntu/Lustre-exp/kind2-benchmarks/FMCAD08/Int32/memory2/SYNAPSE_2_e8_656.lus,base,21.296,2,29,1,0,0,Not Found,valid,1,21.941
/home/ubuntu/Lustre-exp/kind2-benchmarks/FMCAD08/Int32/memory2/MOESI_2.lus,base,Not Found,Not Found,Not Found,Not Found,Not Found,Not Found,Not Found,timeout,Not Found,290.115
/home/ubuntu/Lustre-exp/kind2-benchmarks/FMCAD08/Int32/memory2/SYNAPSE_3_e8_1329_e1_1270.lus,l2l1,0.022,0,2,0,0,0,Not Found,invalid,Not Found,0.362
/home/ubuntu/Lustre-exp/kind2-benchmarks/FMCAD08/Int32/memory2/SYNAPSE_3_e8_1329_e2_236.lus,base,0.021,0,2,0,0,0,Not Found,invalid,Not Found,0.363
/home/ubuntu/Lustre-exp/kind2-benchmarks/FMCAD08/Int32/memory2/SYNAPSE_3_e8_1329_e3_421.lus,base,0.321,1,24,2,0,0,Not Found,invalid,0,0.980
/home/ubuntu/Lustre-exp/kind2-benchmarks/FMCAD08/Int32/memory2/SYNAPSE_2.lus,l2l1,27.995,2,30,1,0,0,Not Found,valid,1,28.630
/home/ubuntu/Lustre-exp/kind2-benchmarks/FMCAD08/Int32/memory2/SYNAPSE_3_e7_1444_e7_638.lus,base,43.048,2,29,1,0,0,Not Found,valid,1,43.701
/home/ubuntu/Lustre-exp/kind2-benchmarks/FMCAD08/Int32/memory2/SYNAPSE_3_e8_1329_e7_1062.lus,base,23.099,2,25,1,0,0,Not Found,valid,1,23.745
/home/ubuntu/Lustre-exp/kind2-benchmarks/FMCAD08/Int32/memory2/SYNAPSE_3_e7_425.lus,l2l1,17.490,1,20,1,0,0,Not Found,valid,1,33.107
/home/ubuntu/Lustre-exp/kind2-benchmarks/FMCAD08/Int32/memory2/SYNAPSE_4_e8_420_e7_572.lus,l2l1,0.054,2,27,1,0,0,Not Found,valid,1,0.383
/home/ubuntu/Lustre-exp/kind2-benchmarks/FMCAD08/Int32/memory2/SYNAPSE_4_e8_420_e8_1525.lus,base,0.056,2,31,1,0,0,Not Found,valid,1,0.394
/home/ubuntu/Lustre-exp/kind2-benchmarks/FMCAD08/Int32/memory2/SYNAPSE_3_e8_1329_e8_320.lus,l2l1,10.089,1,20,1,0,0,Not Found,valid,1,25.497
/home/ubuntu/Lustre-exp/kind2-benchmarks/FMCAD08/Int32/memory2/SYNAPSE_4.lus,base,0.048,2,31,1,0,0,Not Found,valid,1,0.385
/home/ubuntu/Lustre-exp/kind2-benchmarks/FMCAD08/Int32/memory2/SYNAPSE_4_e8_974.lus,l2l1,0.052,2,31,1,0,0,Not Found,valid,1,0.394
/home/ubuntu/Lustre-exp/kind2-benchmarks/FMCAD08/Int32/memory2/SYNAPSE_5_e1_811_e1_823.lus,base,0.071,1,22,2,0,0,Not Found,invalid,0,0.428
/home/ubuntu/Lustre-exp/kind2-benchmarks/FMCAD08/Int32/memory2/SYNAPSE_5_e1_811_e2_1026.lus,l2l1,0.084,1,35,3,0,0,Not Found,invalid,1,0.436
/home/ubuntu/Lustre-exp/kind2-benchmarks/FMCAD08/Int32/memory2/SYNAPSE_5_e1_811.lus,l2l1,0.087,1,29,3,0,0,Not Found,invalid,1,0.429
/home/ubuntu/Lustre-exp/kind2-benchmarks/FMCAD08/Int32/memory2/MOESI_all.lus,base,Not Found,Not Found,Not Found,Not Found,Not Found,Not Found,Not Found,timeout,Not Found,290.116
/home/ubuntu/Lustre-exp/kind2-benchmarks/FMCAD08/Int32/memory2/SYNAPSE_123_e8_953_e8_941.lus,l2l1,96.481,1,49,3,0,0,Not Found,valid,3,156.455
/home/ubuntu/Lustre-exp/kind2-benchmarks/FMCAD08/Int32/memory2/SYNAPSE_3_e8_1708.lus,base,29.238,2,29,1,0,0,Not Found,valid,1,29.883
/home/ubuntu/Lustre-exp/kind2-benchmarks/FMCAD08/Int32/memory2/SYNAPSE_123.lus,l2l1,126.967,2,63,3,0,0,Not Found,valid,3,127.616
/home/ubuntu/Lustre-exp/kind2-benchmarks/FMCAD08/Int32/memory2/SYNAPSE_123_e8_953.lus,base,152.246,2,62,3,0,0,Not Found,valid,3,152.891
/home/ubuntu/Lustre-exp/kind2-benchmarks/FMCAD08/Int32/memory2/SYNAPSE_3.lus,l2l1,61.554,1,20,1,0,0,Not Found,valid,1,66.495
/home/ubuntu/Lustre-exp/kind2-benchmarks/FMCAD08/Int32/memory2/SYNAPSE_all_e3_1750.lus,base,0.365,1,24,2,0,0,Not Found,invalid,0,0.713
/home/ubuntu/Lustre-exp/kind2-benchmarks/FMCAD08/Int32/memory2/SYNAPSE_all_e3_1864_e3_495.lus,l2l1,1.566,1,54,4,0,0,Not Found,invalid,2,2.224
/home/ubuntu/Lustre-exp/kind2-benchmarks/FMCAD08/Int32/memory2/SYNAPSE_all_e3_1864_e4_34.lus,base,0.018,0,2,0,0,0,Not Found,invalid,Not Found,0.377
/home/ubuntu/Lustre-exp/kind2-benchmarks/FMCAD08/Int32/memory2/SYNAPSE_all_e3_1864_e5_1637.lus,base,0.019,0,2,0,0,0,Not Found,invalid,Not Found,0.365
/home/ubuntu/Lustre-exp/kind2-benchmarks/FMCAD08/Int32/memory2/SYNAPSE_all_e3_1864_e7_251.lus,base,5.508,1,49,4,0,0,Not Found,invalid,2,6.155
/home/ubuntu/Lustre-exp/kind2-benchmarks/FMCAD08/Int32/memory2/SYNAPSE_all_e7_907_e7_1363.lus,l2l1,131.263,1,62,4,0,0,Not Found,valid,4,164.872
/home/ubuntu/Lustre-exp/kind2-benchmarks/FMCAD08/Int32/memory2/SYNAPSE_5_e2_1525.lus,base,0.173,1,41,3,0,0,Not Found,timeout,3,290.117
/home/ubuntu/Lustre-exp/kind2-benchmarks/FMCAD08/Int32/memory2/SYNAPSE_all_e8_251_e1_1852.lus,l2l1,0.023,0,2,0,0,0,Not Found,invalid,Not Found,0.377
/home/ubuntu/Lustre-exp/kind2-benchmarks/FMCAD08/Int32/memory2/SYNAPSE_5.lus,base,0.214,1,43,3,0,0,Not Found,timeout,3,290.117
/home/ubuntu/Lustre-exp/kind2-benchmarks/FMCAD08/Int32/memory2/SYNAPSE_all_e8_251_e2_1053.lus,base,0.021,0,2,0,0,0,Not Found,invalid,Not Found,0.365
/home/ubuntu/Lustre-exp/kind2-benchmarks/FMCAD08/Int32/memory2/SYNAPSE_6_e2_1439_e1_954.lus,base,13.805,1,66,4,0,0,Not Found,timeout,4,290.117
/home/ubuntu/Lustre-exp/kind2-benchmarks/FMCAD08/Int32/memory2/SYNAPSE_all_e8_251_e3_1472.lus,base,6.088,1,53,4,0,0,Not Found,invalid,2,6.757
/home/ubuntu/Lustre-exp/kind2-benchmarks/FMCAD08/Int32/memory2/SYNAPSE_i1.lus,base,0.017,0,2,0,0,0,Not Found,invalid,Not Found,0.361
/home/ubuntu/Lustre-exp/kind2-benchmarks/FMCAD08/Int32/misc/_6countern.lus,base,0.005,0,1,0,0,0,Not Found,invalid,Not Found,0.339
/home/ubuntu/Lustre-exp/kind2-benchmarks/FMCAD08/Int32/memory2/SYNAPSE_6_e3_1666_e5_1558.lus,base,11.391,1,48,3,0,0,Not Found,timeout,3,290.116
/home/ubuntu/Lustre-exp/kind2-benchmarks/FMCAD08/Int32/memory2/SYNAPSE_6_e7_938_e2_1012.lus,base,27.816,1,63,4,0,0,Not Found,timeout,4,290.115
/home/ubuntu/Lustre-exp/kind2-benchmarks/FMCAD08/Int32/misc/_6counters_e8_371_e2_80.lus,l2l1,0.012,2,12,0,0,0,Not Found,valid,0,0.357
/home/ubuntu/Lustre-exp/kind2-benchmarks/FMCAD08/Int32/memory2/SYNAPSE_6_e8_1147_e2_1326.lus,base,4.739,1,49,3,0,0,Not Found,timeout,3,290.116
/home/ubuntu/Lustre-exp/kind2-benchmarks/FMCAD08/Int32/misc/_6counters_e8_371_e7_304.lus,base,0.066,2,59,5,1,0,Not Found,invalid,2 0,0.407
/home/ubuntu/Lustre-exp/kind2-benchmarks/FMCAD08/Int32/misc/_6counters.lus,base,5.816,9,5038,42,3,9,Not Found,invalid,30 27 23 19 17 16 13 11 8,6.206
/home/ubuntu/Lustre-exp/kind2-benchmarks/FMCAD08/Int32/misc/durationThm_1_e1_350.lus,l2l1,0.014,0,2,0,0,0,Not Found,invalid,Not Found,0.367
/home/ubuntu/Lustre-exp/kind2-benchmarks/FMCAD08/Int32/misc/durationThm_1_e2_3.lus,base,0.011,0,2,0,0,0,Not Found,invalid,Not Found,0.349
/home/ubuntu/Lustre-exp/kind2-benchmarks/FMCAD08/Int32/misc/durationThm_1_e3_389_e4_294.lus,l2l1,0.013,0,2,0,0,0,Not Found,invalid,Not Found,0.357
/home/ubuntu/Lustre-exp/kind2-benchmarks/FMCAD08/Int32/misc/durationThm_1_e3_389_e5_5.lus,l2l1,0.014,0,2,0,0,0,Not Found,invalid,Not Found,0.356
/home/ubuntu/Lustre-exp/kind2-benchmarks/FMCAD08/Int32/misc/durationThm_1_e3_389.lus,l2l1,0.014,0,2,0,0,0,Not Found,invalid,Not Found,0.346
/home/ubuntu/Lustre-exp/kind2-benchmarks/FMCAD08/Int32/misc/durationThm_1_e7_217_e1_89.lus,l2l1,0.012,0,2,0,0,0,Not Found,invalid,Not Found,0.357
/home/ubuntu/Lustre-exp/kind2-benchmarks/FMCAD08/Int32/misc/durationThm_1_e7_217_e2_352.lus,l2l1,0.012,0,2,0,0,0,Not Found,invalid,Not Found,0.353
/home/ubuntu/Lustre-exp/kind2-benchmarks/FMCAD08/Int32/misc/durationThm_1_e7_217_e3_132.lus,l2l1,0.014,0,2,0,0,0,Not Found,invalid,Not Found,0.357
/home/ubuntu/Lustre-exp/kind2-benchmarks/FMCAD08/Int32/misc/durationThm_1_e7_217_e7_31.lus,l2l1,0.014,0,2,0,0,0,Not Found,invalid,Not Found,0.357
/home/ubuntu/Lustre-exp/kind2-benchmarks/FMCAD08/Int32/misc/durationThm_1_e7_217.lus,l2l1,0.016,0,2,0,0,0,Not Found,invalid,Not Found,0.355
/home/ubuntu/Lustre-exp/kind2-benchmarks/FMCAD08/Int32/misc/durationThm_1.lus,l2l1,0.015,0,2,0,0,0,Not Found,invalid,Not Found,0.359
/home/ubuntu/Lustre-exp/kind2-benchmarks/FMCAD08/Int32/memory2/SYNAPSE_6.lus,base,5.995,1,49,3,0,0,Not Found,timeout,3,290.115
/home/ubuntu/Lustre-exp/kind2-benchmarks/FMCAD08/Int32/misc/durationThm_2_e2_63.lus,l2l1,0.102,2,38,2,0,0,Not Found,valid,2,0.434
/home/ubuntu/Lustre-exp/kind2-benchmarks/FMCAD08/Int32/misc/durationThm_2_e3_329_e4_1.lus,l2l1,0.102,2,38,2,0,0,Not Found,valid,2,0.434
/home/ubuntu/Lustre-exp/kind2-benchmarks/FMCAD08/Int32/memory2/SYNAPSE_all_e7_907.lus,base,118.706,2,70,4,0,0,Not Found,valid,4,119.349
/home/ubuntu/Lustre-exp/kind2-benchmarks/FMCAD08/Int32/memory2/SYNAPSE_all.lus,l2l1,108.596,1,66,4,0,0,Not Found,valid,4,129.008
/home/ubuntu/Lustre-exp/kind2-benchmarks/FMCAD08/Int32/misc/durationThm_2_e7_145_e1_343.lus,l2l1,0.014,0,2,0,0,0,Not Found,invalid,Not Found,0.358
/home/ubuntu/Lustre-exp/kind2-benchmarks/FMCAD08/Int32/misc/durationThm_2_e7_145_e2_169.lus,base,0.143,2,50,3,0,0,Not Found,valid,3,0.488
/home/ubuntu/Lustre-exp/kind2-benchmarks/FMCAD08/Int32/memory2/SYNAPSE_all_e8_251.lus,base,143.434,2,81,4,0,0,Not Found,valid,4,144.088
/home/ubuntu/Lustre-exp/kind2-benchmarks/FMCAD08/Int32/misc/durationThm_2_e7_145_e7_154.lus,l2l1,0.014,0,2,0,0,0,Not Found,invalid,Not Found,0.369
/home/ubuntu/Lustre-exp/kind2-benchmarks/FMCAD08/Int32/misc/_6counters_e3_140_e8_149.lus,base,0.190,3,288,7,1,0,Not Found,timeout,7 5 3,290.290
/home/ubuntu/Lustre-exp/kind2-benchmarks/FMCAD08/Int32/misc/durationThm_2_e7_149.lus,l2l1,0.014,0,2,0,0,0,Not Found,invalid,Not Found,0.368
/home/ubuntu/Lustre-exp/kind2-benchmarks/FMCAD08/Int32/misc/_6counters_e8_371_e1_448.lus,base,0.394,4,623,12,2,1,Not Found,timeout,11 9 7 4,290.294
/home/ubuntu/Lustre-exp/kind2-benchmarks/FMCAD08/Int32/misc/durationThm_3_e1_36.lus,l2l1,0.013,0,1,0,0,0,Not Found,invalid,Not Found,0.357
/home/ubuntu/Lustre-exp/kind2-benchmarks/FMCAD08/Int32/misc/durationThm_3_e2_63.lus,l2l1,0.012,0,1,0,0,0,Not Found,invalid,Not Found,0.359
/home/ubuntu/Lustre-exp/kind2-benchmarks/FMCAD08/Int32/misc/durationThm_3_e3_207.lus,l2l1,0.010,0,1,0,0,0,Not Found,invalid,Not Found,0.349
/home/ubuntu/Lustre-exp/kind2-benchmarks/FMCAD08/Int32/misc/durationThm_3_e3_442_e4_165.lus,base,0.011,0,1,0,0,0,Not Found,invalid,Not Found,0.346
/home/ubuntu/Lustre-exp/kind2-benchmarks/FMCAD08/Int32/misc/durationThm_3_e3_442_e5_260.lus,l2l1,0.008,0,1,0,0,0,Not Found,invalid,Not Found,0.349
/home/ubuntu/Lustre-exp/kind2-benchmarks/FMCAD08/Int32/misc/durationThm_3_e7_334_e1_431.lus,base,0.009,0,1,0,0,0,Not Found,invalid,Not Found,0.347
/home/ubuntu/Lustre-exp/kind2-benchmarks/FMCAD08/Int32/misc/durationThm_3_e7_334_e2_62.lus,base,0.010,0,1,0,0,0,Not Found,invalid,Not Found,0.345
/home/ubuntu/Lustre-exp/kind2-benchmarks/FMCAD08/Int32/misc/durationThm_3_e7_334_e3_42.lus,l2l1,0.011,0,1,0,0,0,Not Found,invalid,Not Found,0.349
/home/ubuntu/Lustre-exp/kind2-benchmarks/FMCAD08/Int32/misc/durationThm_3_e7_334_e7_118.lus,l2l1,0.011,0,1,0,0,0,Not Found,invalid,Not Found,0.347
/home/ubuntu/Lustre-exp/kind2-benchmarks/FMCAD08/Int32/misc/durationThm_3_e7_334.lus,l2l1,0.011,0,1,0,0,0,Not Found,invalid,Not Found,0.348
/home/ubuntu/Lustre-exp/kind2-benchmarks/FMCAD08/Int32/misc/_6counters_e8_371_e3_224.lus,base,0.188,3,288,7,1,0,Not Found,timeout,7 5 3,290.308
/home/ubuntu/Lustre-exp/kind2-benchmarks/FMCAD08/Int32/misc/durationThm_3.lus,l2l1,0.010,0,1,0,0,0,Not Found,invalid,Not Found,0.347
/home/ubuntu/Lustre-exp/kind2-benchmarks/FMCAD08/Int32/misc/ex8_e7_74_e7_740.lus,l2l1,0.012,0,2,0,0,0,Not Found,invalid,Not Found,0.352
/home/ubuntu/Lustre-exp/kind2-benchmarks/FMCAD08/Int32/misc/ex8_e7_74_e8_302.lus,l2l1,0.012,0,2,0,0,0,Not Found,invalid,Not Found,0.351
/home/ubuntu/Lustre-exp/kind2-benchmarks/FMCAD08/Int32/misc/ex8_e7_74.lus,l2l1,0.012,0,2,0,0,0,Not Found,invalid,Not Found,0.362
/home/ubuntu/Lustre-exp/kind2-benchmarks/FMCAD08/Int32/misc/ex8_e8_220_e7_249.lus,l2l1,0.011,0,2,0,0,0,Not Found,invalid,Not Found,0.353
/home/ubuntu/Lustre-exp/kind2-benchmarks/FMCAD08/Int32/misc/ex8_e8_220.lus,base,0.010,0,2,0,0,0,Not Found,invalid,Not Found,0.363
/home/ubuntu/Lustre-exp/kind2-benchmarks/FMCAD08/Int32/misc/ex8.lus,l2l1,0.012,0,2,0,0,0,Not Found,invalid,Not Found,0.348
/home/ubuntu/Lustre-exp/kind2-benchmarks/FMCAD08/Int32/misc/ticket3i_1_e7_1669.lus,l2l1,0.123,2,44,3,0,0,Not Found,valid,3,0.483
/home/ubuntu/Lustre-exp/kind2-benchmarks/FMCAD08/Int32/misc/ticket3i_1.lus,base,0.121,2,44,3,0,0,Not Found,valid,3,0.474
/home/ubuntu/Lustre-exp/kind2-benchmarks/FMCAD08/Int32/misc/ticket3i_2.lus,base,0.305,2,126,8,2,0,Not Found,invalid,6 2,0.692
/home/ubuntu/Lustre-exp/kind2-benchmarks/FMCAD08/Int32/misc/ticket3i_3_e7_1312_e7_1495.lus,l2l1,0.024,0,2,0,0,0,Not Found,invalid,Not Found,0.385
/home/ubuntu/Lustre-exp/kind2-benchmarks/FMCAD08/Int32/misc/ticket3i_3_e7_1312_e8_1916.lus,l2l1,0.025,0,2,0,0,0,Not Found,invalid,Not Found,0.385
/home/ubuntu/Lustre-exp/kind2-benchmarks/FMCAD08/Int32/misc/ticket3i_3_e7_99.lus,l2l1,0.025,0,2,0,0,0,Not Found,invalid,Not Found,0.389
/home/ubuntu/Lustre-exp/kind2-benchmarks/FMCAD08/Int32/misc/ticket3i_3_e8_1703_e7_3491.lus,l2l1,0.025,0,2,0,0,0,Not Found,invalid,Not Found,0.409
/home/ubuntu/Lustre-exp/kind2-benchmarks/FMCAD08/Int32/misc/ticket3i_3_e8_1703_e8_2560.lus,l2l1,0.024,0,2,0,0,0,Not Found,invalid,Not Found,0.398
/home/ubuntu/Lustre-exp/kind2-benchmarks/FMCAD08/Int32/misc/ticket3i_3_e8_1703.lus,l2l1,0.027,0,2,0,0,0,Not Found,invalid,Not Found,0.391
/home/ubuntu/Lustre-exp/kind2-benchmarks/FMCAD08/Int32/misc/ticket3i_3.lus,l2l1,0.023,0,2,0,0,0,Not Found,invalid,Not Found,0.384
/home/ubuntu/Lustre-exp/kind2-benchmarks/FMCAD08/Int32/misc/ticket3i_4_e7_1775_e7_3320.lus,l2l1,0.103,2,32,2,0,0,Not Found,valid,2,0.453
/home/ubuntu/Lustre-exp/kind2-benchmarks/FMCAD08/Int32/misc/ticket3i_4.lus,base,0.091,2,32,2,0,0,Not Found,valid,2,0.455
/home/ubuntu/Lustre-exp/kind2-benchmarks/FMCAD08/Int32/misc/ticket3i_5_e7_3307.lus,l2l1,0.097,2,32,2,0,0,Not Found,valid,2,0.466
/home/ubuntu/Lustre-exp/kind2-benchmarks/FMCAD08/Int32/misc/ticket3i_5.lus,base,0.085,2,32,2,0,0,Not Found,valid,2,0.435
/home/ubuntu/Lustre-exp/kind2-benchmarks/FMCAD08/Int32/misc/ticket3i_6_e7_1096_e7_2688.lus,l2l1,0.092,2,34,2,0,0,Not Found,valid,2,0.436
/home/ubuntu/Lustre-exp/kind2-benchmarks/FMCAD08/Int32/misc/ticket3i_6.lus,base,0.079,2,32,2,0,0,Not Found,valid,2,0.433
/home/ubuntu/Lustre-exp/kind2-benchmarks/FMCAD08/Int32/misc/ticket3i_7_e1_2192_e1_1852.lus,base,0.355,2,121,8,0,0,Not Found,valid,8,0.707
/home/ubuntu/Lustre-exp/kind2-benchmarks/FMCAD08/Int32/misc/ticket3i_7_e2_2724_e7_524.lus,base,0.275,2,84,6,0,0,Not Found,valid,6,0.637
/home/ubuntu/Lustre-exp/kind2-benchmarks/FMCAD08/Int32/misc/ticket3i_7_e3_59_e7_2122.lus,l2l1,0.273,2,90,6,0,0,Not Found,valid,6,0.627
/home/ubuntu/Lustre-exp/kind2-benchmarks/FMCAD08/Int32/misc/ticket3i_7_e7_3176_e1_2924.lus,l2l1,0.306,1,92,7,0,0,Not Found,valid,6,0.639
/home/ubuntu/Lustre-exp/kind2-benchmarks/FMCAD08/Int32/misc/ticket3i_7_e7_3176.lus,l2l1,0.260,2,98,6,0,0,Not Found,valid,6,0.598
/home/ubuntu/Lustre-exp/kind2-benchmarks/FMCAD08/Int32/misc/ticket3i_7_e8_2126_e7_78.lus,base,0.256,2,105,6,0,0,Not Found,valid,6,0.606
/home/ubuntu/Lustre-exp/kind2-benchmarks/FMCAD08/Int32/misc/ticket3i_7.lus,base,0.250,2,84,6,0,0,Not Found,valid,6,0.615
/home/ubuntu/Lustre-exp/kind2-benchmarks/FMCAD08/Int32/misc/ticket3i_all_e1_2706_e7_1776.lus,l2l1,0.285,2,88,6,0,0,Not Found,valid,6,0.626
/home/ubuntu/Lustre-exp/kind2-benchmarks/FMCAD08/Int32/misc/ticket3i_all_e2_1117_e7_553.lus,l2l1,0.316,3,129,7,0,0,Not Found,valid,1 0,0.640
/home/ubuntu/Lustre-exp/kind2-benchmarks/FMCAD08/Int32/misc/ticket3i_all_e3_557_e7_3464.lus,l2l1,0.299,2,105,6,0,0,Not Found,valid,6,0.646
/home/ubuntu/Lustre-exp/kind2-benchmarks/FMCAD08/Int32/misc/ticket3i_all_e7_591.lus,base,0.253,2,82,6,0,0,Not Found,valid,6,0.606
/home/ubuntu/Lustre-exp/kind2-benchmarks/FMCAD08/Int32/misc/ticket3i_all_e8_505_e7_2450.lus,l2l1,0.291,1,67,7,0,0,Not Found,valid,5,0.618
/home/ubuntu/Lustre-exp/kind2-benchmarks/FMCAD08/Int32/misc/ticket3i_all.lus,base,0.333,3,140,7,0,0,Not Found,valid,1 0,0.700
/home/ubuntu/Lustre-exp/kind2-benchmarks/FMCAD08/Int32/misc/traffic_e7_46_e7_171.lus,base,0.007,0,1,0,0,0,Not Found,invalid,Not Found,0.346
/home/ubuntu/Lustre-exp/kind2-benchmarks/FMCAD08/Int32/misc/traffic_e7_46.lus,l2l1,0.007,0,1,0,0,0,Not Found,invalid,Not Found,0.346
/home/ubuntu/Lustre-exp/kind2-benchmarks/FMCAD08/Int32/misc/traffic.lus,l2l1,0.051,2,41,2,0,0,Not Found,valid,2,0.690
/home/ubuntu/Lustre-exp/kind2-benchmarks/FMCAD08/Int32/misc/durationThm_2_e1_301.lus,base,0.755,1,52,4,0,0,Not Found,timeout,4,290.124
/home/ubuntu/Lustre-exp/kind2-benchmarks/FMCAD08/Int32/misc/two_counters_e1_268.lus,l2l1,0.008,0,2,0,0,0,Not Found,invalid,Not Found,0.348
/home/ubuntu/Lustre-exp/kind2-benchmarks/FMCAD08/Int32/misc/two_counters_e2_3.lus,l2l1,0.027,1,12,1,0,0,Not Found,invalid,0,0.368
/home/ubuntu/Lustre-exp/kind2-benchmarks/FMCAD08/Int32/misc/two_counters_e3_325.lus,l2l1,0.024,1,12,1,0,0,Not Found,invalid,0,0.367
/home/ubuntu/Lustre-exp/kind2-benchmarks/FMCAD08/Int32/misc/two_counters_e7_222.lus,l2l1,0.008,0,2,0,0,0,Not Found,invalid,Not Found,0.346
/home/ubuntu/Lustre-exp/kind2-benchmarks/FMCAD08/Int32/misc/two_counters.lus,base,1.086,6,1505,20,4,5,Not Found,valid,25 23 18 15 9,1.420
/home/ubuntu/Lustre-exp/kind2-benchmarks/FMCAD08/Int32/misc/twisted_counters.lus,base,3.646,9,3718,29,3,9,Not Found,valid,32 29 25 22 20 18 15 8,3.992
/home/ubuntu/Lustre-exp/kind2-benchmarks/FMCAD08/Int32/protocol/peterson_1.lus,base,0.274,4,153,2,0,0,Not Found,valid,2 1 0,0.644
/home/ubuntu/Lustre-exp/kind2-benchmarks/FMCAD08/Int32/protocol/peterson_2.lus,base,0.290,4,153,2,0,0,Not Found,valid,2 1 0,0.665
/home/ubuntu/Lustre-exp/kind2-benchmarks/FMCAD08/Int32/protocol/peterson_3.lus,l2l1,0.298,4,153,2,0,0,Not Found,valid,2 1 0,0.651
/home/ubuntu/Lustre-exp/kind2-benchmarks/FMCAD08/Int32/protocol/peterson_4.lus,base,0.278,4,153,2,0,0,Not Found,valid,2 1 0,0.646
/home/ubuntu/Lustre-exp/kind2-benchmarks/FMCAD08/Int32/protocol/peterson_all.lus,base,1.413,4,407,8,0,0,Not Found,valid,8 4 0,1.789
/home/ubuntu/Lustre-exp/kind2-benchmarks/FMCAD08/Int32/misc/durationThm_2_e3_329_e5_124.lus,base,0.126,1,35,3,0,0,Not Found,timeout,3,290.129
/home/ubuntu/Lustre-exp/kind2-benchmarks/FMCAD08/Int32/misc/durationThm_2_e3_99.lus,base,0.100,1,25,2,0,0,Not Found,timeout,2,290.124
/home/ubuntu/Lustre-exp/kind2-benchmarks/FMCAD08/Int32/misc/durationThm_2_e7_145_e3_222.lus,base,0.248,1,60,5,0,0,Not Found,timeout,5,290.123
/home/ubuntu/Lustre-exp/kind2-benchmarks/FMCAD08/Int32/protocol/rtp_10.lus,base,0.246,4,153,2,0,0,Not Found,valid,2 1 0,0.611
/home/ubuntu/Lustre-exp/kind2-benchmarks/FMCAD08/Int32/protocol/rtp_1.lus,l2l1,0.081,2,23,1,0,0,Not Found,valid,1,0.439
/home/ubuntu/Lustre-exp/kind2-benchmarks/FMCAD08/Int32/protocol/rtp_2.lus,l2l1,0.167,2,58,3,0,0,Not Found,valid,3,0.516
/home/ubuntu/Lustre-exp/kind2-benchmarks/FMCAD08/Int32/protocol/rtp_3.lus,base,0.270,4,153,2,0,0,Not Found,valid,2 1 0,0.638
/home/ubuntu/Lustre-exp/kind2-benchmarks/FMCAD08/Int32/protocol/rtp_4.lus,l2l1,0.252,4,153,2,0,0,Not Found,valid,2 1 0,0.607
/home/ubuntu/Lustre-exp/kind2-benchmarks/FMCAD08/Int32/misc/durationThm_2_e7_145_e8_73.lus,base,2.070,1,52,4,0,0,Not Found,timeout,4,290.124
/home/ubuntu/Lustre-exp/kind2-benchmarks/FMCAD08/Int32/protocol/rtp_5.lus,base,0.235,4,153,2,0,0,Not Found,valid,2 1 0,0.623
/home/ubuntu/Lustre-exp/kind2-benchmarks/FMCAD08/Int32/protocol/rtp_6.lus,l2l1,0.269,4,153,2,0,0,Not Found,valid,2 1 0,0.658
/home/ubuntu/Lustre-exp/kind2-benchmarks/FMCAD08/Int32/protocol/rtp_7.lus,l2l1,0.277,4,153,2,0,0,Not Found,valid,2 1 0,0.623
/home/ubuntu/Lustre-exp/kind2-benchmarks/FMCAD08/Int32/protocol/rtp_8.lus,l2l1,0.291,4,153,2,0,0,Not Found,valid,2 1 0,0.635
/home/ubuntu/Lustre-exp/kind2-benchmarks/FMCAD08/Int32/protocol/rtp_9.lus,l2l1,0.258,4,153,2,0,0,Not Found,valid,2 1 0,0.596
/home/ubuntu/Lustre-exp/kind2-benchmarks/FMCAD08/Int32/misc/durationThm_2.lus,base,2.004,1,52,4,0,0,Not Found,timeout,4,290.122
/home/ubuntu/Lustre-exp/kind2-benchmarks/FMCAD08/Int32/protocol/rtp_all.lus,base,4.685,4,937,19,0,0,Not Found,valid,16 8 0,5.228
/home/ubuntu/Lustre-exp/kind2-benchmarks/FMCAD08/Int32/misc/ex3.lus,base,0.312,2,171,7,0,0,Not Found,timeout,10 6,290.175
/home/ubuntu/Lustre-exp/kind2-benchmarks/FMCAD08/Int32/protocol/peterson_1_e7_4234.lus,base,0.136,1,26,2,0,0,Not Found,timeout,2,290.191
/home/ubuntu/Lustre-exp/kind2-benchmarks/FMCAD08/Int32/protocol/peterson_vt.lus,base,Not Found,Not Found,Not Found,Not Found,Not Found,Not Found,Not Found,timeout,Not Found,290.116
/home/ubuntu/Lustre-exp/kind2-benchmarks/FMCAD08/Int32/protocol/swimmingpool_2.lus,l2l1,0.024,0,2,0,0,0,Not Found,invalid,Not Found,0.391
/home/ubuntu/Lustre-exp/kind2-benchmarks/FMCAD08/Int32/protocol/readwrit.lus,base,0.107,1,28,2,0,0,Not Found,timeout,2,290.177
/home/ubuntu/Lustre-exp/kind2-benchmarks/FMCAD08/Int32/protocol/swimmingpool_3.lus,l2l1,0.069,1,12,1,0,0,Not Found,invalid,0,0.433
/home/ubuntu/Lustre-exp/kind2-benchmarks/FMCAD08/Int32/protocol/swimmingpool_4_e7_2197.lus,l2l1,0.155,2,48,4,1,0,Not Found,invalid,2 1,0.540
/home/ubuntu/Lustre-exp/kind2-benchmarks/FMCAD08/Int32/protocol/swimmingpool_4.lus,l2l1,0.171,2,48,4,1,0,Not Found,invalid,2 1,0.547
/home/ubuntu/Lustre-exp/kind2-benchmarks/FMCAD08/Int32/protocol/swimmingpool_5.lus,base,0.307,2,72,6,1,0,Not Found,invalid,3 2,0.696
/home/ubuntu/Lustre-exp/kind2-benchmarks/FMCAD08/Int32/protocol/swimmingpool_6_e7_10_e7_341.lus,l2l1,0.429,2,95,6,1,0,Not Found,invalid,5 1,0.730
/home/ubuntu/Lustre-exp/kind2-benchmarks/FMCAD08/Int32/protocol/swimmingpool_6.lus,l2l1,0.378,2,68,6,1,0,Not Found,invalid,3 1,0.678
/home/ubuntu/Lustre-exp/kind2-benchmarks/FMCAD08/Int32/protocol/swimmingpool_7.lus,base,0.747,3,169,7,1,0,Not Found,invalid,4 2 0,1.161
/home/ubuntu/Lustre-exp/kind2-benchmarks/FMCAD08/Int32/protocol/swimmingpool_8.lus,base,0.649,3,122,8,0,0,Not Found,invalid,4 1 0,1.058
/home/ubuntu/Lustre-exp/kind2-benchmarks/FMCAD08/Int32/protocol/rtp_10_e7_106_e7_2564.lus,base,14.695,7,1089,11,1,0,Not Found,timeout,8 7 6 5 4 3 2,290.146
/home/ubuntu/Lustre-exp/kind2-benchmarks/FMCAD08/Int32/protocol/swimmingpool_6_e7_399.lus,base,14.606,3,568,16,2,0,Not Found,invalid,12 11 8,15.132
/home/ubuntu/Lustre-exp/kind2-benchmarks/FMCAD08/Int32/simulation/car_1.lus,base,0.188,4,153,2,0,0,Not Found,valid,2 1 0,0.532
/home/ubuntu/Lustre-exp/kind2-benchmarks/FMCAD08/Int32/simulation/car_2_e7_1027_e1_1047.lus,l2l1,0.177,3,75,2,0,0,Not Found,valid,3 2,0.499
/home/ubuntu/Lustre-exp/kind2-benchmarks/FMCAD08/Int32/simulation/car_2_e7_1027_e7_359.lus,base,0.532,4,167,4,0,0,Not Found,valid,5 4 2,0.885
/home/ubuntu/Lustre-exp/kind2-benchmarks/FMCAD08/Int32/simulation/car_2_e8_491_e7_826.lus,l2l1,0.189,3,75,2,0,0,Not Found,valid,3 2,0.496
/home/ubuntu/Lustre-exp/kind2-benchmarks/FMCAD08/Int32/simulation/car_2.lus,l2l1,0.333,4,121,2,0,0,Not Found,valid,2 1 0,0.617
/home/ubuntu/Lustre-exp/kind2-benchmarks/FMCAD08/Int32/simulation/car_3_e1_586.lus,l2l1,0.038,1,12,1,0,0,Not Found,invalid,0,0.381
/home/ubuntu/Lustre-exp/kind2-benchmarks/FMCAD08/Int32/simulation/car_3_e2_695.lus,l2l1,0.045,2,28,1,0,0,Not Found,valid,1,0.375
/home/ubuntu/Lustre-exp/kind2-benchmarks/FMCAD08/Int32/simulation/car_3_e7_626_e1_305.lus,l2l1,0.051,1,18,2,0,0,Not Found,invalid,0,0.399
/home/ubuntu/Lustre-exp/kind2-benchmarks/FMCAD08/Int32/simulation/car_3_e7_626.lus,l2l1,0.170,3,74,2,0,0,Not Found,valid,2 1,0.476
/home/ubuntu/Lustre-exp/kind2-benchmarks/FMCAD08/Int32/simulation/car_3_e8_33_e1_856.lus,l2l1,0.040,1,12,1,0,0,Not Found,invalid,0,0.380
/home/ubuntu/Lustre-exp/kind2-benchmarks/FMCAD08/Int32/simulation/car_3_e8_33_e2_1010.lus,l2l1,0.046,2,28,1,0,0,Not Found,valid,1,0.395
/home/ubuntu/Lustre-exp/kind2-benchmarks/FMCAD08/Int32/simulation/car_3_e8_33_e7_220.lus,l2l1,0.159,3,74,2,0,0,Not Found,valid,2 1,0.474
/home/ubuntu/Lustre-exp/kind2-benchmarks/FMCAD08/Int32/simulation/car_3_e8_33.lus,base,0.169,3,76,2,0,0,Not Found,valid,2 1,0.520
/home/ubuntu/Lustre-exp/kind2-benchmarks/FMCAD08/Int32/simulation/car_3.lus,l2l1,0.250,3,104,3,0,0,Not Found,valid,3 1,0.559
/home/ubuntu/Lustre-exp/kind2-benchmarks/FMCAD08/Int32/simulation/car_4_e3_57_e4_1047.lus,l2l1,0.041,2,27,1,0,0,Not Found,valid,1,0.374
/home/ubuntu/Lustre-exp/kind2-benchmarks/FMCAD08/Int32/simulation/car_4_e3_57_e5_999.lus,l2l1,0.012,0,2,0,0,0,Not Found,invalid,Not Found,0.358
/home/ubuntu/Lustre-exp/kind2-benchmarks/FMCAD08/Int32/simulation/car_4_e3_57_e6_784.lus,l2l1,0.181,4,155,2,0,0,Not Found,valid,2 1 0,0.507
/home/ubuntu/Lustre-exp/kind2-benchmarks/FMCAD08/Int32/simulation/car_4_e3_57.lus,l2l1,0.013,0,2,0,0,0,Not Found,invalid,Not Found,0.359
/home/ubuntu/Lustre-exp/kind2-benchmarks/FMCAD08/Int32/simulation/car_4_e7_592_e3_442.lus,l2l1,0.013,0,2,0,0,0,Not Found,invalid,Not Found,0.358
/home/ubuntu/Lustre-exp/kind2-benchmarks/FMCAD08/Int32/simulation/car_4_e7_592_e7_265.lus,base,0.185,4,168,4,0,0,Not Found,valid,5 4 2,0.536
/home/ubuntu/Lustre-exp/kind2-benchmarks/FMCAD08/Int32/simulation/car_4_e7_592.lus,base,0.102,3,73,2,0,0,Not Found,valid,2 1,0.435
/home/ubuntu/Lustre-exp/kind2-benchmarks/FMCAD08/Int32/simulation/car_4_e8_118_e3_514.lus,base,0.011,0,2,0,0,0,Not Found,invalid,Not Found,0.349
/home/ubuntu/Lustre-exp/kind2-benchmarks/FMCAD08/Int32/simulation/car_4_e8_118_e7_178.lus,l2l1,0.115,3,76,2,0,0,Not Found,valid,2 1,0.448
/home/ubuntu/Lustre-exp/kind2-benchmarks/FMCAD08/Int32/simulation/car_4_e8_118.lus,l2l1,0.122,3,81,2,0,0,Not Found,valid,2 1,0.435
/home/ubuntu/Lustre-exp/kind2-benchmarks/FMCAD08/Int32/simulation/car_4.lus,base,0.177,4,155,2,0,0,Not Found,valid,2 1 0,0.527
/home/ubuntu/Lustre-exp/kind2-benchmarks/FMCAD08/Int32/simulation/car_5_e2_405_e2_1083.lus,l2l1,0.319,2,129,10,0,0,Not Found,invalid,9 2,0.652
/home/ubuntu/Lustre-exp/kind2-benchmarks/FMCAD08/Int32/simulation/car_5_e2_405_e3_473.lus,l2l1,0.387,2,156,12,0,0,Not Found,invalid,10 3,0.695
/home/ubuntu/Lustre-exp/kind2-benchmarks/FMCAD08/Int32/simulation/car_5_e2_405_e8_1055.lus,l2l1,0.371,2,141,11,0,0,Not Found,invalid,8 1,0.672
/home/ubuntu/Lustre-exp/kind2-benchmarks/FMCAD08/Int32/simulation/car_5_e3_11_e1_429.lus,l2l1,0.936,2,174,12,0,0,Not Found,invalid,10 2,1.222
/home/ubuntu/Lustre-exp/kind2-benchmarks/FMCAD08/Int32/simulation/car_5_e3_11_e5_24.lus,l2l1,0.804,2,161,11,0,0,Not Found,invalid,10 1,1.093
/home/ubuntu/Lustre-exp/kind2-benchmarks/FMCAD08/Int32/simulation/car_5_e3_661.lus,l2l1,0.767,2,129,10,0,0,Not Found,invalid,8 1,1.106
/home/ubuntu/Lustre-exp/kind2-benchmarks/FMCAD08/Int32/protocol/rtp_5_e7_3972.lus,base,0.459,2,129,5,1,0,Not Found,timeout,6 3,290.174
/home/ubuntu/Lustre-exp/kind2-benchmarks/FMCAD08/Int32/simulation/car_5_e7_244_e2_693.lus,l2l1,0.387,2,154,12,0,0,Not Found,invalid,10 3,0.736
/home/ubuntu/Lustre-exp/kind2-benchmarks/FMCAD08/Int32/simulation/car_5_e7_244_e3_1071.lus,l2l1,0.837,2,148,11,0,0,Not Found,invalid,9 1,1.160
/home/ubuntu/Lustre-exp/kind2-benchmarks/FMCAD08/Int32/protocol/rtp_all_e7_2500.lus,base,1.459,1,382,19,0,0,Not Found,timeout,19,290.196
/home/ubuntu/Lustre-exp/kind2-benchmarks/FMCAD08/Int32/protocol/rtp_vt.lus,base,238.857,5,2921,39,6,4,Not Found,timeout,41 40 38 33 17,290.125
/home/ubuntu/Lustre-exp/kind2-benchmarks/FMCAD08/Int32/protocol/swimmingpool_1_e7_1621.lus,base,Not Found,Not Found,Not Found,Not Found,Not Found,Not Found,Not Found,timeout,Not Found,290.118
/home/ubuntu/Lustre-exp/kind2-benchmarks/FMCAD08/Int32/protocol/swimmingpool_1.lus,base,Not Found,Not Found,Not Found,Not Found,Not Found,Not Found,Not Found,timeout,Not Found,290.116
/home/ubuntu/Lustre-exp/kind2-benchmarks/FMCAD08/Int32/simulation/car_6_e2_589_e2_506.lus,base,0.319,2,191,14,0,0,Not Found,invalid,12 3,0.675
/home/ubuntu/Lustre-exp/kind2-benchmarks/FMCAD08/Int32/simulation/car_6_e2_589_e3_349.lus,l2l1,0.348,2,148,11,0,0,Not Found,invalid,10 2,0.675
/home/ubuntu/Lustre-exp/kind2-benchmarks/FMCAD08/Int32/simulation/car_6_e2_893.lus,base,0.302,2,175,13,0,0,Not Found,invalid,11 2,0.664
/home/ubuntu/Lustre-exp/kind2-benchmarks/FMCAD08/Int32/simulation/car_6_e3_294_e1_956.lus,l2l1,0.862,2,219,15,0,0,Not Found,invalid,14 3,1.204
/home/ubuntu/Lustre-exp/kind2-benchmarks/FMCAD08/Int32/simulation/car_6_e3_294_e3_47.lus,base,0.780,2,175,13,0,0,Not Found,invalid,11 2,1.255
/home/ubuntu/Lustre-exp/kind2-benchmarks/FMCAD08/Int32/simulation/car_6_e3_294_e5_979.lus,l2l1,0.867,2,175,13,0,0,Not Found,invalid,11 2,1.162
/home/ubuntu/Lustre-exp/kind2-benchmarks/FMCAD08/Int32/protocol/swimmingpool_9.lus,base,0.303,3,108,3,0,0,Not Found,timeout,4 3 2,290.133
/home/ubuntu/Lustre-exp/kind2-benchmarks/FMCAD08/Int32/simulation/car_all_e1_618_e3_303.lus,base,0.048,1,12,1,0,0,Not Found,invalid,0,0.395
/home/ubuntu/Lustre-exp/kind2-benchmarks/FMCAD08/Int32/simulation/car_all_e1_618.lus,base,0.102,1,35,3,0,0,Not Found,invalid,1,0.457
/home/ubuntu/Lustre-exp/kind2-benchmarks/FMCAD08/Int32/simulation/car_all_e2_142_e7_209.lus,base,0.542,3,180,7,0,0,Not Found,valid,5 3,0.882
/home/ubuntu/Lustre-exp/kind2-benchmarks/FMCAD08/Int32/simulation/car_all_e2_142.lus,l2l1,2.339,6,557,7,1,0,Not Found,valid,5 4 3 2 1,2.618
/home/ubuntu/Lustre-exp/kind2-benchmarks/FMCAD08/Int32/simulation/car_all_e3_1068_e1_178.lus,base,0.014,0,2,0,0,0,Not Found,invalid,Not Found,0.372
/home/ubuntu/Lustre-exp/kind2-benchmarks/FMCAD08/Int32/simulation/car_all_e3_1068_e2_13.lus,base,0.015,0,2,0,0,0,Not Found,invalid,Not Found,0.363
/home/ubuntu/Lustre-exp/kind2-benchmarks/FMCAD08/Int32/simulation/car_all_e3_1068_e3_163.lus,l2l1,0.014,0,2,0,0,0,Not Found,invalid,Not Found,0.359
/home/ubuntu/Lustre-exp/kind2-benchmarks/FMCAD08/Int32/simulation/car_1_e7_184_e3_299.lus,base,0.050,1,21,2,0,0,Not Found,timeout,2,290.171
/home/ubuntu/Lustre-exp/kind2-benchmarks/FMCAD08/Int32/simulation/car_all_e3_1068_e4_275.lus,base,2.280,6,557,7,1,0,Not Found,valid,5 4 3 2 1,2.624
/home/ubuntu/Lustre-exp/kind2-benchmarks/FMCAD08/Int32/simulation/car_all_e3_1068_e5_882.lus,l2l1,0.015,0,2,0,0,0,Not Found,invalid,Not Found,0.365
/home/ubuntu/Lustre-exp/kind2-benchmarks/FMCAD08/Int32/simulation/car_all_e3_1068.lus,l2l1,0.015,0,2,0,0,0,Not Found,invalid,Not Found,0.367
/home/ubuntu/Lustre-exp/kind2-benchmarks/FMCAD08/Int32/simulation/car_all_e8_856_e1_217.lus,l2l1,0.049,1,12,1,0,0,Not Found,invalid,0,0.407
/home/ubuntu/Lustre-exp/kind2-benchmarks/FMCAD08/Int32/simulation/car_all_e7_188_e7_743.lus,base,2.094,4,469,11,0,0,Not Found,valid,12 9 6,2.611
/home/ubuntu/Lustre-exp/kind2-benchmarks/FMCAD08/Int32/simulation/car_all_e8_856_e3_180.lus,l2l1,0.015,0,2,0,0,0,Not Found,invalid,Not Found,0.359
/home/ubuntu/Lustre-exp/kind2-benchmarks/FMCAD08/Int32/simulation/car_all_e8_856_e2_585.lus,l2l1,2.464,6,559,7,1,0,Not Found,valid,5 4 3 2 1,2.739
/home/ubuntu/Lustre-exp/kind2-benchmarks/FMCAD08/Int32/simulation/car_all_e8_856_e7_578.lus,base,0.889,3,247,9,0,0,Not Found,valid,10 8,1.232
/home/ubuntu/Lustre-exp/kind2-benchmarks/FMCAD08/Int32/simulation/car_all.lus,base,1.710,5,439,7,1,0,Not Found,valid,5 3 2 1,2.058
/home/ubuntu/Lustre-exp/kind2-benchmarks/FMCAD08/Int32/simulation/car_all_e8_856.lus,l2l1,5.887,6,851,10,2,0,Not Found,valid,10 8 6 4 2,6.161
/home/ubuntu/Lustre-exp/kind2-benchmarks/FMCAD08/Int32/simulation/car_5_e7_244_e1_823.lus,base,56.645,8,1485,10,0,0,Not Found,timeout,9 8 7 6 5 4 3 2,290.153
/home/ubuntu/Lustre-exp/kind2-benchmarks/FMCAD08/Int32/simulation/car_5_e7_244.lus,base,45.492,8,1674,11,0,0,Not Found,timeout,10 8 7 6 5 4 3 2,290.172
/home/ubuntu/Lustre-exp/kind2-benchmarks/FMCAD08/Int32/simulation/fast_1_e7_2044_e7_1287.lus,l2l1,0.018,0,2,0,0,0,Not Found,invalid,Not Found,0.375
/home/ubuntu/Lustre-exp/kind2-benchmarks/FMCAD08/Int32/simulation/fast_1_e7_2044.lus,base,0.019,0,2,0,0,0,Not Found,invalid,Not Found,0.375
/home/ubuntu/Lustre-exp/kind2-benchmarks/FMCAD08/Int32/simulation/fast_1_e8_747_e7_692.lus,base,0.020,0,2,0,0,0,Not Found,invalid,Not Found,0.368
/home/ubuntu/Lustre-exp/kind2-benchmarks/FMCAD08/Int32/simulation/fast_1_e8_747_e8_1041.lus,l2l1,0.131,3,93,3,0,0,Not Found,valid,1 0,0.485
/home/ubuntu/Lustre-exp/kind2-benchmarks/FMCAD08/Int32/simulation/fast_1_e8_751.lus,l2l1,0.137,2,83,4,0,0,Not Found,valid,1 0,0.453
/home/ubuntu/Lustre-exp/kind2-benchmarks/FMCAD08/Int32/simulation/fast_1.lus,base,0.135,3,110,4,0,0,Not Found,valid,1 0,0.483
/home/ubuntu/Lustre-exp/kind2-benchmarks/FMCAD08/Int32/simulation/fast_2_e7_2526_e7_2736.lus,l2l1,0.025,0,2,0,0,0,Not Found,invalid,Not Found,0.376
/home/ubuntu/Lustre-exp/kind2-benchmarks/FMCAD08/Int32/simulation/fast_2_e7_2526.lus,base,0.022,0,2,0,0,0,Not Found,invalid,Not Found,0.381
/home/ubuntu/Lustre-exp/kind2-benchmarks/FMCAD08/Int32/simulation/fast_2_e8_460_e7_43.lus,base,0.024,0,2,0,0,0,Not Found,invalid,Not Found,0.388
/home/ubuntu/Lustre-exp/kind2-benchmarks/FMCAD08/Int32/simulation/fast_2_e8_460_e8_1920.lus,l2l1,0.266,3,211,9,0,0,Not Found,valid,3 1,0.614
/home/ubuntu/Lustre-exp/kind2-benchmarks/FMCAD08/Int32/simulation/fast_2_e8_976.lus,l2l1,0.303,3,202,9,0,0,Not Found,valid,2 1,0.628
/home/ubuntu/Lustre-exp/kind2-benchmarks/FMCAD08/Int32/simulation/fast_2.lus,base,0.264,3,195,8,0,0,Not Found,valid,2 0,0.618
/home/ubuntu/Lustre-exp/kind2-benchmarks/FMCAD08/Int32/simulation/car_5.lus,base,78.718,8,1470,10,0,0,Not Found,timeout,9 8 7 6 5 4 3 2,290.153
/home/ubuntu/Lustre-exp/kind2-benchmarks/FMCAD08/Int32/simulation/hysteresis_1.lus,l2l1,0.018,2,12,0,0,0,Not Found,valid,0,0.356
/home/ubuntu/Lustre-exp/kind2-benchmarks/FMCAD08/Int32/simulation/hysteresis_2.lus,l2l1,0.170,3,92,4,0,0,Not Found,valid,4 3,0.486
/home/ubuntu/Lustre-exp/kind2-benchmarks/FMCAD08/Int32/simulation/hysteresis_3.lus,l2l1,0.240,3,115,4,0,0,Not Found,valid,4 3,0.531
/home/ubuntu/Lustre-exp/kind2-benchmarks/FMCAD08/Int32/simulation/hysteresis_all.lus,l2l1,0.293,3,227,8,0,0,Not Found,valid,8 4,0.639
/home/ubuntu/Lustre-exp/kind2-benchmarks/FMCAD08/Int32/simulation/car_6_e1_152_e1_391.lus,base,135.561,9,1997,13,0,0,Not Found,timeout,10 9 8 7 6 5 4 3 2,290.170
/home/ubuntu/Lustre-exp/kind2-benchmarks/FMCAD08/Int32/simulation/car_6_e1_152.lus,base,99.906,9,1981,12,0,0,Not Found,timeout,10 9 8 7 6 5 4 3 2,290.147
/home/ubuntu/Lustre-exp/kind2-benchmarks/FMCAD08/Int32/simulation/car_6.lus,base,60.445,9,1973,13,0,0,Not Found,timeout,10 9 8 7 6 5 4 3 2,290.158
/home/ubuntu/Lustre-exp/kind2-benchmarks/FMCAD08/Int32/simulation/metros_1_e1_846_e2_1394.lus,base,52.765,4,587,18,0,0,Not Found,valid,4 2 1,53.421
/home/ubuntu/Lustre-exp/kind2-benchmarks/FMCAD08/Int32/simulation/cd_e7_621_e7_669.lus,base,Not Found,Not Found,Not Found,Not Found,Not Found,Not Found,Not Found,timeout,Not Found,290.117
/home/ubuntu/Lustre-exp/kind2-benchmarks/FMCAD08/Int32/simulation/cd_e7_8.lus,base,Not Found,Not Found,Not Found,Not Found,Not Found,Not Found,Not Found,timeout,Not Found,290.115
/home/ubuntu/Lustre-exp/kind2-benchmarks/FMCAD08/Int32/simulation/cd.lus,base,27.716,4,450,9,0,0,Not Found,timeout,7 6 5 4,290.236
/home/ubuntu/Lustre-exp/kind2-benchmarks/FMCAD08/Int32/simulation/Gas.lus,base,265.274,3,2247,30,1,0,Not Found,timeout,30 28 26,290.145
/home/ubuntu/Lustre-exp/kind2-benchmarks/FMCAD08/Int32/simulation/metros_1_e1_846_e1_1317.lus,base,284.115,3,876,22,0,0,Not Found,timeout,22 18 12,290.123
/home/ubuntu/Lustre-exp/kind2-benchmarks/FMCAD08/Int32/simulation/metros_1_e1_846_e3_1060.lus,l2l1,198.198,3,697,20,0,0,Not Found,valid,16 12 10,255.432
/home/ubuntu/Lustre-exp/kind2-benchmarks/FMCAD08/Int32/simulation/metros_1_e2_1102_e3_961.lus,base,245.433,4,666,16,0,0,Not Found,valid,10 7 5,246.086
/home/ubuntu/Lustre-exp/kind2-benchmarks/FMCAD08/Int32/simulation/metros_1_e8_725_e1_919.lus,l2l1,0.145,2,26,1,0,0,Not Found,valid,1,0.442
/home/ubuntu/Lustre-exp/kind2-benchmarks/FMCAD08/Int32/simulation/metros_1_e8_725_e2_1144.lus,base,0.080,2,26,1,0,0,Not Found,valid,1,0.432
/home/ubuntu/Lustre-exp/kind2-benchmarks/FMCAD08/Int32/simulation/metros_1_e8_725_e3_556.lus,l2l1,0.147,2,26,1,0,0,Not Found,valid,1,0.486
/home/ubuntu/Lustre-exp/kind2-benchmarks/FMCAD08/Int32/simulation/metros_1_e8_725.lus,l2l1,0.088,2,26,1,0,0,Not Found,valid,1,0.430
/home/ubuntu/Lustre-exp/kind2-benchmarks/FMCAD08/Int32/simulation/metros_1_e2_1102_e1_317.lus,l2l1,240.414,3,1011,26,0,0,Not Found,valid,13 8 6,268.884
/home/ubuntu/Lustre-exp/kind2-benchmarks/FMCAD08/Int32/simulation/metros_1_e1_846_e7_397.lus,base,19.383,2,363,14,0,0,Not Found,timeout,17 13,290.121
/home/ubuntu/Lustre-exp/kind2-benchmarks/FMCAD08/Int32/simulation/metros_1_e2_1102_e2_943.lus,base,273.682,4,653,18,0,0,Not Found,valid,15 13 10,274.333
/home/ubuntu/Lustre-exp/kind2-benchmarks/FMCAD08/Int32/simulation/metros_1_e2_1102_e7_1163.lus,base,3.440,2,176,8,0,0,Not Found,timeout,10 7,290.123
/home/ubuntu/Lustre-exp/kind2-benchmarks/FMCAD08/Int32/simulation/metros_1_e2_627.lus,base,230.169,4,727,19,0,0,Not Found,valid,4 2 1,230.830
/home/ubuntu/Lustre-exp/kind2-benchmarks/FMCAD08/Int32/simulation/metros_2_e1_1116_e3_287.lus,l2l1,39.037,2,466,22,0,0,Not Found,invalid,21 10,39.366
/home/ubuntu/Lustre-exp/kind2-benchmarks/FMCAD08/Int32/simulation/metros_1_e7_1255_e7_12.lus,base,21.405,2,419,16,0,0,Not Found,timeout,19 12,290.121
/home/ubuntu/Lustre-exp/kind2-benchmarks/FMCAD08/Int32/simulation/metros_2_e1_1116_e7_1440.lus,base,112.945,2,719,25,0,0,Not Found,invalid,28 11,113.654
/home/ubuntu/Lustre-exp/kind2-benchmarks/FMCAD08/Int32/simulation/metros_1.lus,base,169.275,4,687,17,0,0,Not Found,valid,12 10 6,169.935
/home/ubuntu/Lustre-exp/kind2-benchmarks/FMCAD08/Int32/simulation/metros_2_e2_704_e3_76.lus,base,29.967,2,490,19,0,0,Not Found,invalid,22 7,30.530
/home/ubuntu/Lustre-exp/kind2-benchmarks/FMCAD08/Int32/simulation/metros_1_e7_606.lus,base,0.084,1,19,1,0,0,Not Found,timeout,1,290.120
/home/ubuntu/Lustre-exp/kind2-benchmarks/FMCAD08/Int32/simulation/metros_2_e1_1116_e1_556.lus,base,0.131,1,27,2,0,0,Not Found,timeout,2,290.120
/home/ubuntu/Lustre-exp/kind2-benchmarks/FMCAD08/Int32/simulation/metros_2_e1_1116_e2_617.lus,base,81.726,2,475,16,0,0,Not Found,timeout,19 11,290.123
/home/ubuntu/Lustre-exp/kind2-benchmarks/FMCAD08/Int32/simulation/metros_2_e1_190.lus,base,233.291,2,620,19,0,0,Not Found,timeout,22 12,290.120
/home/ubuntu/Lustre-exp/kind2-benchmarks/FMCAD08/Int32/simulation/metros_2_e2_704_e1_389.lus,base,236.249,2,613,19,0,0,Not Found,timeout,21 12,290.122
/home/ubuntu/Lustre-exp/kind2-benchmarks/FMCAD08/Int32/simulation/metros_2_e2_704_e2_13.lus,base,97.034,2,458,17,0,0,Not Found,timeout,18 10,290.122
/home/ubuntu/Lustre-exp/kind2-benchmarks/FMCAD08/Int32/simulation/metros_2_e2_704_e7_810.lus,base,96.366,2,481,17,0,0,Not Found,timeout,19 12,290.123
/home/ubuntu/Lustre-exp/kind2-benchmarks/FMCAD08/Int32/simulation/metros_2_e2_968.lus,base,0.259,1,65,5,0,0,Not Found,timeout,5,290.120
/home/ubuntu/Lustre-exp/kind2-benchmarks/FMCAD08/Int32/simulation/metros_2_e3_112.lus,base,258.374,2,718,21,0,0,Not Found,timeout,24 13,290.123
/home/ubuntu/Lustre-exp/kind2-benchmarks/FMCAD08/Int32/simulation/metros_2.lus,base,204.544,2,592,18,0,0,Not Found,timeout,23 12,290.119
/home/ubuntu/Lustre-exp/kind2-benchmarks/FMCAD08/Int32/simulation/metros_3_e3_1275_e1_1350.lus,base,0.667,1,56,5,0,0,Not Found,timeout,5,290.121
/home/ubuntu/Lustre-exp/kind2-benchmarks/FMCAD08/Int32/simulation/metros_3_e3_1275_e2_454.lus,base,0.261,1,24,2,0,0,Not Found,timeout,2,290.120
/home/ubuntu/Lustre-exp/kind2-benchmarks/FMCAD08/Int32/simulation/metros_3_e3_1275_e3_640.lus,base,0.404,1,34,3,0,0,Not Found,timeout,3,290.121
/home/ubuntu/Lustre-exp/kind2-benchmarks/FMCAD08/Int32/simulation/metros_3_e3_1275_e4_164.lus,base,0.183,1,14,1,0,0,Not Found,timeout,1,290.119
/home/ubuntu/Lustre-exp/kind2-benchmarks/FMCAD08/Int32/simulation/metros_3_e3_1275_e5_846.lus,base,0.428,1,36,3,0,0,Not Found,timeout,3,290.121
/home/ubuntu/Lustre-exp/kind2-benchmarks/FMCAD08/Int32/simulation/metros_3_e3_1275_e6_1315.lus,base,0.429,1,47,4,0,0,Not Found,timeout,4,290.119
/home/ubuntu/Lustre-exp/kind2-benchmarks/FMCAD08/Int32/simulation/metros_3_e3_1275_e7_529.lus,base,0.359,1,39,3,0,0,Not Found,timeout,3,290.121
/home/ubuntu/Lustre-exp/kind2-benchmarks/FMCAD08/Int32/simulation/metros_3_e3_1275.lus,base,0.352,1,35,3,0,0,Not Found,timeout,3,290.120
/home/ubuntu/Lustre-exp/kind2-benchmarks/FMCAD08/Int32/simulation/metros_3_e4_987_e1_1115.lus,base,0.568,1,32,3,0,0,Not Found,timeout,3,290.121
/home/ubuntu/Lustre-exp/kind2-benchmarks/FMCAD08/Int32/simulation/metros_3_e4_987_e2_80.lus,base,181.768,2,401,15,0,0,Not Found,timeout,15 8,290.122
/home/ubuntu/Lustre-exp/kind2-benchmarks/FMCAD08/Int32/simulation/metros_3_e4_987_e3_291.lus,base,0.409,1,34,3,0,0,Not Found,timeout,3,290.121
/home/ubuntu/Lustre-exp/kind2-benchmarks/FMCAD08/Int32/simulation/metros_3_e4_987.lus,base,0.528,1,45,4,0,0,Not Found,timeout,4,290.120
/home/ubuntu/Lustre-exp/kind2-benchmarks/FMCAD08/Int32/simulation/metros_3.lus,base,0.462,1,47,4,0,0,Not Found,timeout,4,290.121
/home/ubuntu/Lustre-exp/kind2-benchmarks/FMCAD08/Int32/simulation/metros_4_e1_821_e5_911.lus,base,0.233,1,16,1,0,0,Not Found,timeout,1,290.120
/home/ubuntu/Lustre-exp/kind2-benchmarks/FMCAD08/Int32/simulation/metros_4_e1_917.lus,base,0.590,1,77,6,0,0,Not Found,timeout,6,290.120
/home/ubuntu/Lustre-exp/kind2-benchmarks/FMCAD08/Int32/simulation/metros_4_e2_968_e1_956.lus,base,0.172,1,16,1,0,0,Not Found,timeout,1,290.118
/home/ubuntu/Lustre-exp/kind2-benchmarks/FMCAD08/Int32/simulation/metros_4_e2_968_e2_1166.lus,base,0.239,1,24,2,0,0,Not Found,timeout,2,290.120
/home/ubuntu/Lustre-exp/kind2-benchmarks/FMCAD08/Int32/simulation/metros_4_e2_968_e3_931.lus,base,0.363,1,37,3,0,0,Not Found,timeout,3,290.119
/home/ubuntu/Lustre-exp/kind2-benchmarks/FMCAD08/Int32/simulation/metros_4_e2_968_e4_801.lus,base,0.699,1,79,6,0,0,Not Found,timeout,6,290.119
/home/ubuntu/Lustre-exp/kind2-benchmarks/FMCAD08/Int32/simulation/metros_4_e2_968_e5_991.lus,base,0.656,1,50,4,0,0,Not Found,timeout,4,290.121
/home/ubuntu/Lustre-exp/kind2-benchmarks/FMCAD08/Int32/simulation/metros_4_e2_968_e6_236.lus,base,0.156,1,14,1,0,0,Not Found,timeout,1,290.134
/home/ubuntu/Lustre-exp/kind2-benchmarks/FMCAD08/Int32/simulation/metros_4_e2_968_e7_860.lus,base,0.374,1,36,3,0,0,Not Found,timeout,3,290.119
/home/ubuntu/Lustre-exp/kind2-benchmarks/FMCAD08/Int32/simulation/metros_4_e2_968.lus,base,0.371,1,34,3,0,0,Not Found,timeout,3,290.121
/home/ubuntu/Lustre-exp/kind2-benchmarks/FMCAD08/Int32/simulation/metros_4_e3_1025.lus,base,1.050,1,77,6,0,0,Not Found,timeout,6,290.121
/home/ubuntu/Lustre-exp/kind2-benchmarks/FMCAD08/Int32/simulation/metros_4_e3_1091_e1_1044.lus,base,0.159,1,16,1,0,0,Not Found,timeout,1,290.120
/home/ubuntu/Lustre-exp/kind2-benchmarks/FMCAD08/Int32/simulation/PRODUCER_CONSUMER_1.lus,base,0.166,4,144,2,0,0,Not Found,valid,2 1 0,0.511
/home/ubuntu/Lustre-exp/kind2-benchmarks/FMCAD08/Int32/simulation/PRODUCER_CONSUMER_2.lus,base,0.037,2,25,1,0,0,Not Found,valid,1,0.378
/home/ubuntu/Lustre-exp/kind2-benchmarks/FMCAD08/Int32/simulation/PRODUCER_CONSUMER_3.lus,l2l1,0.085,2,27,1,0,0,Not Found,valid,1,0.427
/home/ubuntu/Lustre-exp/kind2-benchmarks/FMCAD08/Int32/simulation/PRODUCER_CONSUMER_all.lus,l2l1,0.114,2,42,2,0,0,Not Found,valid,2,0.439
/home/ubuntu/Lustre-exp/kind2-benchmarks/FMCAD08/Int32/simulation/metros_4_e3_1091_e2_1317.lus,base,0.361,1,34,3,0,0,Not Found,timeout,3,290.120
/home/ubuntu/Lustre-exp/kind2-benchmarks/FMCAD08/Int32/simulation/metros_4_e3_1091_e3_522.lus,base,0.499,1,50,4,0,0,Not Found,timeout,4,290.121
/home/ubuntu/Lustre-exp/kind2-benchmarks/FMCAD08/Int32/simulation/metros_4_e3_1091_e4_232.lus,base,0.334,1,34,3,0,0,Not Found,timeout,3,290.119
/home/ubuntu/Lustre-exp/kind2-benchmarks/FMCAD08/Int32/simulation/metros_4_e5_1150.lus,base,0.475,1,36,3,0,0,Not Found,timeout,3,290.122
/home/ubuntu/Lustre-exp/kind2-benchmarks/FMCAD08/Int32/simulation/PRODUCER_CONSUMMER_luke_1.lus,base,0.015,0,2,0,0,0,Not Found,invalid,Not Found,0.365
/home/ubuntu/Lustre-exp/kind2-benchmarks/FMCAD08/Int32/simulation/metros_4.lus,base,0.255,1,14,1,0,0,Not Found,timeout,1,290.118
/home/ubuntu/Lustre-exp/kind2-benchmarks/FMCAD08/Int32/simulation/metros_5_e4_1208_e1_337.lus,base,0.783,1,31,3,0,0,Not Found,timeout,3,290.118
/home/ubuntu/Lustre-exp/kind2-benchmarks/FMCAD08/Int32/simulation/metros_5.lus,base,1.103,1,60,5,0,0,Not Found,timeout,5,290.119
/home/ubuntu/Lustre-exp/kind2-benchmarks/FMCAD08/Int32/simulation/PRODUCER_CONSUMER_vt_e2_1352.lus,base,2.059,1,27,2,0,0,Not Found,timeout,2,290.118
/home/ubuntu/Lustre-exp/kind2-benchmarks/FMCAD08/Int32/simulation/PRODUCER_CONSUMER_vt_e3_507.lus,base,3.270,1,39,3,0,0,Not Found,timeout,3,290.120
/home/ubuntu/Lustre-exp/kind2-benchmarks/FMCAD08/Int32/simulation/PRODUCER_CONSUMER_vt_e7_1059_e8_1111.lus,base,3.174,1,29,2,0,0,Not Found,timeout,2,290.122
/home/ubuntu/Lustre-exp/kind2-benchmarks/FMCAD08/Int32/simulation/speed2_e8_449_e8_517.lus,l2l1,0.146,3,149,7,0,0,Not Found,valid,5 2,0.478
/home/ubuntu/Lustre-exp/kind2-benchmarks/FMCAD08/Int32/simulation/speed2_e8_449.lus,l2l1,0.093,3,94,3,0,0,Not Found,valid,3 2,0.436
/home/ubuntu/Lustre-exp/kind2-benchmarks/FMCAD08/Int32/simulation/PRODUCER_CONSUMER_vt.lus,base,3.239,1,29,2,0,0,Not Found,timeout,2,290.122
/home/ubuntu/Lustre-exp/kind2-benchmarks/FMCAD08/Int32/simulation/speed_e7_207_e7_538.lus,l2l1,0.016,2,12,0,0,0,Not Found,valid,0,0.352
/home/ubuntu/Lustre-exp/kind2-benchmarks/FMCAD08/Int32/simulation/speed_e7_207_e8_507.lus,l2l1,0.015,2,12,0,0,0,Not Found,valid,0,0.352
/home/ubuntu/Lustre-exp/kind2-benchmarks/FMCAD08/Int32/simulation/speed_e7_207.lus,l2l1,0.016,2,12,0,0,0,Not Found,valid,0,0.356
/home/ubuntu/Lustre-exp/kind2-benchmarks/FMCAD08/Int32/simulation/speed_e8_649_e7_709.lus,l2l1,0.016,2,12,0,0,0,Not Found,valid,0,0.355
/home/ubuntu/Lustre-exp/kind2-benchmarks/FMCAD08/Int32/simulation/speed_e8_649.lus,l2l1,0.017,2,12,0,0,0,Not Found,valid,0,0.351
/home/ubuntu/Lustre-exp/kind2-benchmarks/FMCAD08/Real_Int/large/ccp01.lus,l2l1,8.707,2,86,3,0,0,Not Found,valid,2 1,9.655
/home/ubuntu/Lustre-exp/kind2-benchmarks/FMCAD08/Real_Int/large/ccp02.lus,l2l1,8.657,2,62,3,0,0,Not Found,valid,1 0,9.063
/home/ubuntu/Lustre-exp/kind2-benchmarks/FMCAD08/Real_Int/large/ccp03.lus,base,7.592,4,185,3,0,0,Not Found,valid,2 1 0,8.067
/home/ubuntu/Lustre-exp/kind2-benchmarks/FMCAD08/Real_Int/large/ccp04.lus,base,1.248,2,41,2,0,0,Not Found,valid,2,1.721
/home/ubuntu/Lustre-exp/kind2-benchmarks/FMCAD08/Real_Int/large/ccp05.lus,base,0.024,2,12,0,0,0,Not Found,valid,0,0.503
/home/ubuntu/Lustre-exp/kind2-benchmarks/FMCAD08/Real_Int/large/ccp06.lus,l2l1,0.038,2,12,0,0,0,Not Found,valid,0,0.771
/home/ubuntu/Lustre-exp/kind2-benchmarks/FMCAD08/Real_Int/large/ccp07.lus,l2l1,0.041,2,12,0,0,0,Not Found,valid,0,0.742
/home/ubuntu/Lustre-exp/kind2-benchmarks/FMCAD08/Real_Int/large/ccp08.lus,l2l1,2.858,2,117,5,0,0,Not Found,valid,4 3,3.447
/home/ubuntu/Lustre-exp/kind2-benchmarks/FMCAD08/Real_Int/large/ccp09.lus,base,0.035,2,12,0,0,0,Not Found,valid,0,0.741
/home/ubuntu/Lustre-exp/kind2-benchmarks/FMCAD08/Real_Int/large/ccp10.lus,base,8.009,2,79,7,0,0,Not Found,invalid,0,9.085
/home/ubuntu/Lustre-exp/kind2-benchmarks/FMCAD08/Int32/simulation/PRODUCER_CONSUMMER_luke_2_e7_1068_e8_1019.lus,base,2.200,1,27,2,0,0,Not Found,timeout,2,290.122
/home/ubuntu/Lustre-exp/kind2-benchmarks/FMCAD08/Int32/simulation/PRODUCER_CONSUMMER_luke_2.lus,base,2.096,1,27,2,0,0,Not Found,timeout,2,290.119
/home/ubuntu/Lustre-exp/kind2-benchmarks/FMCAD08/Int32/simulation/speed2_e7_223_e7_213.lus,base,0.812,2,291,10,0,0,Not Found,timeout,15 9,290.131
/home/ubuntu/Lustre-exp/kind2-benchmarks/FMCAD08/Real_Int/large/ccp12.lus,base,102.045,2,1835,46,0,0,Not Found,invalid,0,103.220
/home/ubuntu/Lustre-exp/kind2-benchmarks/FMCAD08/Real_Int/large/ccp15.lus,l2l1,0.038,2,12,0,0,0,Not Found,valid,0,0.751
/home/ubuntu/Lustre-exp/kind2-benchmarks/FMCAD08/Real_Int/large/ccp16.lus,l2l1,0.009,2,12,0,0,0,Not Found,valid,0,0.378
/home/ubuntu/Lustre-exp/kind2-benchmarks/FMCAD08/Real_Int/large/ccp17.lus,l2l1,2.653,2,66,3,0,0,Not Found,valid,2 1,3.289
/home/ubuntu/Lustre-exp/kind2-benchmarks/FMCAD08/Real_Int/large/ccp18.lus,l2l1,3.936,2,116,6,0,0,Not Found,valid,4 3,4.587
/home/ubuntu/Lustre-exp/kind2-benchmarks/FMCAD08/Real_Int/large/ccp19.lus,base,0.033,2,12,0,0,0,Not Found,valid,0,0.756
/home/ubuntu/Lustre-exp/kind2-benchmarks/FMCAD08/Real_Int/large/ccp14.lus,l2l1,25.494,2,413,14,2,0,Not Found,invalid,16 10,45.244
/home/ubuntu/Lustre-exp/kind2-benchmarks/FMCAD08/Real_Int/large/ccp20.lus,base,18.018,4,850,16,0,0,Not Found,valid,6 2 0,19.036
/home/ubuntu/Lustre-exp/kind2-benchmarks/FMCAD08/Int32/simulation/speed2_e7_223_e8_329.lus,base,0.303,2,171,7,0,0,Not Found,timeout,10 6,290.200
/home/ubuntu/Lustre-exp/kind2-benchmarks/FMCAD08/Int32/simulation/speed2_e7_496.lus,base,1.350,3,327,9,0,0,Not Found,timeout,7 5 3,290.209
/home/ubuntu/Lustre-exp/kind2-benchmarks/FMCAD08/Int32/simulation/speed2_e8_449_e7_353.lus,base,224.429,3,5080,61,0,1,Not Found,timeout,96 75 38,290.142
/home/ubuntu/Lustre-exp/kind2-benchmarks/FMCAD08/Real_Int/large/cruise_controller_01.lus,l2l1,2.892,1,26,3,0,0,Not Found,valid,1,3.227
/home/ubuntu/Lustre-exp/kind2-benchmarks/FMCAD08/Real_Int/large/cruise_controller_02.lus,base,3.647,4,237,4,0,0,Not Found,valid,3 2 0,4.059
/home/ubuntu/Lustre-exp/kind2-benchmarks/FMCAD08/Int32/simulation/speed2.lus,base,0.356,2,171,7,0,0,Not Found,timeout,10 6,290.186
/home/ubuntu/Lustre-exp/kind2-benchmarks/FMCAD08/Real_Int/large/cruise_controller_04.lus,l2l1,0.260,2,39,2,0,0,Not Found,valid,2,0.654
/home/ubuntu/Lustre-exp/kind2-benchmarks/FMCAD08/Real_Int/large/cruise_controller_05.lus,l2l1,0.020,2,12,0,0,0,Not Found,valid,0,0.415
/home/ubuntu/Lustre-exp/kind2-benchmarks/FMCAD08/Real_Int/large/ccp21.lus,l2l1,13.546,1,83,6,0,0,Not Found,invalid,6,62.124
/home/ubuntu/Lustre-exp/kind2-benchmarks/FMCAD08/Real_Int/large/cruise_controller_06.lus,l2l1,0.037,2,12,0,0,0,Not Found,valid,0,0.531
/home/ubuntu/Lustre-exp/kind2-benchmarks/FMCAD08/Real_Int/large/cruise_controller_07.lus,base,0.030,2,12,0,0,0,Not Found,valid,0,0.514
/home/ubuntu/Lustre-exp/kind2-benchmarks/FMCAD08/Real_Int/large/cruise_controller_03.lus,base,2.511,4,187,3,0,0,Not Found,valid,2 1 0,3.236
/home/ubuntu/Lustre-exp/kind2-benchmarks/FMCAD08/Real_Int/large/cruise_controller_09.lus,l2l1,6.881,2,244,14,0,0,Not Found,invalid,0,7.688
/home/ubuntu/Lustre-exp/kind2-benchmarks/FMCAD08/Real_Int/large/cruise_controller_11.lus,l2l1,0.040,2,12,0,0,0,Not Found,valid,0,0.525
/home/ubuntu/Lustre-exp/kind2-benchmarks/FMCAD08/Real_Int/large/cruise_controller_12.lus,l2l1,1.122,2,116,6,0,0,Not Found,valid,4 3,1.517
/home/ubuntu/Lustre-exp/kind2-benchmarks/FMCAD08/Real_Int/large/cruise_controller_13.lus,base,0.023,2,12,0,0,0,Not Found,valid,0,0.535
/home/ubuntu/Lustre-exp/kind2-benchmarks/FMCAD08/Real_Int/large/cruise_controller_14.lus,l2l1,0.526,3,123,3,0,0,Not Found,valid,3 2,0.995
/home/ubuntu/Lustre-exp/kind2-benchmarks/FMCAD08/Real_Int/large/cruise_controller_10.lus,base,12.859,5,1895,34,0,0,Not Found,valid,17 10 1 0,13.374
/home/ubuntu/Lustre-exp/kind2-benchmarks/FMCAD08/Real_Int/large/cruise_controller_15.lus,l2l1,11.074,2,1721,39,0,0,Not Found,invalid,52 30,11.469
/home/ubuntu/Lustre-exp/kind2-benchmarks/FMCAD08/Real_Int/large/ccp11.lus,base,217.039,2,5006,89,1,1,Not Found,invalid,0,217.921
/home/ubuntu/Lustre-exp/kind2-benchmarks/FMCAD08/Real_Int/large/ccp23.lus,base,83.650,2,2186,62,0,4,Not Found,invalid,0,84.839
/home/ubuntu/Lustre-exp/kind2-benchmarks/FMCAD08/Real_Int/large/cruise_controller_18.lus,base,7.681,5,573,12,0,0,Not Found,valid,5 3 1 0,8.174
/home/ubuntu/Lustre-exp/kind2-benchmarks/FMCAD08/Real_Int/large/cruise_controller_17.lus,base,17.428,2,618,23,0,0,Not Found,invalid,0,18.082
/home/ubuntu/Lustre-exp/kind2-benchmarks/FMCAD08/Real_Int/large/cruise_controller_21.lus,l2l1,0.031,2,13,0,0,0,Not Found,invalid,0,0.512
/home/ubuntu/Lustre-exp/kind2-benchmarks/FMCAD08/Real_Int/large/cruise_controller_19.lus,l2l1,10.130,3,369,14,0,0,Not Found,valid,7 6 3,10.533
/home/ubuntu/Lustre-exp/kind2-benchmarks/FMCAD08/Real_Int/large/cruise_controller_20.lus,l2l1,12.490,2,523,21,0,0,Not Found,invalid,0,12.961
/home/ubuntu/Lustre-exp/kind2-benchmarks/FMCAD08/Real_Int/large/cruise_controller_24.lus,l2l1,0.685,3,114,3,0,0,Not Found,valid,3 2,1.116
/home/ubuntu/Lustre-exp/kind2-benchmarks/FMCAD08/Real_Int/large/cruise_controller_22.lus,base,15.508,2,1235,41,1,0,Not Found,invalid,0,16.065
/home/ubuntu/Lustre-exp/kind2-benchmarks/FMCAD08/Real_Int32/large/ccp01.lus,l2l1,7.321,2,55,2,0,0,Not Found,valid,2,7.798
/home/ubuntu/Lustre-exp/kind2-benchmarks/FMCAD08/Real_Int32/large/ccp02.lus,base,6.197,3,95,2,0,0,Not Found,valid,1 0,6.700
/home/ubuntu/Lustre-exp/kind2-benchmarks/FMCAD08/Real_Int32/large/ccp03.lus,base,5.250,3,87,2,0,0,Not Found,valid,1 0,6.062
/home/ubuntu/Lustre-exp/kind2-benchmarks/FMCAD08/Real_Int32/large/ccp05.lus,l2l1,0.043,2,12,0,0,0,Not Found,valid,0,0.559
/home/ubuntu/Lustre-exp/kind2-benchmarks/FMCAD08/Real_Int32/large/ccp06.lus,l2l1,0.056,2,12,0,0,0,Not Found,valid,0,0.828
/home/ubuntu/Lustre-exp/kind2-benchmarks/FMCAD08/Real_Int32/large/ccp04.lus,l2l1,1.485,2,41,2,0,0,Not Found,valid,2,1.983
/home/ubuntu/Lustre-exp/kind2-benchmarks/FMCAD08/Real_Int32/large/ccp07.lus,base,0.050,2,12,0,0,0,Not Found,valid,0,0.774
/home/ubuntu/Lustre-exp/kind2-benchmarks/FMCAD08/Real_Int32/large/ccp09.lus,l2l1,0.052,2,12,0,0,0,Not Found,valid,0,0.773
/home/ubuntu/Lustre-exp/kind2-benchmarks/FMCAD08/Real_Int32/large/ccp08.lus,base,4.481,3,113,4,0,0,Not Found,valid,3 2,5.172
/home/ubuntu/Lustre-exp/kind2-benchmarks/FMCAD08/Real_Int32/large/ccp10.lus,l2l1,15.501,1,71,7,0,0,Not Found,invalid,5,16.761
/home/ubuntu/Lustre-exp/kind2-benchmarks/FMCAD08/Real_Int/large/cruise_controller_08.lus,l2l1,89.793,2,9370,120,1,3,Not Found,invalid,0,90.300
/home/ubuntu/Lustre-exp/kind2-benchmarks/FMCAD08/Real_Int/large/ccp13.lus,base,58.990,3,1573,29,4,1,Not Found,timeout,39 33 19,290.128
/home/ubuntu/Lustre-exp/kind2-benchmarks/FMCAD08/Real_Int/large/cruise_controller_16.lus,l2l1,151.640,9,16887,136,1,22,Not Found,invalid,105 99 90 86 76 62 48 35 23,152.115
/home/ubuntu/Lustre-exp/kind2-benchmarks/FMCAD08/Real_Int32/large/ccp15.lus,l2l1,0.054,2,12,0,0,0,Not Found,valid,0,0.775
/home/ubuntu/Lustre-exp/kind2-benchmarks/FMCAD08/Real_Int32/large/ccp16.lus,l2l1,0.007,2,12,0,0,0,Not Found,valid,0,0.382
/home/ubuntu/Lustre-exp/kind2-benchmarks/FMCAD08/Real_Int32/large/ccp17.lus,l2l1,10.379,4,433,11,0,0,Not Found,valid,4 1 0,11.074
/home/ubuntu/Lustre-exp/kind2-benchmarks/FMCAD08/Real_Int32/large/ccp14.lus,l2l1,35.016,1,109,8,0,0,Not Found,invalid,8,49.711
/home/ubuntu/Lustre-exp/kind2-benchmarks/FMCAD08/Real_Int32/large/ccp19.lus,base,0.041,2,12,0,0,0,Not Found,valid,0,0.802
/home/ubuntu/Lustre-exp/kind2-benchmarks/FMCAD08/Real_Int32/large/ccp18.lus,base,3.308,3,142,5,0,0,Not Found,valid,5 4,4.131
/home/ubuntu/Lustre-exp/kind2-benchmarks/FMCAD08/Real_Int32/large/ccp12.lus,l2l1,53.559,1,323,15,0,0,Not Found,invalid,15,115.344
/home/ubuntu/Lustre-exp/kind2-benchmarks/FMCAD08/Real_Int/large/ccp22.lus,base,78.325,3,1226,33,0,0,Not Found,timeout,21 18 9,290.137
/home/ubuntu/Lustre-exp/kind2-benchmarks/FMCAD08/Real_Int32/large/ccp21.lus,base,54.722,2,724,25,1,0,Not Found,invalid,25 15,55.982
/home/ubuntu/Lustre-exp/kind2-benchmarks/FMCAD08/Real_Int/large/cruise_controller_23.lus,base,197.901,2,14897,162,1,5,Not Found,invalid,0,198.724
/home/ubuntu/Lustre-exp/kind2-benchmarks/FMCAD08/Real_Int/large/ccp24.lus,base,250.126,3,7253,85,1,0,Not Found,timeout,117 95 51,290.135
/home/ubuntu/Lustre-exp/kind2-benchmarks/FMCAD08/Real_Int32/large/cruise_controller_01.lus,l2l1,4.126,3,97,2,0,0,Not Found,valid,1 0,4.512
/home/ubuntu/Lustre-exp/kind2-benchmarks/FMCAD08/Real_Int32/large/cruise_controller_02.lus,l2l1,2.384,3,91,2,0,0,Not Found,valid,1 0,2.771
/home/ubuntu/Lustre-exp/kind2-benchmarks/FMCAD08/Real_Int32/large/cruise_controller_04.lus,l2l1,0.919,2,39,2,0,0,Not Found,valid,2,1.303
/home/ubuntu/Lustre-exp/kind2-benchmarks/FMCAD08/Real_Int32/large/cruise_controller_05.lus,base,0.028,2,12,0,0,0,Not Found,valid,0,0.433
/home/ubuntu/Lustre-exp/kind2-benchmarks/FMCAD08/Real_Int32/large/cruise_controller_03.lus,l2l1,2.040,3,78,2,0,0,Not Found,valid,1 0,2.426
/home/ubuntu/Lustre-exp/kind2-benchmarks/FMCAD08/Real_Int32/large/cruise_controller_06.lus,base,0.036,2,12,0,0,0,Not Found,valid,0,0.540
/home/ubuntu/Lustre-exp/kind2-benchmarks/FMCAD08/Real_Int32/large/cruise_controller_07.lus,base,0.037,2,12,0,0,0,Not Found,valid,0,0.527
/home/ubuntu/Lustre-exp/kind2-benchmarks/FMCAD08/Real_Int32/large/ccp11.lus,base,121.489,3,1883,39,1,2,Not Found,timeout,34 28 18,290.161
/home/ubuntu/Lustre-exp/kind2-benchmarks/FMCAD08/Real_Int32/large/ccp13.lus,base,94.079,3,937,20,0,0,Not Found,timeout,26 24 14,290.146
/home/ubuntu/Lustre-exp/kind2-benchmarks/FMCAD08/Real_Int32/large/cruise_controller_11.lus,l2l1,0.045,2,12,0,0,0,Not Found,valid,0,0.543
/home/ubuntu/Lustre-exp/kind2-benchmarks/FMCAD08/Real_Int32/large/cruise_controller_12.lus,base,0.935,3,130,4,0,0,Not Found,valid,4 3,1.665
/home/ubuntu/Lustre-exp/kind2-benchmarks/FMCAD08/Real_Int32/large/cruise_controller_13.lus,l2l1,0.046,2,12,0,0,0,Not Found,valid,0,0.537
/home/ubuntu/Lustre-exp/kind2-benchmarks/FMCAD08/Real_Int32/large/cruise_controller_14.lus,base,1.261,3,104,3,0,0,Not Found,valid,2 1,2.048
/home/ubuntu/Lustre-exp/kind2-benchmarks/FMCAD08/Real_Int32/large/cruise_controller_15.lus,l2l1,3.192,1,115,7,0,0,Not Found,invalid,7,13.833
/home/ubuntu/Lustre-exp/kind2-benchmarks/FMCAD08/Real_Int32/large/ccp23.lus,base,182.963,3,2269,62,0,3,Not Found,invalid,58 35 19,185.059
/home/ubuntu/Lustre-exp/kind2-benchmarks/FMCAD08/Real_Int32/large/cruise_controller_17.lus,l2l1,11.945,1,236,14,0,0,Not Found,invalid,14,30.867
/home/ubuntu/Lustre-exp/kind2-benchmarks/FMCAD08/Real_Int32/large/ccp20.lus,base,Not Found,Not Found,Not Found,Not Found,Not Found,Not Found,Not Found,timeout,Not Found,290.115
/home/ubuntu/Lustre-exp/kind2-benchmarks/FMCAD08/Real_Int32/large/cruise_controller_18.lus,l2l1,19.759,5,550,13,0,0,Not Found,valid,8 5 1 0,20.221
/home/ubuntu/Lustre-exp/kind2-benchmarks/FMCAD08/Real_Int32/large/cruise_controller_08.lus,base,70.910,3,2400,53,0,1,Not Found,timeout,45 31 13,230.912
/home/ubuntu/Lustre-exp/kind2-benchmarks/FMCAD08/Real_Int32/large/cruise_controller_21.lus,l2l1,0.031,0,1,0,0,0,Not Found,invalid,Not Found,0.555
/home/ubuntu/Lustre-exp/kind2-benchmarks/FMCAD08/Real_Int32/large/ccp22.lus,base,161.506,4,2799,45,0,0,Not Found,timeout,19 15 11 7,290.137
/home/ubuntu/Lustre-exp/kind2-benchmarks/FMCAD08/Real_Int32/large/cruise_controller_19.lus,base,24.527,4,650,17,0,0,Not Found,valid,8 3 0,25.329
/home/ubuntu/Lustre-exp/kind2-benchmarks/FMCAD08/Real_Int32/large/cruise_controller_24.lus,base,1.635,3,153,5,0,0,Not Found,valid,5 4,2.099
/home/ubuntu/Lustre-exp/kind2-benchmarks/FMCAD08/Real_Int32/large/cruise_controller_22.lus,l2l1,6.166,1,230,13,0,0,Not Found,invalid,13,32.566
/home/ubuntu/Lustre-exp/kind2-benchmarks/FMCAD08/Real_Int32/large/ccp24.lus,base,105.942,3,995,26,0,0,Not Found,timeout,19 14 9,290.136
/home/ubuntu/Lustre-exp/kind2-benchmarks/FMCAD08/Real_Int32/large/cruise_controller_09.lus,base,Not Found,Not Found,Not Found,Not Found,Not Found,Not Found,Not Found,timeout,Not Found,290.116
/home/ubuntu/Lustre-exp/kind2-benchmarks/FMCAD08/Real_Int32/large/cruise_controller_10.lus,base,2.683,1,122,9,0,0,Not Found,timeout,9,290.118
/home/ubuntu/Lustre-exp/kind2-benchmarks/FunctionalChain/controlLaw/controlLaw.lus,base,0.029,2,37,2,0,0,Not Found,valid,2,0.360
/home/ubuntu/Lustre-exp/kind2-benchmarks/FMCAD08/Real_Int32/large/cruise_controller_16.lus,base,107.290,4,4150,63,2,5,Not Found,timeout,47 40 30 17,290.517
/home/ubuntu/Lustre-exp/kind2-benchmarks/FMCAD08/Real_Int32/large/cruise_controller_20.lus,base,4.374,1,112,8,0,0,Not Found,timeout,8,290.125
/home/ubuntu/Lustre-exp/kind2-benchmarks/FMCAD08/Real_Int32/large/cruise_controller_23.lus,base,263.533,4,8686,114,1,4,Not Found,timeout,128 110 81 39,290.218
/home/ubuntu/Lustre-exp/kind2-benchmarks/FunctionalChain/channel/channel_bounds.lus,base,Not Found,Not Found,Not Found,Not Found,Not Found,Not Found,Not Found,timeout,Not Found,290.114
/home/ubuntu/Lustre-exp/kind2-benchmarks/FunctionalChain/channel/channel.lus,base,Not Found,Not Found,Not Found,Not Found,Not Found,Not Found,Not Found,timeout,Not Found,290.113
/home/ubuntu/Lustre-exp/kind2-benchmarks/FunctionalChain/channel/channel_str.lus,base,Not Found,Not Found,Not Found,Not Found,Not Found,Not Found,Not Found,timeout,Not Found,290.160
/home/ubuntu/Lustre-exp/kind2-benchmarks/FunctionalChain/channel/channel_top.lus,base,Not Found,Not Found,Not Found,Not Found,Not Found,Not Found,Not Found,timeout,Not Found,290.114
/home/ubuntu/Lustre-exp/kind2-benchmarks/FunctionalChain/functionalChain_bounds_large.lus,base,Not Found,Not Found,Not Found,Not Found,Not Found,Not Found,Not Found,timeout,Not Found,290.115
/home/ubuntu/Lustre-exp/kind2-benchmarks/FunctionalChain/functionalChain_bounds_medium.lus,base,Not Found,Not Found,Not Found,Not Found,Not Found,Not Found,Not Found,timeout,Not Found,290.116
/home/ubuntu/Lustre-exp/kind2-benchmarks/FunctionalChain/functionalChain_bounds_small.lus,base,Not Found,Not Found,Not Found,Not Found,Not Found,Not Found,Not Found,timeout,Not Found,290.116
/home/ubuntu/Lustre-exp/kind2-benchmarks/FunctionalChain/functionalChain_str_large.lus,base,Not Found,Not Found,Not Found,Not Found,Not Found,Not Found,Not Found,timeout,Not Found,290.120
/home/ubuntu/Lustre-exp/kind2-benchmarks/FunctionalChain/functionalChain_str_medium.lus,base,Not Found,Not Found,Not Found,Not Found,Not Found,Not Found,Not Found,timeout,Not Found,290.129
/home/ubuntu/Lustre-exp/kind2-benchmarks/FunctionalChain/functionalChain_str_small.lus,base,Not Found,Not Found,Not Found,Not Found,Not Found,Not Found,Not Found,timeout,Not Found,290.139
/home/ubuntu/Lustre-exp/kind2-benchmarks/FunctionalChain/reconfiguration/reconfiguration_large_bound.lus,base,228.628,11,8387,30,1,0,Not Found,timeout,35 33 31 29 27 25 23 21 20 19 18,290.372
/home/ubuntu/Lustre-exp/kind2-benchmarks/FunctionalChain/reconfiguration/reconfiguration_large.lus,base,241.564,21,17736,30,1,0,Not Found,timeout,28 27 26 25 24 23 22 21 20 19 18 17 16 15 14 13 12 11 10 9 8,290.228
/home/ubuntu/Lustre-exp/kind2-benchmarks/FunctionalChain/reconfiguration/reconfiguration_medium_bounds.lus,base,11.584,8,2006,10,1,0,Not Found,timeout,8 7 6 5 4 3 2 1,290.329
/home/ubuntu/Lustre-exp/kind2-benchmarks/FunctionalChain/relatedCounters/relatedCounters_small_bounds.lus,l2l1,7.749,12,4383,29,3,15,Not Found,valid,11 10 9 8 7 6 5 4 3 2 1,7.999
/home/ubuntu/Lustre-exp/kind2-benchmarks/FunctionalChain/relatedCounters/relatedCounters_small.lus,base,19.825,15,10470,67,2,36,Not Found,valid,16 13 12 11 10 9 8 7 6 5 4 3 2 1,20.233
/home/ubuntu/Lustre-exp/kind2-benchmarks/FunctionalChain/reconfiguration/reconfiguration_medium.lus,base,5.275,8,1804,10,1,0,Not Found,timeout,8 7 6 5 4 3 2 1,290.228
/home/ubuntu/Lustre-exp/kind2-benchmarks/FunctionalChain/reconfiguration/reconfiguration_small_bounds.lus,l2l1,236.195,9,14393,77,2,6,Not Found,valid,41 35 32 28 25 22 19 11 6,289.301
/home/ubuntu/Lustre-exp/kind2-benchmarks/FunctionalChain/triplexVoter/triplexVoter_str.lus,l2l1,1.008,3,179,8,0,0,Not Found,valid,1 0,1.336
/home/ubuntu/Lustre-exp/kind2-benchmarks/FunctionalChain/reconfiguration/reconfiguration_small.lus,base,273.841,15,25527,127,2,28,Not Found,timeout,42 39 34 29 25 21 17 14 12 10 8 7 5 4 3,290.229
/home/ubuntu/Lustre-exp/kind2-benchmarks/FunctionalChain/relatedCounters/relatedCounters_large_bounds.lus,base,0.028,1,28,2,0,0,Not Found,timeout,2,290.290
/home/ubuntu/Lustre-exp/kind2-benchmarks/FunctionalChain/relatedCounters/relatedCounters_large.lus,base,0.024,1,25,2,0,0,Not Found,timeout,2,290.270
/home/ubuntu/Lustre-exp/kind2-benchmarks/FunctionalChain/relatedCounters/relatedCounters_medium_bounds.lus,base,261.878,13,16991,62,1,0,Not Found,timeout,60 59 58 57 56 55 54 53 52 51 50 49 48,290.161
/home/ubuntu/Lustre-exp/kind2-benchmarks/FunctionalChain/relatedCounters/relatedCounters_medium.lus,base,259.127,7,20855,101,1,0,Not Found,timeout,99 97 96 95 94 93 92,290.157
/home/ubuntu/Lustre-exp/kind2-benchmarks/FunctionalChain/triplexVoter/triplexVoter_bounds.lus,base,3.713,2,349,14,6,0,Not Found,timeout,16 8,290.449
/home/ubuntu/Lustre-exp/kind2-benchmarks/FunctionalChain/triplexVoter/triplexVoter.lus,base,6.287,3,1392,25,0,0,Not Found,timeout,31 27 23,290.440
