3in1_file_path,3in1_sorting_clause,3in1_time,3in1_k,3in1_solver,3in1_neg_state,3in1_num_s,3in1_num_t,3in1_num_gen,3in1_status,3in1_frame_sizes,3in1_elapsed_time
/home/ubuntu/Lustre-exp/kind2-benchmarks/FMCAD08/Bool/misc/stalmark_e8_64_e8_207.lus,base,0.005,0,1,0,0,0,Not Found,invalid,Not Found,0.341
/home/ubuntu/Lustre-exp/kind2-benchmarks/FMCAD08/Bool/misc/stalmark_e8_64_e7_80.lus,l1l2,0.010,1,9,1,0,0,Not Found,invalid,0,0.341
/home/ubuntu/Lustre-exp/kind2-benchmarks/FMCAD08/Bool/misc/stalmark_e8_48.lus,l1l2,0.006,0,2,0,0,0,Not Found,invalid,Not Found,0.344
/home/ubuntu/Lustre-exp/kind2-benchmarks/FMCAD08/Bool/misc/_6counter2.lus,l1l2,0.056,4,203,7,2,1,Not Found,invalid,3 2 1 0,0.392
/home/ubuntu/Lustre-exp/kind2-benchmarks/FMCAD08/Bool/misc/stalmark_e7_27_e7_31.lus,l1l2,0.058,4,191,4,1,0,Not Found,valid,6 5 3,0.392
/home/ubuntu/Lustre-exp/kind2-benchmarks/FMCAD08/Bool/misc/stalmark_e7_76.lus,l1l2,0.054,4,197,4,1,0,Not Found,valid,6 5 3,0.392
/home/ubuntu/Lustre-exp/kind2-benchmarks/FMCAD08/Bool/misc/stalmark_e7_27.lus,l1l2,0.054,4,197,4,1,0,Not Found,valid,6 5 3,0.394
/home/ubuntu/Lustre-exp/kind2-benchmarks/FMCAD08/Bool/misc/_6counter.lus,base,0.167,5,532,10,1,0,Not Found,invalid,7 5 3 2 1,0.503
/home/ubuntu/Lustre-exp/kind2-benchmarks/FMCAD08/Bool/misc/switch2.lus,l1l2,0.012,1,19,2,0,0,Not Found,invalid,0,0.351
/home/ubuntu/Lustre-exp/kind2-benchmarks/FMCAD08/Bool/misc/switch.lus,base,0.012,1,19,2,0,0,Not Found,invalid,0,0.350
/home/ubuntu/Lustre-exp/kind2-benchmarks/FMCAD08/Bool/misc/stalmark.lus,l1l2,0.035,3,130,4,0,0,Not Found,valid,4 2,0.380
/home/ubuntu/Lustre-exp/kind2-benchmarks/FMCAD08/Bool/simulation/production_cell_e7_21.lus,base,0.010,0,2,0,0,0,Not Found,invalid,Not Found,0.342
/home/ubuntu/Lustre-exp/kind2-benchmarks/FMCAD08/Bool/simulation/production_cell_e7_207_e7_41.lus,l1l2,0.009,0,2,0,0,0,Not Found,invalid,Not Found,0.344
/home/ubuntu/Lustre-exp/kind2-benchmarks/FMCAD08/Bool/simulation/production_cell_e8_6_e7_651.lus,l1l2,0.009,0,2,0,0,0,Not Found,invalid,Not Found,0.342
/home/ubuntu/Lustre-exp/kind2-benchmarks/FMCAD08/Bool/simulation/production_cell_e7_207_e8_241.lus,base,0.042,2,73,5,0,0,Not Found,valid,5,0.372
/home/ubuntu/Lustre-exp/kind2-benchmarks/FMCAD08/Bool/simulation/production_cell_e8_6_e8_427.lus,base,0.042,1,53,5,0,0,Not Found,invalid,3,0.374
/home/ubuntu/Lustre-exp/kind2-benchmarks/FMCAD08/Bool/simulation/production_cell.lus,base,0.042,2,73,5,0,0,Not Found,valid,5,0.371
/home/ubuntu/Lustre-exp/kind2-benchmarks/FMCAD08/Bool/simulation/production_cell_e8_6.lus,l1l2,0.050,2,74,5,0,0,Not Found,valid,5,0.382
/home/ubuntu/Lustre-exp/kind2-benchmarks/FMCAD08/Bool/simulation/tramway_e7_1834_e7_2363.lus,l1l2,0.037,2,35,2,0,0,Not Found,valid,2,0.366
/home/ubuntu/Lustre-exp/kind2-benchmarks/FMCAD08/Bool/simulation/tramway_e7_1834.lus,l1l2,0.060,3,78,2,0,0,Not Found,valid,2 1,0.396
/home/ubuntu/Lustre-exp/kind2-benchmarks/FMCAD08/Bool/simulation/tramway.lus,base,0.183,3,295,10,1,0,Not Found,valid,8 4,0.520
/home/ubuntu/Lustre-exp/kind2-benchmarks/FMCAD08/Bool/simulation/tramway_e7_1834_e8_3192.lus,base,0.190,3,296,10,1,0,Not Found,valid,8 4,0.529
/home/ubuntu/Lustre-exp/kind2-benchmarks/FMCAD08/Bool/simulation/ums_e8_1032.lus,base,0.067,2,46,3,0,0,Not Found,valid,3,0.398
/home/ubuntu/Lustre-exp/kind2-benchmarks/FMCAD08/Bool/simulation/ums_e7_1700.lus,base,0.214,1,141,9,0,0,Not Found,invalid,7,0.581
/home/ubuntu/Lustre-exp/kind2-benchmarks/FMCAD08/Bool/simulation/ums.lus,base,0.051,2,33,2,0,0,Not Found,valid,2,0.388
/home/ubuntu/Lustre-exp/kind2-benchmarks/FMCAD08/Int/large/microwave02.lus,base,0.021,2,12,0,0,0,Not Found,valid,0,0.420
/home/ubuntu/Lustre-exp/kind2-benchmarks/FMCAD08/Int/large/microwave03.lus,l1l2,0.028,2,12,0,0,0,Not Found,valid,0,0.443
/home/ubuntu/Lustre-exp/kind2-benchmarks/FMCAD08/Int/large/microwave04.lus,base,0.033,2,12,0,0,0,Not Found,valid,0,0.442
/home/ubuntu/Lustre-exp/kind2-benchmarks/FMCAD08/Int/large/microwave01.lus,base,0.500,3,78,2,0,0,Not Found,valid,1 0,0.916
/home/ubuntu/Lustre-exp/kind2-benchmarks/FMCAD08/Int/large/microwave12.lus,l1l2,0.334,1,28,3,0,0,Not Found,invalid,0,0.707
/home/ubuntu/Lustre-exp/kind2-benchmarks/FMCAD08/Int/large/microwave05.lus,l1l2,2.721,1,134,9,0,0,Not Found,valid,9,278.747
/home/ubuntu/Lustre-exp/kind2-benchmarks/FMCAD08/Int/large/microwave14.lus,base,0.781,2,66,5,0,0,Not Found,invalid,0,1.203
/home/ubuntu/Lustre-exp/kind2-benchmarks/FMCAD08/Int/large/microwave15.lus,l1l2,0.029,2,12,0,0,0,Not Found,valid,0,0.426
/home/ubuntu/Lustre-exp/kind2-benchmarks/FMCAD08/Int/large/microwave16.lus,base,0.024,2,12,0,0,0,Not Found,valid,0,0.424
/home/ubuntu/Lustre-exp/kind2-benchmarks/FMCAD08/Int/large/microwave17.lus,base,1.140,3,285,8,0,0,Not Found,valid,8 4,1.564
/home/ubuntu/Lustre-exp/kind2-benchmarks/FMCAD08/Int/large/microwave18.lus,l1l2,0.833,2,57,4,0,0,Not Found,invalid,0,1.249
/home/ubuntu/Lustre-exp/kind2-benchmarks/FMCAD08/Int/large/microwave19.lus,base,3.673,3,253,8,0,0,Not Found,valid,7 3,4.387
/home/ubuntu/Lustre-exp/kind2-benchmarks/FMCAD08/Int/large/microwave20.lus,base,0.030,2,13,0,0,0,Not Found,invalid,0,0.441
/home/ubuntu/Lustre-exp/kind2-benchmarks/FMCAD08/Int/large/microwave06.lus,base,71.657,21,21648,66,0,1,Not Found,timeout,22 20 19 18 17 16 15 14 13 12 11 10 9 8 7 6 5 4 3 2 1,290.147
/home/ubuntu/Lustre-exp/kind2-benchmarks/FMCAD08/Int/large/microwave07.lus,base,0.655,2,102,5,1,0,Not Found,timeout,5 2,290.256
/home/ubuntu/Lustre-exp/kind2-benchmarks/FMCAD08/Int/large/microwave08.lus,base,0.496,1,30,3,0,0,Not Found,timeout,3,290.199
/home/ubuntu/Lustre-exp/kind2-benchmarks/FMCAD08/Int/large/microwave09.lus,base,22.879,16,7858,22,0,0,Not Found,timeout,17 15 14 13 12 11 10 9 8 7 6 5 4 3 2 1,290.188
/home/ubuntu/Lustre-exp/kind2-benchmarks/FMCAD08/Int/large/microwave10.lus,base,116.505,6,21064,181,0,7,Not Found,timeout,35 31 29 28 27 26,290.157
/home/ubuntu/Lustre-exp/kind2-benchmarks/FMCAD08/Int/large/microwave11.lus,base,169.440,8,3239,47,0,6,Not Found,timeout,9 7 6 5 4 3 2 1,290.122
/home/ubuntu/Lustre-exp/kind2-benchmarks/FMCAD08/Int/large/microwave25.lus,base,0.042,2,13,0,0,0,Not Found,invalid,0,0.465
/home/ubuntu/Lustre-exp/kind2-benchmarks/FMCAD08/Int/large/microwave13.lus,base,3.617,5,900,18,0,0,Not Found,timeout,6 4 3 2 1,290.195
/home/ubuntu/Lustre-exp/kind2-benchmarks/FMCAD08/Int/large/microwave23.lus,l1l2,1.012,1,41,4,0,0,Not Found,invalid,2,1.413
/home/ubuntu/Lustre-exp/kind2-benchmarks/FMCAD08/Int/large/microwave28.lus,base,0.898,2,53,4,0,0,Not Found,invalid,0,1.322
/home/ubuntu/Lustre-exp/kind2-benchmarks/FMCAD08/Int/large/microwave30.lus,l1l2,1.373,1,107,7,0,0,Not Found,valid,7,5.457
/home/ubuntu/Lustre-exp/kind2-benchmarks/FMCAD08/Int/large/microwave24.lus,base,7.862,4,484,9,0,0,Not Found,valid,3 1 0,8.594
/home/ubuntu/Lustre-exp/kind2-benchmarks/FMCAD08/Int/large/microwave31.lus,l1l2,3.548,1,83,6,0,0,Not Found,invalid,6,6.842
/home/ubuntu/Lustre-exp/kind2-benchmarks/FMCAD08/Int/large/microwave29.lus,base,6.844,3,558,14,0,0,Not Found,valid,17 8,7.555
/home/ubuntu/Lustre-exp/kind2-benchmarks/FMCAD08/Int/large/microwave32.lus,base,3.330,2,318,12,0,0,Not Found,invalid,0,4.052
/home/ubuntu/Lustre-exp/kind2-benchmarks/FMCAD08/Int/large/microwave34.lus,l1l2,4.189,1,132,9,0,0,Not Found,invalid,9,5.783
/home/ubuntu/Lustre-exp/kind2-benchmarks/FMCAD08/Int/large/microwave36.lus,l1l2,5.104,1,219,13,0,0,Not Found,invalid,13,11.346
/home/ubuntu/Lustre-exp/kind2-benchmarks/FMCAD08/Int/large/microwave33.lus,l1l2,3.074,1,135,9,0,0,Not Found,invalid,9,16.646
/home/ubuntu/Lustre-exp/kind2-benchmarks/FMCAD08/Int/large/microwave39.lus,l1l2,4.370,2,305,15,0,0,Not Found,invalid,15,4.700
/home/ubuntu/Lustre-exp/kind2-benchmarks/FMCAD08/Int/large/microwave40.lus,base,0.035,2,13,0,0,0,Not Found,invalid,0,0.451
/home/ubuntu/Lustre-exp/kind2-benchmarks/FMCAD08/Int/large/steam_boiler_no_arr1_e4_23904_e4_2384.lus,l1l2,0.263,2,12,0,0,0,Not Found,valid,0,0.763
/home/ubuntu/Lustre-exp/kind2-benchmarks/FMCAD08/Int/large/steam_boiler_no_arr1.lus,l1l2,0.166,2,12,0,0,0,Not Found,valid,0,0.674
/home/ubuntu/Lustre-exp/kind2-benchmarks/FMCAD08/Int/large/steam_boiler_no_arr2_e1_17214_e5_18600.lus,base,0.060,3,57,1,0,0,Not Found,valid,1 0,0.422
/home/ubuntu/Lustre-exp/kind2-benchmarks/FMCAD08/Int/large/steam_boiler_no_arr2_e3_514_e4_11150.lus,base,0.057,3,57,1,0,0,Not Found,valid,1 0,0.417
/home/ubuntu/Lustre-exp/kind2-benchmarks/FMCAD08/Int/large/steam_boiler_no_arr2_e6_3003_e4_15091.lus,base,0.060,3,57,1,0,0,Not Found,valid,1 0,0.420
/home/ubuntu/Lustre-exp/kind2-benchmarks/FMCAD08/Int/large/steam_boiler_no_arr2_e7_12307.lus,l1l2,0.068,3,57,1,0,0,Not Found,valid,1 0,0.418
/home/ubuntu/Lustre-exp/kind2-benchmarks/FMCAD08/Int/large/steam_boiler_no_arr2_e8_21449_e5_18210.lus,base,0.105,3,106,2,0,0,Not Found,valid,2 0,0.470
/home/ubuntu/Lustre-exp/kind2-benchmarks/FMCAD08/Int/large/steam_boiler_no_arr2.lus,base,0.060,3,57,1,0,0,Not Found,valid,1 0,0.423
/home/ubuntu/Lustre-exp/kind2-benchmarks/FMCAD08/Int/memory1/DRAGON_10_e1_3587_e3_2749.lus,l1l2,0.088,2,39,2,0,0,Not Found,valid,2,0.440
/home/ubuntu/Lustre-exp/kind2-benchmarks/FMCAD08/Int/memory1/DRAGON_10_e1_3587_e7_872.lus,l1l2,0.017,0,2,0,0,0,Not Found,invalid,Not Found,0.387
/home/ubuntu/Lustre-exp/kind2-benchmarks/FMCAD08/Int/memory1/DRAGON_10_e1_998.lus,base,0.067,2,39,2,0,0,Not Found,valid,2,0.431
/home/ubuntu/Lustre-exp/kind2-benchmarks/FMCAD08/Int/memory1/DRAGON_10_e2_2785_e3_1744.lus,base,0.068,2,39,2,0,0,Not Found,valid,2,0.432
/home/ubuntu/Lustre-exp/kind2-benchmarks/FMCAD08/Int/memory1/DRAGON_10_e2_402.lus,l1l2,0.071,2,39,2,0,0,Not Found,valid,2,0.429
/home/ubuntu/Lustre-exp/kind2-benchmarks/FMCAD08/Int/memory1/DRAGON_10_e3_144_e5_2046.lus,l1l2,0.071,2,39,2,0,0,Not Found,valid,2,0.429
/home/ubuntu/Lustre-exp/kind2-benchmarks/FMCAD08/Int/memory1/DRAGON_10_e3_144_e7_523.lus,l1l2,0.021,0,2,0,0,0,Not Found,invalid,Not Found,0.385
/home/ubuntu/Lustre-exp/kind2-benchmarks/FMCAD08/Int/memory1/DRAGON_10_e3_3429.lus,base,0.069,2,39,2,0,0,Not Found,valid,2,0.432
/home/ubuntu/Lustre-exp/kind2-benchmarks/FMCAD08/Int/memory1/DRAGON_10_e7_3861_e2_1020.lus,l1l2,0.017,0,2,0,0,0,Not Found,invalid,Not Found,0.383
/home/ubuntu/Lustre-exp/kind2-benchmarks/FMCAD08/Int/memory1/DRAGON_10_e7_3861_e7_2180.lus,base,0.019,0,2,0,0,0,Not Found,invalid,Not Found,0.384
/home/ubuntu/Lustre-exp/kind2-benchmarks/FMCAD08/Int/memory1/DRAGON_10.lus,l1l2,0.070,2,39,2,0,0,Not Found,valid,2,0.432
/home/ubuntu/Lustre-exp/kind2-benchmarks/FMCAD08/Int/large/microwave38.lus,l1l2,43.349,1,231,14,0,0,Not Found,invalid,14,143.023
/home/ubuntu/Lustre-exp/kind2-benchmarks/FMCAD08/Int/large/microwave21.lus,base,4.488,1,87,6,0,0,Not Found,timeout,6,290.114
/home/ubuntu/Lustre-exp/kind2-benchmarks/FMCAD08/Int/large/microwave22.lus,base,113.012,1,266,16,0,0,Not Found,timeout,16,290.114
/home/ubuntu/Lustre-exp/kind2-benchmarks/FMCAD08/Int/large/microwave26.lus,base,Not Found,Not Found,Not Found,Not Found,Not Found,Not Found,Not Found,timeout,Not Found,290.115
/home/ubuntu/Lustre-exp/kind2-benchmarks/FMCAD08/Int/memory1/DRAGON_11_e1_2450_e7_5791.lus,l1l2,0.018,0,2,0,0,0,Not Found,invalid,Not Found,0.396
/home/ubuntu/Lustre-exp/kind2-benchmarks/FMCAD08/Int/large/microwave27.lus,base,Not Found,Not Found,Not Found,Not Found,Not Found,Not Found,Not Found,timeout,Not Found,290.114
/home/ubuntu/Lustre-exp/kind2-benchmarks/FMCAD08/Int/large/microwave35.lus,base,3.873,1,172,11,0,0,Not Found,timeout,11,290.114
/home/ubuntu/Lustre-exp/kind2-benchmarks/FMCAD08/Int/large/microwave37.lus,base,Not Found,Not Found,Not Found,Not Found,Not Found,Not Found,Not Found,timeout,Not Found,290.113
/home/ubuntu/Lustre-exp/kind2-benchmarks/FMCAD08/Int/memory1/DRAGON_11_e1_2450_e1_5887.lus,base,244.862,3,34872,133,3,3,Not Found,timeout,254 162 106,290.231
/home/ubuntu/Lustre-exp/kind2-benchmarks/FMCAD08/Int/memory1/DRAGON_11_e1_2450_e2_1483.lus,base,0.139,1,58,4,0,0,Not Found,timeout,4,290.519
/home/ubuntu/Lustre-exp/kind2-benchmarks/FMCAD08/Int/memory1/DRAGON_12_e1_4640_e7_128.lus,base,0.018,0,2,0,0,0,Not Found,invalid,Not Found,0.388
/home/ubuntu/Lustre-exp/kind2-benchmarks/FMCAD08/Int/memory1/DRAGON_12_e2_1618_e1_6030.lus,base,1.011,5,855,15,3,1,Not Found,valid,8 6 5 3,1.417
/home/ubuntu/Lustre-exp/kind2-benchmarks/FMCAD08/Int/memory1/DRAGON_12_e2_1618_e2_138.lus,base,0.849,4,638,10,2,0,Not Found,valid,14 10 6,1.224
/home/ubuntu/Lustre-exp/kind2-benchmarks/FMCAD08/Int/memory1/DRAGON_12_e2_1618_e3_2012.lus,base,1.989,6,1468,19,3,3,Not Found,valid,17 15 13 9 5,2.368
/home/ubuntu/Lustre-exp/kind2-benchmarks/FMCAD08/Int/memory1/DRAGON_12_e2_1618_e7_4732.lus,l1l2,0.023,0,2,0,0,0,Not Found,invalid,Not Found,0.408
/home/ubuntu/Lustre-exp/kind2-benchmarks/FMCAD08/Int/memory1/DRAGON_12_e2_1618.lus,base,0.762,5,664,10,3,0,Not Found,valid,9 6 5 3,1.141
/home/ubuntu/Lustre-exp/kind2-benchmarks/FMCAD08/Int/memory1/DRAGON_12.lus,base,2.982,6,2101,22,3,3,Not Found,valid,23 20 19 15 8,3.516
/home/ubuntu/Lustre-exp/kind2-benchmarks/FMCAD08/Int/memory1/DRAGON_13_e3_1418_e3_2761.lus,base,2.757,5,1845,25,9,0,Not Found,valid,27 23 16 7,3.361
/home/ubuntu/Lustre-exp/kind2-benchmarks/FMCAD08/Int/memory1/DRAGON_13_e7_2336_e1_541.lus,l1l2,0.024,0,2,0,0,0,Not Found,invalid,Not Found,0.387
/home/ubuntu/Lustre-exp/kind2-benchmarks/FMCAD08/Int/memory1/DRAGON_13_e7_2336_e2_1255.lus,l1l2,0.021,0,2,0,0,0,Not Found,invalid,Not Found,0.388
/home/ubuntu/Lustre-exp/kind2-benchmarks/FMCAD08/Int/memory1/DRAGON_13_e7_2336_e3_3117.lus,base,0.020,0,2,0,0,0,Not Found,invalid,Not Found,0.397
/home/ubuntu/Lustre-exp/kind2-benchmarks/FMCAD08/Int/memory1/DRAGON_13_e7_2336_e7_685.lus,l1l2,0.018,0,2,0,0,0,Not Found,invalid,Not Found,0.397
/home/ubuntu/Lustre-exp/kind2-benchmarks/FMCAD08/Int/memory1/DRAGON_13_e7_2336.lus,base,0.017,0,2,0,0,0,Not Found,invalid,Not Found,0.397
/home/ubuntu/Lustre-exp/kind2-benchmarks/FMCAD08/Int/memory1/DRAGON_13.lus,l1l2,3.255,3,1956,31,6,0,Not Found,valid,34 29 20,4.008
/home/ubuntu/Lustre-exp/kind2-benchmarks/FMCAD08/Int/memory1/DRAGON_11_e1_2450_e3_2330.lus,base,0.174,1,78,5,0,0,Not Found,timeout,5,290.359
/home/ubuntu/Lustre-exp/kind2-benchmarks/FMCAD08/Int/memory1/DRAGON_11_e1_2450.lus,base,0.144,1,56,4,0,0,Not Found,timeout,4,290.370
/home/ubuntu/Lustre-exp/kind2-benchmarks/FMCAD08/Int/memory1/DRAGON_11_e2_5396_e3_282.lus,base,154.509,3,29242,119,3,1,Not Found,timeout,229 223 111,290.295
/home/ubuntu/Lustre-exp/kind2-benchmarks/FMCAD08/Int/memory1/DRAGON_11_e2_1678_e1_3565.lus,base,196.199,2,47935,149,2,0,Not Found,timeout,292 147,290.356
/home/ubuntu/Lustre-exp/kind2-benchmarks/FMCAD08/Int/memory1/DRAGON_14_e7_3162_e1_3998.lus,l1l2,0.559,2,354,12,1,0,Not Found,invalid,13 5,0.915
/home/ubuntu/Lustre-exp/kind2-benchmarks/FMCAD08/Int/memory1/DRAGON_14_e7_3162_e2_753.lus,base,0.602,2,315,13,1,0,Not Found,invalid,14 9,0.977
/home/ubuntu/Lustre-exp/kind2-benchmarks/FMCAD08/Int/memory1/DRAGON_14_e7_3162_e3_4298.lus,base,0.418,2,219,10,1,0,Not Found,invalid,9 4,0.795
/home/ubuntu/Lustre-exp/kind2-benchmarks/FMCAD08/Int/memory1/DRAGON_14_e7_3162_e7_3528.lus,l1l2,0.475,2,273,10,0,0,Not Found,invalid,11 7,0.827
/home/ubuntu/Lustre-exp/kind2-benchmarks/FMCAD08/Int/memory1/DRAGON_14_e7_3162.lus,base,0.721,2,388,14,2,0,Not Found,invalid,16 7,1.089
/home/ubuntu/Lustre-exp/kind2-benchmarks/FMCAD08/Int/memory1/DRAGON_11_e3_382_e1_505.lus,base,204.420,6,31801,123,6,10,Not Found,timeout,126 111 95 78 68 59,290.229
/home/ubuntu/Lustre-exp/kind2-benchmarks/FMCAD08/Int/memory1/DRAGON_1_e1_14612_e1_268_e7_501.lus,base,0.058,2,25,1,0,0,Not Found,valid,1,0.427
/home/ubuntu/Lustre-exp/kind2-benchmarks/FMCAD08/Int/memory1/DRAGON_1_e1_14612_e2_2653_e7_4370.lus,l1l2,0.076,2,41,2,0,0,Not Found,valid,2,0.436
/home/ubuntu/Lustre-exp/kind2-benchmarks/FMCAD08/Int/memory1/DRAGON_1_e1_3184_e7_1888.lus,l1l2,0.059,2,25,1,0,0,Not Found,valid,1,0.412
/home/ubuntu/Lustre-exp/kind2-benchmarks/FMCAD08/Int/memory1/DRAGON_1_e1_5070.lus,l1l2,0.052,2,27,1,0,0,Not Found,valid,1,0.424
/home/ubuntu/Lustre-exp/kind2-benchmarks/FMCAD08/Int/memory1/DRAGON_1_e2_1997_e7_3613_e2_3409.lus,l1l2,0.047,2,25,1,0,0,Not Found,valid,1,0.413
/home/ubuntu/Lustre-exp/kind2-benchmarks/FMCAD08/Int/memory1/DRAGON_1_e2_1997.lus,l1l2,0.057,2,25,1,0,0,Not Found,valid,1,0.424
/home/ubuntu/Lustre-exp/kind2-benchmarks/FMCAD08/Int/memory1/DRAGON_1_e3_11891_e7_4569_e4_4881.lus,l1l2,0.053,2,25,1,0,0,Not Found,valid,1,0.415
/home/ubuntu/Lustre-exp/kind2-benchmarks/FMCAD08/Int/memory1/DRAGON_1.lus,l1l2,0.055,2,25,1,0,0,Not Found,valid,1,0.404
/home/ubuntu/Lustre-exp/kind2-benchmarks/FMCAD08/Int/memory1/DRAGON_2_e1_2316.lus,l1l2,0.058,2,20,1,0,0,Not Found,valid,1,0.423
/home/ubuntu/Lustre-exp/kind2-benchmarks/FMCAD08/Int/memory1/DRAGON_2_e2_3183_e1_2644.lus,l1l2,0.049,2,22,1,0,0,Not Found,valid,1,0.413
/home/ubuntu/Lustre-exp/kind2-benchmarks/FMCAD08/Int/memory1/DRAGON_2_e2_3183_e2_3580.lus,base,0.052,2,22,1,0,0,Not Found,valid,1,0.413
/home/ubuntu/Lustre-exp/kind2-benchmarks/FMCAD08/Int/memory1/DRAGON_2_e2_3183_e3_5972.lus,base,0.056,2,22,1,0,0,Not Found,valid,1,0.434
/home/ubuntu/Lustre-exp/kind2-benchmarks/FMCAD08/Int/memory1/DRAGON_2_e2_4481.lus,base,0.059,2,20,1,0,0,Not Found,valid,1,0.431
/home/ubuntu/Lustre-exp/kind2-benchmarks/FMCAD08/Int/memory1/DRAGON_11_e3_382_e4_4421.lus,base,19.660,4,7471,46,5,3,Not Found,timeout,76 66 50 21,290.258
/home/ubuntu/Lustre-exp/kind2-benchmarks/FMCAD08/Int/memory1/DRAGON_2_e7_25_e1_154.lus,l1l2,0.024,0,2,0,0,0,Not Found,invalid,Not Found,0.401
/home/ubuntu/Lustre-exp/kind2-benchmarks/FMCAD08/Int/memory1/DRAGON_2_e7_25_e2_5340.lus,l1l2,0.018,0,2,0,0,0,Not Found,invalid,Not Found,0.400
/home/ubuntu/Lustre-exp/kind2-benchmarks/FMCAD08/Int/memory1/DRAGON_2_e7_25_e3_829.lus,base,0.017,0,2,0,0,0,Not Found,invalid,Not Found,0.409
/home/ubuntu/Lustre-exp/kind2-benchmarks/FMCAD08/Int/memory1/DRAGON_2_e7_25_e7_4469.lus,l1l2,0.022,0,2,0,0,0,Not Found,invalid,Not Found,0.400
/home/ubuntu/Lustre-exp/kind2-benchmarks/FMCAD08/Int/memory1/DRAGON_2_e7_25_e8_3171.lus,base,0.049,2,22,1,0,0,Not Found,valid,1,0.427
/home/ubuntu/Lustre-exp/kind2-benchmarks/FMCAD08/Int/memory1/DRAGON_2_e7_25.lus,l1l2,0.028,0,2,0,0,0,Not Found,invalid,Not Found,0.390
/home/ubuntu/Lustre-exp/kind2-benchmarks/FMCAD08/Int/memory1/DRAGON_2.lus,base,0.046,2,22,1,0,0,Not Found,valid,1,0.424
/home/ubuntu/Lustre-exp/kind2-benchmarks/FMCAD08/Int/memory1/DRAGON_3_e1_4783_e1_3755.lus,base,0.056,2,27,1,0,0,Not Found,valid,1,0.427
/home/ubuntu/Lustre-exp/kind2-benchmarks/FMCAD08/Int/memory1/DRAGON_3_e1_4783_e2_158.lus,base,0.052,2,27,1,0,0,Not Found,valid,1,0.425
/home/ubuntu/Lustre-exp/kind2-benchmarks/FMCAD08/Int/memory1/DRAGON_3_e1_4783_e3_511.lus,base,0.058,2,27,1,0,0,Not Found,valid,1,0.415
/home/ubuntu/Lustre-exp/kind2-benchmarks/FMCAD08/Int/memory1/DRAGON_3_e1_4783_e7_4070.lus,l1l2,0.025,0,2,0,0,0,Not Found,invalid,Not Found,0.390
/home/ubuntu/Lustre-exp/kind2-benchmarks/FMCAD08/Int/memory1/DRAGON_3_e1_4783.lus,base,0.059,2,27,1,0,0,Not Found,valid,1,0.436
/home/ubuntu/Lustre-exp/kind2-benchmarks/FMCAD08/Int/memory1/DRAGON_3_e2_5343_e1_988.lus,l1l2,0.064,2,27,1,0,0,Not Found,valid,1,0.427
/home/ubuntu/Lustre-exp/kind2-benchmarks/FMCAD08/Int/memory1/DRAGON_3_e3_3846.lus,base,0.053,2,27,1,0,0,Not Found,valid,1,0.426
/home/ubuntu/Lustre-exp/kind2-benchmarks/FMCAD08/Int/memory1/DRAGON_3_e3_5422_e1_2288.lus,base,0.057,2,27,1,0,0,Not Found,valid,1,0.425
/home/ubuntu/Lustre-exp/kind2-benchmarks/FMCAD08/Int/memory1/DRAGON_3_e3_5422_e2_3135.lus,l1l2,0.072,2,27,1,0,0,Not Found,valid,1,0.426
/home/ubuntu/Lustre-exp/kind2-benchmarks/FMCAD08/Int/memory1/DRAGON_3_e7_4884.lus,l1l2,0.018,0,2,0,0,0,Not Found,invalid,Not Found,0.389
/home/ubuntu/Lustre-exp/kind2-benchmarks/FMCAD08/Int/memory1/DRAGON_3.lus,base,0.064,2,27,1,0,0,Not Found,valid,1,0.436
/home/ubuntu/Lustre-exp/kind2-benchmarks/FMCAD08/Int/memory1/DRAGON_4_e1_4312.lus,l1l2,1.754,5,1448,19,6,0,Not Found,valid,17 12 8 3,2.111
/home/ubuntu/Lustre-exp/kind2-benchmarks/FMCAD08/Int/memory1/DRAGON_4_e2_2799_e1_1303.lus,l1l2,2.337,4,1729,21,5,0,Not Found,valid,30 25 20 9,3.410
/home/ubuntu/Lustre-exp/kind2-benchmarks/FMCAD08/Int/memory1/DRAGON_4_e2_2799_e2_2251.lus,base,2.012,5,1797,22,7,2,Not Found,valid,28 23 16 8,2.386
/home/ubuntu/Lustre-exp/kind2-benchmarks/FMCAD08/Int/memory1/DRAGON_4_e2_2799_e7_2499.lus,base,0.112,1,29,3,0,0,Not Found,invalid,1,0.490
/home/ubuntu/Lustre-exp/kind2-benchmarks/FMCAD08/Int/memory1/DRAGON_4_e2_2799_e3_1915.lus,base,2.548,5,2077,25,8,1,Not Found,valid,34 29 20 8,2.931
/home/ubuntu/Lustre-exp/kind2-benchmarks/FMCAD08/Int/memory1/DRAGON_4_e3_1540_e1_5048.lus,base,1.323,4,1123,17,5,0,Not Found,valid,19 14 6,1.809
/home/ubuntu/Lustre-exp/kind2-benchmarks/FMCAD08/Int/memory1/DRAGON_4_e2_2799.lus,l1l2,3.579,5,2379,25,9,1,Not Found,valid,25 20 14 7 1,3.888
/home/ubuntu/Lustre-exp/kind2-benchmarks/FMCAD08/Int/memory1/DRAGON_4_e7_2329_e3_4574.lus,l1l2,0.230,1,102,7,0,0,Not Found,invalid,6,0.590
/home/ubuntu/Lustre-exp/kind2-benchmarks/FMCAD08/Int/memory1/DRAGON_4_e7_2329_e7_3856.lus,l1l2,0.172,1,79,6,0,0,Not Found,invalid,5,0.520
/home/ubuntu/Lustre-exp/kind2-benchmarks/FMCAD08/Int/memory1/DRAGON_4_e7_2329.lus,base,0.170,1,54,5,0,0,Not Found,invalid,3,0.558
/home/ubuntu/Lustre-exp/kind2-benchmarks/FMCAD08/Int/memory1/DRAGON_4_e3_4133.lus,base,2.578,5,2139,24,8,0,Not Found,valid,28 23 14 5,2.998
/home/ubuntu/Lustre-exp/kind2-benchmarks/FMCAD08/Int/memory1/DRAGON_5_e1_1835.lus,base,0.449,4,352,7,2,0,Not Found,valid,8 6 3,0.823
/home/ubuntu/Lustre-exp/kind2-benchmarks/FMCAD08/Int/memory1/DRAGON_4.lus,base,1.788,5,1643,21,7,1,Not Found,valid,28 23 17 7,2.172
/home/ubuntu/Lustre-exp/kind2-benchmarks/FMCAD08/Int/memory1/DRAGON_5_e2_3018_e2_936.lus,l1l2,0.453,3,296,8,1,0,Not Found,valid,7 4 1,0.789
/home/ubuntu/Lustre-exp/kind2-benchmarks/FMCAD08/Int/memory1/DRAGON_5_e7_2017_e1_5832.lus,base,0.094,1,23,2,0,0,Not Found,invalid,0,0.460
/home/ubuntu/Lustre-exp/kind2-benchmarks/FMCAD08/Int/memory1/DRAGON_5_e7_2017_e2_664.lus,base,0.105,1,32,3,0,0,Not Found,invalid,1,0.478
/home/ubuntu/Lustre-exp/kind2-benchmarks/FMCAD08/Int/memory1/DRAGON_5_e7_2017_e3_1763.lus,l1l2,0.107,1,51,3,0,0,Not Found,invalid,2,0.473
/home/ubuntu/Lustre-exp/kind2-benchmarks/FMCAD08/Int/memory1/DRAGON_5_e7_2017_e7_2326.lus,l1l2,0.170,1,61,5,0,0,Not Found,invalid,3,0.509
/home/ubuntu/Lustre-exp/kind2-benchmarks/FMCAD08/Int/memory1/DRAGON_5_e7_2017.lus,l1l2,0.114,1,38,3,0,0,Not Found,invalid,1,0.458
/home/ubuntu/Lustre-exp/kind2-benchmarks/FMCAD08/Int/memory1/DRAGON_6_e7_5046_e7_3623.lus,l1l2,0.053,2,25,1,0,0,Not Found,valid,1,0.423
/home/ubuntu/Lustre-exp/kind2-benchmarks/FMCAD08/Int/memory1/DRAGON_5.lus,l1l2,0.409,4,332,7,1,0,Not Found,valid,8 6 3,0.758
/home/ubuntu/Lustre-exp/kind2-benchmarks/FMCAD08/Int/memory1/DRAGON_6.lus,base,0.055,2,25,1,0,0,Not Found,valid,1,0.423
/home/ubuntu/Lustre-exp/kind2-benchmarks/FMCAD08/Int/memory1/DRAGON_7_e2_2872_e2_5844.lus,base,0.074,2,39,2,0,0,Not Found,valid,2,0.443
/home/ubuntu/Lustre-exp/kind2-benchmarks/FMCAD08/Int/memory1/DRAGON_7_e2_2872_e3_2640.lus,base,0.072,2,39,2,0,0,Not Found,valid,2,0.453
/home/ubuntu/Lustre-exp/kind2-benchmarks/FMCAD08/Int/memory1/DRAGON_7_e7_3157_e2_2082.lus,base,0.112,2,58,3,0,0,Not Found,valid,3,0.474
/home/ubuntu/Lustre-exp/kind2-benchmarks/FMCAD08/Int/memory1/DRAGON_7.lus,base,0.105,2,58,3,0,0,Not Found,valid,3,0.475
/home/ubuntu/Lustre-exp/kind2-benchmarks/FMCAD08/Int/memory1/DRAGON_8_e2_3896_e3_3125.lus,base,0.386,5,383,8,2,1,Not Found,valid,8 7 5 3,0.747
/home/ubuntu/Lustre-exp/kind2-benchmarks/FMCAD08/Int/memory1/DRAGON_8_e3_786_e7_4541.lus,l1l2,0.372,4,316,7,2,0,Not Found,valid,7 6 3,0.707
/home/ubuntu/Lustre-exp/kind2-benchmarks/FMCAD08/Int/memory1/DRAGON_8_e7_3752.lus,l1l2,0.531,4,379,11,3,1,Not Found,valid,7 6 2 1,0.868
/home/ubuntu/Lustre-exp/kind2-benchmarks/FMCAD08/Int/memory1/DRAGON_8.lus,base,0.568,5,490,11,2,1,Not Found,valid,12 11 7 4,0.939
/home/ubuntu/Lustre-exp/kind2-benchmarks/FMCAD08/Int/memory1/DRAGON_9_e7_1843_e1_5434.lus,base,0.047,2,25,1,0,0,Not Found,valid,1,0.431
/home/ubuntu/Lustre-exp/kind2-benchmarks/FMCAD08/Int/memory1/DRAGON_9_e7_1843_e2_1145.lus,l1l2,0.061,2,25,1,0,0,Not Found,valid,1,0.424
/home/ubuntu/Lustre-exp/kind2-benchmarks/FMCAD08/Int/memory1/DRAGON_9_e7_1843_e3_5316.lus,l1l2,0.056,2,25,1,0,0,Not Found,valid,1,0.423
/home/ubuntu/Lustre-exp/kind2-benchmarks/FMCAD08/Int/memory1/DRAGON_9_e7_1843_e7_2225.lus,l1l2,0.052,2,25,1,0,0,Not Found,valid,1,0.424
/home/ubuntu/Lustre-exp/kind2-benchmarks/FMCAD08/Int/memory1/DRAGON_9_e7_1843.lus,l1l2,0.087,2,41,2,0,0,Not Found,valid,2,0.453
/home/ubuntu/Lustre-exp/kind2-benchmarks/FMCAD08/Int/memory1/DRAGON_9.lus,l1l2,0.047,2,25,1,0,0,Not Found,valid,1,0.402
/home/ubuntu/Lustre-exp/kind2-benchmarks/FMCAD08/Int/memory1/DRAGON_11.lus,base,32.212,3,8338,53,4,1,Not Found,timeout,91 52 36,290.296
/home/ubuntu/Lustre-exp/kind2-benchmarks/FMCAD08/Int/memory1/DRAGON_all2_e2_2073_e8_3691.lus,l1l2,0.019,0,2,0,0,0,Not Found,invalid,Not Found,0.413
/home/ubuntu/Lustre-exp/kind2-benchmarks/FMCAD08/Int/memory1/DRAGON_all2_e3_4612_e2_5774.lus,base,1.930,5,1146,22,1,0,Not Found,valid,14 11 10 5,2.364
/home/ubuntu/Lustre-exp/kind2-benchmarks/FMCAD08/Int/memory1/DRAGON_all2_e3_4612_e1_6463.lus,base,2.216,4,1248,25,4,0,Not Found,valid,17 13 7,2.598
/home/ubuntu/Lustre-exp/kind2-benchmarks/FMCAD08/Int/memory1/DRAGON_all2_e3_4612_e3_1543.lus,base,1.748,4,1089,23,3,0,Not Found,valid,17 12 6,2.125
/home/ubuntu/Lustre-exp/kind2-benchmarks/FMCAD08/Int/memory1/DRAGON_all2_e3_4612_e5_3642.lus,base,1.755,4,1074,23,3,0,Not Found,valid,17 13 7,2.142
/home/ubuntu/Lustre-exp/kind2-benchmarks/FMCAD08/Int/memory1/DRAGON_all2_e3_4612_e4_3719.lus,base,3.702,5,1979,26,3,0,Not Found,valid,17 12 9 8,4.399
/home/ubuntu/Lustre-exp/kind2-benchmarks/FMCAD08/Int/memory1/DRAGON_all2_e3_4612_e8_5861.lus,base,0.021,0,2,0,0,0,Not Found,invalid,Not Found,0.412
/home/ubuntu/Lustre-exp/kind2-benchmarks/FMCAD08/Int/memory1/DRAGON_all2_e7_5406_e1_6690.lus,base,0.025,0,2,0,0,0,Not Found,invalid,Not Found,0.410
/home/ubuntu/Lustre-exp/kind2-benchmarks/FMCAD08/Int/memory1/DRAGON_all2_e7_5406_e2_3084.lus,l1l2,0.024,0,2,0,0,0,Not Found,invalid,Not Found,0.401
/home/ubuntu/Lustre-exp/kind2-benchmarks/FMCAD08/Int/memory1/DRAGON_all2_e7_5406_e3_506.lus,l1l2,0.023,0,2,0,0,0,Not Found,invalid,Not Found,0.412
/home/ubuntu/Lustre-exp/kind2-benchmarks/FMCAD08/Int/memory1/DRAGON_all2_e7_5406_e7_6697.lus,base,0.022,0,2,0,0,0,Not Found,invalid,Not Found,0.403
/home/ubuntu/Lustre-exp/kind2-benchmarks/FMCAD08/Int/memory1/DRAGON_all2_e7_5406.lus,l1l2,0.024,0,2,0,0,0,Not Found,invalid,Not Found,0.434
/home/ubuntu/Lustre-exp/kind2-benchmarks/FMCAD08/Int/memory1/DRAGON_all2_e8_4626.lus,l1l2,0.019,0,2,0,0,0,Not Found,invalid,Not Found,0.411
/home/ubuntu/Lustre-exp/kind2-benchmarks/FMCAD08/Int/memory1/DRAGON_all2_e8_5504_e1_4719.lus,base,0.021,0,2,0,0,0,Not Found,invalid,Not Found,0.401
/home/ubuntu/Lustre-exp/kind2-benchmarks/FMCAD08/Int/memory1/DRAGON_all2_e8_5504_e7_579.lus,l1l2,0.024,0,2,0,0,0,Not Found,invalid,Not Found,0.412
/home/ubuntu/Lustre-exp/kind2-benchmarks/FMCAD08/Int/memory1/DRAGON_all_e1_4022_e1_1759.lus,l1l2,0.148,1,55,4,0,0,Not Found,valid,3,0.498
/home/ubuntu/Lustre-exp/kind2-benchmarks/FMCAD08/Int/memory1/DRAGON_all_e1_4022_e2_267.lus,l1l2,0.147,2,65,4,0,0,Not Found,valid,4,0.519
/home/ubuntu/Lustre-exp/kind2-benchmarks/FMCAD08/Int/memory1/DRAGON_all_e1_4022_e3_3628.lus,l1l2,0.146,2,73,4,0,0,Not Found,valid,4,0.507
/home/ubuntu/Lustre-exp/kind2-benchmarks/FMCAD08/Int/memory1/DRAGON_all_e1_4022_e7_2886.lus,base,0.022,0,2,0,0,0,Not Found,invalid,Not Found,0.400
/home/ubuntu/Lustre-exp/kind2-benchmarks/FMCAD08/Int/memory1/DRAGON_all2.lus,l1l2,2.347,4,1344,24,4,0,Not Found,valid,18 14 7,2.641
/home/ubuntu/Lustre-exp/kind2-benchmarks/FMCAD08/Int/memory1/DRAGON_all_e1_4037.lus,base,0.136,2,71,4,0,0,Not Found,valid,4,0.507
/home/ubuntu/Lustre-exp/kind2-benchmarks/FMCAD08/Int/memory1/DRAGON_all_e2_6104_e1_6205.lus,base,0.140,2,69,4,0,0,Not Found,valid,4,0.511
/home/ubuntu/Lustre-exp/kind2-benchmarks/FMCAD08/Int/memory1/DRAGON_all_e2_6104_e2_3308.lus,l1l2,0.163,2,75,5,0,0,Not Found,valid,5,0.525
/home/ubuntu/Lustre-exp/kind2-benchmarks/FMCAD08/Int/memory1/DRAGON_all_e2_6104_e3_2607.lus,base,0.136,2,67,4,0,0,Not Found,valid,4,0.509
/home/ubuntu/Lustre-exp/kind2-benchmarks/FMCAD08/Int/memory1/DRAGON_all_e2_6104.lus,base,0.147,2,71,4,0,0,Not Found,valid,4,0.508
/home/ubuntu/Lustre-exp/kind2-benchmarks/FMCAD08/Int/memory1/DRAGON_all_e3_4821_e1_1318.lus,l1l2,0.155,2,71,4,0,0,Not Found,valid,4,0.518
/home/ubuntu/Lustre-exp/kind2-benchmarks/FMCAD08/Int/memory1/DRAGON_all_e3_4821_e2_1089.lus,base,0.150,2,71,4,0,0,Not Found,valid,4,0.526
/home/ubuntu/Lustre-exp/kind2-benchmarks/FMCAD08/Int/memory1/DRAGON_all_e3_4821_e4_1791.lus,base,0.144,2,71,4,0,0,Not Found,valid,4,0.526
/home/ubuntu/Lustre-exp/kind2-benchmarks/FMCAD08/Int/memory1/DRAGON_all_e3_4821_e5_1536.lus,l1l2,0.167,2,69,4,0,0,Not Found,valid,4,0.536
/home/ubuntu/Lustre-exp/kind2-benchmarks/FMCAD08/Int/memory1/DRAGON_all_e7_1941_e2_6086.lus,l1l2,0.020,0,2,0,0,0,Not Found,invalid,Not Found,0.392
/home/ubuntu/Lustre-exp/kind2-benchmarks/FMCAD08/Int/memory1/DRAGON_all_e3_5957.lus,l1l2,0.173,2,90,5,0,0,Not Found,valid,5,0.518
/home/ubuntu/Lustre-exp/kind2-benchmarks/FMCAD08/Int/memory1/DRAGON_all_e7_4065.lus,base,0.021,0,2,0,0,0,Not Found,invalid,Not Found,0.406
/home/ubuntu/Lustre-exp/kind2-benchmarks/FMCAD08/Int/memory1/DRAGON_all.lus,base,0.134,2,69,4,0,0,Not Found,valid,4,0.534
/home/ubuntu/Lustre-exp/kind2-benchmarks/FMCAD08/Int/memory1/FIREFLY_10_e7_919_e2_3192.lus,base,0.032,2,25,1,0,0,Not Found,valid,1,0.376
/home/ubuntu/Lustre-exp/kind2-benchmarks/FMCAD08/Int/memory1/FIREFLY_10.lus,l1l2,0.033,2,25,1,0,0,Not Found,valid,1,0.376
/home/ubuntu/Lustre-exp/kind2-benchmarks/FMCAD08/Int/memory1/DRAGON_14_e1_5710.lus,base,203.010,13,33797,104,11,23,Not Found,timeout,67 60 54 52 48 45 41 37 32 27 22 17 12,290.151
/home/ubuntu/Lustre-exp/kind2-benchmarks/FMCAD08/Int/memory1/DRAGON_14_e2_3606.lus,base,145.620,11,26267,95,13,11,Not Found,timeout,90 85 80 76 73 69 65 58 45 23 9,290.162
/home/ubuntu/Lustre-exp/kind2-benchmarks/FMCAD08/Int/memory1/FIREFLY_1_e1_1092_e1_1486.lus,base,0.050,1,15,2,0,0,Not Found,invalid,0,0.400
/home/ubuntu/Lustre-exp/kind2-benchmarks/FMCAD08/Int/memory1/FIREFLY_1_e1_1092_e2_1853.lus,base,0.032,2,20,1,0,0,Not Found,valid,1,0.376
/home/ubuntu/Lustre-exp/kind2-benchmarks/FMCAD08/Int/memory1/FIREFLY_1_e1_1092_e3_389.lus,l1l2,0.049,1,15,2,0,0,Not Found,invalid,0,0.411
/home/ubuntu/Lustre-exp/kind2-benchmarks/FMCAD08/Int/memory1/FIREFLY_1_e1_1092_e7_1119.lus,l1l2,0.018,0,2,0,0,0,Not Found,invalid,Not Found,0.370
/home/ubuntu/Lustre-exp/kind2-benchmarks/FMCAD08/Int/memory1/FIREFLY_1_e1_1092.lus,base,0.045,1,15,2,0,0,Not Found,invalid,0,0.410
/home/ubuntu/Lustre-exp/kind2-benchmarks/FMCAD08/Int/memory1/DRAGON_14_e3_1259_e1_5798.lus,base,51.300,10,15940,61,13,7,Not Found,timeout,48 40 35 34 30 27 23 17 12 8,290.251
/home/ubuntu/Lustre-exp/kind2-benchmarks/FMCAD08/Int/memory1/DRAGON_14_e3_5120.lus,base,36.775,10,12716,60,12,8,Not Found,timeout,47 42 37 33 30 27 25 20 14 9,290.250
/home/ubuntu/Lustre-exp/kind2-benchmarks/FMCAD08/Int/memory1/FIREFLY_1.lus,l1l2,0.037,2,20,1,0,0,Not Found,valid,1,0.380
/home/ubuntu/Lustre-exp/kind2-benchmarks/FMCAD08/Int/memory1/FIREFLY_2.lus,l1l2,0.048,2,27,1,0,0,Not Found,valid,1,0.385
/home/ubuntu/Lustre-exp/kind2-benchmarks/FMCAD08/Int/memory1/FIREFLY_2_e3_151_e3_1540.lus,base,0.048,1,22,2,0,0,Not Found,invalid,0,0.412
/home/ubuntu/Lustre-exp/kind2-benchmarks/FMCAD08/Int/memory1/FIREFLY_3_e2_2236_e1_2305.lus,base,0.030,2,25,1,0,0,Not Found,valid,1,0.374
/home/ubuntu/Lustre-exp/kind2-benchmarks/FMCAD08/Int/memory1/FIREFLY_3_e2_2236_e2_1058.lus,l1l2,0.045,2,41,2,0,0,Not Found,valid,2,0.395
/home/ubuntu/Lustre-exp/kind2-benchmarks/FMCAD08/Int/memory1/FIREFLY_3_e2_2236_e3_2657.lus,l1l2,0.047,1,22,2,0,0,Not Found,invalid,0,0.409
/home/ubuntu/Lustre-exp/kind2-benchmarks/FMCAD08/Int/memory1/FIREFLY_3_e2_2236_e7_3681.lus,l1l2,0.044,2,41,2,0,0,Not Found,valid,2,0.385
/home/ubuntu/Lustre-exp/kind2-benchmarks/FMCAD08/Int/memory1/FIREFLY_3_e2_2236.lus,l1l2,0.031,2,25,1,0,0,Not Found,valid,1,0.385
/home/ubuntu/Lustre-exp/kind2-benchmarks/FMCAD08/Int/memory1/FIREFLY_3.lus,l1l2,0.037,2,25,1,0,0,Not Found,valid,1,0.385
/home/ubuntu/Lustre-exp/kind2-benchmarks/FMCAD08/Int/memory1/FIREFLY_4_e3_3511_e1_2375.lus,base,0.089,2,63,4,1,0,Not Found,invalid,2 1,0.439
/home/ubuntu/Lustre-exp/kind2-benchmarks/FMCAD08/Int/memory1/FIREFLY_4_e3_3511_e2_1923.lus,base,0.097,3,108,2,0,0,Not Found,valid,3 2,0.437
/home/ubuntu/Lustre-exp/kind2-benchmarks/FMCAD08/Int/memory1/FIREFLY_4_e3_3511_e3_422.lus,base,0.104,3,106,2,0,0,Not Found,valid,3 2,0.458
/home/ubuntu/Lustre-exp/kind2-benchmarks/FMCAD08/Int/memory1/FIREFLY_4_e3_3511_e4_1464.lus,l1l2,0.136,2,118,6,1,0,Not Found,invalid,5 1,0.472
/home/ubuntu/Lustre-exp/kind2-benchmarks/FMCAD08/Int/memory1/FIREFLY_4_e3_3511_e7_3568.lus,base,0.013,0,2,0,0,0,Not Found,invalid,Not Found,0.370
/home/ubuntu/Lustre-exp/kind2-benchmarks/FMCAD08/Int/memory1/FIREFLY_4_e3_3511_e5_3248.lus,l1l2,0.115,3,106,2,0,0,Not Found,valid,3 2,0.438
/home/ubuntu/Lustre-exp/kind2-benchmarks/FMCAD08/Int/memory1/FIREFLY_4_e3_3511.lus,base,0.118,3,148,4,1,0,Not Found,valid,5 3,0.468
/home/ubuntu/Lustre-exp/kind2-benchmarks/FMCAD08/Int/memory1/FIREFLY_4.lus,l1l2,0.050,2,27,1,0,0,Not Found,valid,1,0.388
/home/ubuntu/Lustre-exp/kind2-benchmarks/FMCAD08/Int/memory1/FIREFLY_5_e1_2552_e7_1169.lus,l1l2,0.034,2,20,1,0,0,Not Found,valid,1,0.384
/home/ubuntu/Lustre-exp/kind2-benchmarks/FMCAD08/Int/memory1/FIREFLY_5_e2_2229.lus,l1l2,0.043,2,41,2,0,0,Not Found,valid,2,0.384
/home/ubuntu/Lustre-exp/kind2-benchmarks/FMCAD08/Int/memory1/FIREFLY_5_e2_2884_e1_2678.lus,l1l2,0.057,2,41,2,0,0,Not Found,valid,2,0.384
/home/ubuntu/Lustre-exp/kind2-benchmarks/FMCAD08/Int/memory1/FIREFLY_5_e2_2884_e2_1492.lus,l1l2,0.050,2,41,2,0,0,Not Found,valid,2,0.385
/home/ubuntu/Lustre-exp/kind2-benchmarks/FMCAD08/Int/memory1/FIREFLY_5_e2_2884_e3_1882.lus,l1l2,0.029,2,25,1,0,0,Not Found,valid,1,0.374
/home/ubuntu/Lustre-exp/kind2-benchmarks/FMCAD08/Int/memory1/FIREFLY_5_e2_2884_e7_3594.lus,l1l2,0.039,2,25,1,0,0,Not Found,valid,1,0.385
/home/ubuntu/Lustre-exp/kind2-benchmarks/FMCAD08/Int/memory1/FIREFLY_5.lus,base,0.047,2,41,2,0,0,Not Found,valid,2,0.395
/home/ubuntu/Lustre-exp/kind2-benchmarks/FMCAD08/Int/memory1/FIREFLY_6_e2_3302.lus,base,0.403,4,501,8,2,0,Not Found,valid,10 7 4,0.759
/home/ubuntu/Lustre-exp/kind2-benchmarks/FMCAD08/Int/memory1/FIREFLY_6.lus,base,0.345,4,428,7,2,0,Not Found,valid,9 7 4,0.700
/home/ubuntu/Lustre-exp/kind2-benchmarks/FMCAD08/Int/memory1/FIREFLY_8_e2_1711_e1_1489.lus,base,0.033,2,26,1,0,0,Not Found,valid,1,0.385
/home/ubuntu/Lustre-exp/kind2-benchmarks/FMCAD08/Int/memory1/FIREFLY_8_e2_1711_e2_2673.lus,l1l2,0.037,2,24,1,0,0,Not Found,valid,1,0.378
/home/ubuntu/Lustre-exp/kind2-benchmarks/FMCAD08/Int/memory1/DRAGON_14.lus,base,281.363,14,39269,102,10,22,Not Found,timeout,64 59 54 50 46 42 39 36 30 26 23 18 13 8,290.155
/home/ubuntu/Lustre-exp/kind2-benchmarks/FMCAD08/Int/memory1/FIREFLY_8_e2_1711_e7_1962.lus,l1l2,0.016,0,2,0,0,0,Not Found,invalid,Not Found,0.369
/home/ubuntu/Lustre-exp/kind2-benchmarks/FMCAD08/Int/memory1/FIREFLY_8_e2_1711_e3_1753.lus,l1l2,0.032,2,24,1,0,0,Not Found,valid,1,0.376
/home/ubuntu/Lustre-exp/kind2-benchmarks/FMCAD08/Int/memory1/FIREFLY_8_e2_1711.lus,l1l2,0.030,2,24,1,0,0,Not Found,valid,1,0.373
/home/ubuntu/Lustre-exp/kind2-benchmarks/FMCAD08/Int/memory1/FIREFLY_8.lus,l1l2,0.038,2,26,1,0,0,Not Found,valid,1,0.377
/home/ubuntu/Lustre-exp/kind2-benchmarks/FMCAD08/Int/memory1/FIREFLY_9_e7_170_e3_3647.lus,base,0.055,2,43,2,0,0,Not Found,valid,2,0.415
/home/ubuntu/Lustre-exp/kind2-benchmarks/FMCAD08/Int/memory1/FIREFLY_9.lus,l1l2,0.051,2,43,2,0,0,Not Found,valid,2,0.384
/home/ubuntu/Lustre-exp/kind2-benchmarks/FMCAD08/Int/memory1/FIREFLY_a3_e1_3233_e1_3123.lus,base,0.051,1,22,2,0,0,Not Found,invalid,0,0.403
/home/ubuntu/Lustre-exp/kind2-benchmarks/FMCAD08/Int/memory1/FIREFLY_a3_e1_3233_e2_2392.lus,l1l2,0.118,2,89,5,0,0,Not Found,valid,5,0.457
/home/ubuntu/Lustre-exp/kind2-benchmarks/FMCAD08/Int/memory1/FIREFLY_7.lus,base,2.025,5,1868,20,3,0,Not Found,valid,16 8 7 4,2.378
/home/ubuntu/Lustre-exp/kind2-benchmarks/FMCAD08/Int/memory1/FIREFLY_a3_e1_3233_e7_906.lus,l1l2,0.015,0,2,0,0,0,Not Found,invalid,Not Found,0.371
/home/ubuntu/Lustre-exp/kind2-benchmarks/FMCAD08/Int/memory1/FIREFLY_a3_e1_3233_e3_2970.lus,base,0.111,2,89,5,0,0,Not Found,valid,5,0.469
/home/ubuntu/Lustre-exp/kind2-benchmarks/FMCAD08/Int/memory1/FIREFLY_a3_e1_3233.lus,l1l2,0.062,1,22,2,0,0,Not Found,invalid,0,0.401
/home/ubuntu/Lustre-exp/kind2-benchmarks/FMCAD08/Int/memory1/FIREFLY_a3_e2_2086_e1_3235.lus,l1l2,0.099,2,71,4,0,0,Not Found,valid,4,0.427
/home/ubuntu/Lustre-exp/kind2-benchmarks/FMCAD08/Int/memory1/FIREFLY_a3_e2_2086_e2_2689.lus,base,0.092,2,71,4,0,0,Not Found,valid,4,0.439
/home/ubuntu/Lustre-exp/kind2-benchmarks/FMCAD08/Int/memory1/FIREFLY_a3_e2_2086_e3_2542.lus,l1l2,0.121,2,89,5,0,0,Not Found,valid,5,0.449
/home/ubuntu/Lustre-exp/kind2-benchmarks/FMCAD08/Int/memory1/FIREFLY_a3_e2_2086_e7_2614.lus,base,0.013,0,2,0,0,0,Not Found,invalid,Not Found,0.371
/home/ubuntu/Lustre-exp/kind2-benchmarks/FMCAD08/Int/memory1/FIREFLY_a3_e2_2952.lus,base,0.085,2,71,4,0,0,Not Found,valid,4,0.437
/home/ubuntu/Lustre-exp/kind2-benchmarks/FMCAD08/Int/memory1/FIREFLY_a3_e3_314_e1_1979.lus,l1l2,0.207,2,150,9,1,0,Not Found,invalid,3 2,0.533
/home/ubuntu/Lustre-exp/kind2-benchmarks/FMCAD08/Int/memory1/FIREFLY_a3_e3_314_e2_2812.lus,base,0.151,3,139,5,0,0,Not Found,valid,1 0,0.514
/home/ubuntu/Lustre-exp/kind2-benchmarks/FMCAD08/Int/memory1/FIREFLY_a3_e3_314_e4_897.lus,l1l2,0.189,2,143,8,1,0,Not Found,invalid,3 2,0.535
/home/ubuntu/Lustre-exp/kind2-benchmarks/FMCAD08/Int/memory1/FIREFLY_a3.lus,base,0.079,2,71,4,0,0,Not Found,valid,4,0.430
/home/ubuntu/Lustre-exp/kind2-benchmarks/FMCAD08/Int/memory1/FIREFLY_all_e1_1207_e1_1201.lus,l1l2,0.087,1,40,4,0,0,Not Found,invalid,2,0.440
/home/ubuntu/Lustre-exp/kind2-benchmarks/FMCAD08/Int/memory1/FIREFLY_all_e1_1207_e3_1928.lus,base,0.039,1,9,1,0,0,Not Found,invalid,0,0.402
/home/ubuntu/Lustre-exp/kind2-benchmarks/FMCAD08/Int/memory1/FIREFLY_all_e1_1207_e2_3220.lus,l1l2,0.112,2,83,5,0,0,Not Found,valid,5,0.461
/home/ubuntu/Lustre-exp/kind2-benchmarks/FMCAD08/Int/memory1/FIREFLY_all_e1_1207_e7_156.lus,base,0.013,0,2,0,0,0,Not Found,invalid,Not Found,0.381
/home/ubuntu/Lustre-exp/kind2-benchmarks/FMCAD08/Int/memory1/FIREFLY_all_e1_3406.lus,l1l2,0.086,1,42,4,0,0,Not Found,invalid,2,0.432
/home/ubuntu/Lustre-exp/kind2-benchmarks/FMCAD08/Int/memory1/FIREFLY_all_e2_2924_e2_1767.lus,base,0.076,1,29,3,0,0,Not Found,invalid,1,0.424
/home/ubuntu/Lustre-exp/kind2-benchmarks/FMCAD08/Int/memory1/FIREFLY_all_e2_2924_e1_768.lus,l1l2,0.108,2,87,5,0,0,Not Found,valid,5,0.439
/home/ubuntu/Lustre-exp/kind2-benchmarks/FMCAD08/Int/memory1/FIREFLY_all_e2_2924_e3_3946.lus,l1l2,0.110,1,58,5,0,0,Not Found,invalid,3,0.474
/home/ubuntu/Lustre-exp/kind2-benchmarks/FMCAD08/Int/memory1/FIREFLY_all_e2_2924_e7_3371.lus,l1l2,0.018,0,2,0,0,0,Not Found,invalid,Not Found,0.372
/home/ubuntu/Lustre-exp/kind2-benchmarks/FMCAD08/Int/memory1/FIREFLY_all_e2_3678.lus,base,0.086,1,46,4,0,0,Not Found,invalid,2,0.442
/home/ubuntu/Lustre-exp/kind2-benchmarks/FMCAD08/Int/memory1/FIREFLY_all_e3_1600_e1_667.lus,l1l2,0.091,1,40,4,0,0,Not Found,invalid,2,0.452
/home/ubuntu/Lustre-exp/kind2-benchmarks/FMCAD08/Int/memory1/FIREFLY_all_e3_1600_e2_676.lus,l1l2,0.173,1,121,9,0,0,Not Found,invalid,7,0.540
/home/ubuntu/Lustre-exp/kind2-benchmarks/FMCAD08/Int/memory1/FIREFLY_all_e3_1600_e3_2055.lus,base,0.046,1,15,2,0,0,Not Found,invalid,0,0.399
/home/ubuntu/Lustre-exp/kind2-benchmarks/FMCAD08/Int/memory1/FIREFLY_all_e3_1600_e4_2415.lus,base,0.035,1,9,1,0,0,Not Found,invalid,0,0.388
/home/ubuntu/Lustre-exp/kind2-benchmarks/FMCAD08/Int/memory1/FIREFLY_all_e3_1600_e5_84.lus,base,0.178,1,112,8,0,0,Not Found,invalid,6,0.542
/home/ubuntu/Lustre-exp/kind2-benchmarks/FMCAD08/Int/memory1/FIREFLY_all_e3_1600_e7_1607.lus,l1l2,0.014,0,2,0,0,0,Not Found,invalid,Not Found,0.379
/home/ubuntu/Lustre-exp/kind2-benchmarks/FMCAD08/Int/memory1/FIREFLY_all_e3_3496.lus,base,0.035,1,9,1,0,0,Not Found,invalid,0,0.391
/home/ubuntu/Lustre-exp/kind2-benchmarks/FMCAD08/Int/memory1/FIREFLY_all_e7_1909.lus,base,0.014,0,2,0,0,0,Not Found,invalid,Not Found,0.368
/home/ubuntu/Lustre-exp/kind2-benchmarks/FMCAD08/Int/memory1/FIREFLY_all.lus,l1l2,0.121,2,83,5,0,0,Not Found,valid,5,0.459
/home/ubuntu/Lustre-exp/kind2-benchmarks/FMCAD08/Int/memory1/FIREFLY_luke_1a_e2_284_e7_998.lus,base,0.189,2,159,8,1,0,Not Found,invalid,8 4,0.541
/home/ubuntu/Lustre-exp/kind2-benchmarks/FMCAD08/Int/memory1/FIREFLY_luke_1a_e7_3042_e3_1213.lus,base,16.947,10,7058,48,3,14,Not Found,valid,40 39 36 34 32 28 24 19 12,17.605
/home/ubuntu/Lustre-exp/kind2-benchmarks/FMCAD08/Int/memory1/DRAGON_8_e3_786.lus,base,0.244,3,201,5,1,0,Not Found,timeout,4 3 2,290.278
/home/ubuntu/Lustre-exp/kind2-benchmarks/FMCAD08/Int/memory1/FIREFLY_luke_1b_e1_1139_e1_1565.lus,base,0.045,1,17,2,0,0,Not Found,invalid,0,0.402
/home/ubuntu/Lustre-exp/kind2-benchmarks/FMCAD08/Int/memory1/FIREFLY_luke_1b_e1_1139_e2_2893.lus,base,0.031,2,22,1,0,0,Not Found,valid,1,0.375
/home/ubuntu/Lustre-exp/kind2-benchmarks/FMCAD08/Int/memory1/FIREFLY_luke_1b_e1_1139_e3_1839.lus,base,0.084,1,41,4,0,0,Not Found,invalid,2,0.439
/home/ubuntu/Lustre-exp/kind2-benchmarks/FMCAD08/Int/memory1/FIREFLY_luke_1b_e1_1691.lus,l1l2,0.063,1,17,2,0,0,Not Found,invalid,0,0.410
/home/ubuntu/Lustre-exp/kind2-benchmarks/FMCAD08/Int/memory1/FIREFLY_luke_1b_e2_3049_e1_946.lus,base,0.030,2,22,1,0,0,Not Found,valid,1,0.376
/home/ubuntu/Lustre-exp/kind2-benchmarks/FMCAD08/Int/memory1/FIREFLY_luke_1b_e2_3049_e2_698.lus,base,0.051,1,17,2,0,0,Not Found,invalid,0,0.412
/home/ubuntu/Lustre-exp/kind2-benchmarks/FMCAD08/Int/memory1/FIREFLY_luke_1b_e2_3049_e3_2697.lus,base,0.051,1,17,2,0,0,Not Found,invalid,0,0.410
/home/ubuntu/Lustre-exp/kind2-benchmarks/FMCAD08/Int/memory1/FIREFLY_luke_1b_e2_3049.lus,l1l2,0.087,1,41,4,0,0,Not Found,invalid,2,0.452
/home/ubuntu/Lustre-exp/kind2-benchmarks/FMCAD08/Int/memory1/FIREFLY_luke_1b_e3_671_e1_725.lus,base,0.098,1,41,4,0,0,Not Found,invalid,2,0.450
/home/ubuntu/Lustre-exp/kind2-benchmarks/FMCAD08/Int/memory1/FIREFLY_luke_1b_e3_671_e2_2131.lus,l1l2,0.098,1,41,4,0,0,Not Found,invalid,2,0.450
/home/ubuntu/Lustre-exp/kind2-benchmarks/FMCAD08/Int/memory1/FIREFLY_luke_1b_e3_671_e3_941.lus,l1l2,0.064,1,17,2,0,0,Not Found,invalid,0,0.411
/home/ubuntu/Lustre-exp/kind2-benchmarks/FMCAD08/Int/memory1/FIREFLY_luke_1b_e3_671_e4_147.lus,base,0.087,1,41,4,0,0,Not Found,invalid,2,0.452
/home/ubuntu/Lustre-exp/kind2-benchmarks/FMCAD08/Int/memory1/FIREFLY_luke_1b_e3_671_e5_1637.lus,l1l2,0.089,1,41,4,0,0,Not Found,invalid,2,0.442
/home/ubuntu/Lustre-exp/kind2-benchmarks/FMCAD08/Int/memory1/FIREFLY_luke_1b_e3_671_e6_1974.lus,base,0.034,2,22,1,0,0,Not Found,valid,1,0.388
/home/ubuntu/Lustre-exp/kind2-benchmarks/FMCAD08/Int/memory1/FIREFLY_luke_1b_e3_671_e7_1882.lus,base,0.014,0,2,0,0,0,Not Found,invalid,Not Found,0.370
/home/ubuntu/Lustre-exp/kind2-benchmarks/FMCAD08/Int/memory1/FIREFLY_luke_1b_e3_671.lus,l1l2,0.082,1,41,4,0,0,Not Found,invalid,2,0.430
/home/ubuntu/Lustre-exp/kind2-benchmarks/FMCAD08/Int/memory1/FIREFLY_luke_1b_e7_2574.lus,l1l2,0.015,0,2,0,0,0,Not Found,invalid,Not Found,0.378
/home/ubuntu/Lustre-exp/kind2-benchmarks/FMCAD08/Int/memory1/FIREFLY_luke_1b_e7_3191_e1_1303.lus,l1l2,0.018,0,2,0,0,0,Not Found,invalid,Not Found,0.368
/home/ubuntu/Lustre-exp/kind2-benchmarks/FMCAD08/Int/memory1/FIREFLY_luke_1b_e7_3191_e2_1864.lus,base,0.018,0,2,0,0,0,Not Found,invalid,Not Found,0.368
/home/ubuntu/Lustre-exp/kind2-benchmarks/FMCAD08/Int/memory1/FIREFLY_luke_1b_e7_3191_e7_2146.lus,l1l2,0.019,0,2,0,0,0,Not Found,invalid,Not Found,0.373
/home/ubuntu/Lustre-exp/kind2-benchmarks/FMCAD08/Int/memory1/FIREFLY_luke_1b.lus,l1l2,0.030,2,22,1,0,0,Not Found,valid,1,0.374
/home/ubuntu/Lustre-exp/kind2-benchmarks/FMCAD08/Int/memory1/FIREFLY_luke_2_e2_1375_e1_418.lus,base,0.308,4,440,7,2,0,Not Found,valid,9 7 4,0.658
/home/ubuntu/Lustre-exp/kind2-benchmarks/FMCAD08/Int/memory1/FIREFLY_luke_2_e7_1826_e8_126.lus,base,0.335,4,433,7,2,0,Not Found,valid,9 7 4,0.681
/home/ubuntu/Lustre-exp/kind2-benchmarks/FMCAD08/Int/memory1/FIREFLY_luke_2.lus,l1l2,0.374,4,439,7,2,0,Not Found,valid,9 7 4,0.688
/home/ubuntu/Lustre-exp/kind2-benchmarks/FMCAD08/Int/memory1/FIREFLY_luke_3_e1_2217_e3_1200.lus,l1l2,1.566,5,1651,20,3,0,Not Found,valid,31 28 24 12,1.919
/home/ubuntu/Lustre-exp/kind2-benchmarks/FMCAD08/Int/memory1/FIREFLY_luke_3.lus,base,1.595,6,1800,16,1,0,Not Found,valid,25 21 18 15 6,1.948
/home/ubuntu/Lustre-exp/kind2-benchmarks/FMCAD08/Int/memory1/FIREFLY_11_e1_3457.lus,base,0.332,4,388,6,1,0,Not Found,timeout,7 6 4 2,290.253
/home/ubuntu/Lustre-exp/kind2-benchmarks/FMCAD08/Int/memory1/FIREFLY_11_e3_2076_e1_1270.lus,base,0.359,4,421,7,2,0,Not Found,timeout,8 7 5 3,290.272
/home/ubuntu/Lustre-exp/kind2-benchmarks/FMCAD08/Int/memory1/FIREFLY_11.lus,base,0.314,4,388,6,1,0,Not Found,timeout,7 6 4 2,290.266
/home/ubuntu/Lustre-exp/kind2-benchmarks/FMCAD08/Int/memory1/FIREFLY_luke_rt_e1_913_e1_1993.lus,base,0.061,1,20,2,0,0,Not Found,invalid,0,0.421
/home/ubuntu/Lustre-exp/kind2-benchmarks/FMCAD08/Int/memory1/FIREFLY_luke_rt_e1_913_e2_3353.lus,base,0.033,2,27,1,0,0,Not Found,valid,1,0.396
/home/ubuntu/Lustre-exp/kind2-benchmarks/FMCAD08/Int/memory1/FIREFLY_luke_rt_e1_913_e3_2128.lus,base,0.063,1,34,3,0,0,Not Found,invalid,1,0.429
/home/ubuntu/Lustre-exp/kind2-benchmarks/FMCAD08/Int/memory1/FIREFLY_luke_rt_e1_913_e7_1403.lus,l1l2,0.015,0,2,0,0,0,Not Found,invalid,Not Found,0.368
/home/ubuntu/Lustre-exp/kind2-benchmarks/FMCAD08/Int/memory1/FIREFLY_luke_rt_e1_913.lus,l1l2,0.061,1,20,2,0,0,Not Found,invalid,0,0.400
/home/ubuntu/Lustre-exp/kind2-benchmarks/FMCAD08/Int/memory1/FIREFLY_luke_rt_e2_3460_e1_1455.lus,l1l2,0.037,2,27,1,0,0,Not Found,valid,1,0.385
/home/ubuntu/Lustre-exp/kind2-benchmarks/FMCAD08/Int/memory1/FIREFLY_luke_rt_e2_3460_e2_2670.lus,base,0.049,1,20,2,0,0,Not Found,invalid,0,0.409
/home/ubuntu/Lustre-exp/kind2-benchmarks/FMCAD08/Int/memory1/FIREFLY_luke_rt_e2_3460_e3_1333.lus,base,0.047,1,20,2,0,0,Not Found,invalid,0,0.401
/home/ubuntu/Lustre-exp/kind2-benchmarks/FMCAD08/Int/memory1/FIREFLY_luke_rt_e2_3460_e7_471.lus,l1l2,0.019,0,2,0,0,0,Not Found,invalid,Not Found,0.368
/home/ubuntu/Lustre-exp/kind2-benchmarks/FMCAD08/Int/memory1/FIREFLY_luke_rt_e2_3460.lus,base,0.068,1,34,3,0,0,Not Found,invalid,1,0.407
/home/ubuntu/Lustre-exp/kind2-benchmarks/FMCAD08/Int/memory1/FIREFLY_luke_rt_e3_1549.lus,base,0.032,1,9,1,0,0,Not Found,invalid,0,0.398
/home/ubuntu/Lustre-exp/kind2-benchmarks/FMCAD08/Int/memory1/FIREFLY_luke_rt.lus,base,0.040,2,27,1,0,0,Not Found,valid,1,0.385
/home/ubuntu/Lustre-exp/kind2-benchmarks/FMCAD08/Int/memory1/FIREFLY_rt_e3_1770_e2_637.lus,base,0.417,4,508,10,2,0,Not Found,valid,9 7 4,0.768
/home/ubuntu/Lustre-exp/kind2-benchmarks/FMCAD08/Int/memory1/FIREFLY_rt.lus,l1l2,0.419,4,547,12,2,3,Not Found,valid,11 9 6 2,0.750
/home/ubuntu/Lustre-exp/kind2-benchmarks/FMCAD08/Int/memory1/FIREFLY_u1_e2_3403_e2_957.lus,base,2.677,5,2340,20,3,0,Not Found,valid,34 26 20 9,3.098
/home/ubuntu/Lustre-exp/kind2-benchmarks/FMCAD08/Int/memory1/FIREFLY_u1_e7_3318.lus,base,0.064,1,24,3,0,0,Not Found,invalid,1,0.429
/home/ubuntu/Lustre-exp/kind2-benchmarks/FMCAD08/Int/memory1/FIREFLY_u1.lus,base,1.082,6,1170,13,2,0,Not Found,valid,16 14 13 11 7,1.434
/home/ubuntu/Lustre-exp/kind2-benchmarks/FMCAD08/Int/memory2/ILLINOIS_1.lus,l1l2,0.062,2,41,2,0,0,Not Found,valid,2,0.387
/home/ubuntu/Lustre-exp/kind2-benchmarks/FMCAD08/Int/memory2/ILLINOIS_2_e1_834_e1_1895.lus,l1l2,0.014,0,2,0,0,0,Not Found,invalid,Not Found,0.370
/home/ubuntu/Lustre-exp/kind2-benchmarks/FMCAD08/Int/memory2/ILLINOIS_2_e1_834_e2_3395.lus,l1l2,0.034,2,20,1,0,0,Not Found,valid,1,0.375
/home/ubuntu/Lustre-exp/kind2-benchmarks/FMCAD08/Int/memory2/ILLINOIS_2_e1_834_e3_2931.lus,base,0.013,0,2,0,0,0,Not Found,invalid,Not Found,0.379
/home/ubuntu/Lustre-exp/kind2-benchmarks/FMCAD08/Int/memory2/ILLINOIS_2_e1_834_e7_3738.lus,l1l2,0.016,0,2,0,0,0,Not Found,invalid,Not Found,0.380
/home/ubuntu/Lustre-exp/kind2-benchmarks/FMCAD08/Int/memory2/ILLINOIS_2_e1_834.lus,l1l2,0.017,0,2,0,0,0,Not Found,invalid,Not Found,0.371
/home/ubuntu/Lustre-exp/kind2-benchmarks/FMCAD08/Int/memory2/ILLINOIS_2_e2_2367_e1_3182.lus,l1l2,0.033,2,22,1,0,0,Not Found,valid,1,0.378
/home/ubuntu/Lustre-exp/kind2-benchmarks/FMCAD08/Int/memory2/ILLINOIS_2_e2_2367_e2_1561.lus,l1l2,0.013,0,2,0,0,0,Not Found,invalid,Not Found,0.392
/home/ubuntu/Lustre-exp/kind2-benchmarks/FMCAD08/Int/memory2/ILLINOIS_2_e2_2367_e3_1601.lus,l1l2,0.015,0,2,0,0,0,Not Found,invalid,Not Found,0.371
/home/ubuntu/Lustre-exp/kind2-benchmarks/FMCAD08/Int/memory2/ILLINOIS_2_e2_2367_e7_2728.lus,l1l2,0.016,0,2,0,0,0,Not Found,invalid,Not Found,0.370
/home/ubuntu/Lustre-exp/kind2-benchmarks/FMCAD08/Int/memory2/ILLINOIS_2_e2_876.lus,l1l2,0.013,0,2,0,0,0,Not Found,invalid,Not Found,0.370
/home/ubuntu/Lustre-exp/kind2-benchmarks/FMCAD08/Int/memory2/ILLINOIS_2.lus,base,0.038,2,22,1,0,0,Not Found,valid,1,0.387
/home/ubuntu/Lustre-exp/kind2-benchmarks/FMCAD08/Int/memory2/ILLINOIS_3_e3_2581_e1_1130.lus,l1l2,0.012,0,1,0,0,0,Not Found,invalid,Not Found,0.360
/home/ubuntu/Lustre-exp/kind2-benchmarks/FMCAD08/Int/memory2/ILLINOIS_3_e3_2581_e2_2545.lus,l1l2,0.015,0,1,0,0,0,Not Found,invalid,Not Found,0.359
/home/ubuntu/Lustre-exp/kind2-benchmarks/FMCAD08/Int/memory2/ILLINOIS_3_e3_2581_e3_979.lus,l1l2,0.014,0,2,0,0,0,Not Found,invalid,Not Found,0.368
/home/ubuntu/Lustre-exp/kind2-benchmarks/FMCAD08/Int/memory2/ILLINOIS_3_e3_2581_e4_958.lus,l1l2,0.015,0,1,0,0,0,Not Found,invalid,Not Found,0.357
/home/ubuntu/Lustre-exp/kind2-benchmarks/FMCAD08/Int/memory2/ILLINOIS_3_e3_2581_e5_4006.lus,base,0.012,0,1,0,0,0,Not Found,invalid,Not Found,0.370
/home/ubuntu/Lustre-exp/kind2-benchmarks/FMCAD08/Int/memory2/ILLINOIS_3_e3_2581_e7_3447.lus,base,0.019,0,2,0,0,0,Not Found,invalid,Not Found,0.370
/home/ubuntu/Lustre-exp/kind2-benchmarks/FMCAD08/Int/memory2/ILLINOIS_3_e3_2581.lus,l1l2,0.018,0,2,0,0,0,Not Found,invalid,Not Found,0.369
/home/ubuntu/Lustre-exp/kind2-benchmarks/FMCAD08/Int/memory2/ILLINOIS_3.lus,l1l2,0.048,2,24,1,0,0,Not Found,valid,1,0.385
/home/ubuntu/Lustre-exp/kind2-benchmarks/FMCAD08/Int/memory2/ILLINOIS_4_e7_2651_e7_2847.lus,l1l2,0.043,2,27,1,0,0,Not Found,valid,1,0.376
/home/ubuntu/Lustre-exp/kind2-benchmarks/FMCAD08/Int/memory2/ILLINOIS_4.lus,base,0.060,2,41,2,0,0,Not Found,valid,2,0.416
/home/ubuntu/Lustre-exp/kind2-benchmarks/FMCAD08/Int/memory2/ILLINOIS_5_e7_692_e7_2865.lus,base,0.032,2,25,1,0,0,Not Found,valid,1,0.386
/home/ubuntu/Lustre-exp/kind2-benchmarks/FMCAD08/Int/memory2/ILLINOIS_5.lus,base,0.035,2,25,1,0,0,Not Found,valid,1,0.387
/home/ubuntu/Lustre-exp/kind2-benchmarks/FMCAD08/Int/memory2/ILLINOIS_a1.lus,base,0.392,4,444,10,3,0,Not Found,valid,9 7 4,0.739
/home/ubuntu/Lustre-exp/kind2-benchmarks/FMCAD08/Int/memory2/ILLINOIS_all.lus,l1l2,0.120,2,85,5,0,0,Not Found,valid,5,0.438
/home/ubuntu/Lustre-exp/kind2-benchmarks/FMCAD08/Int/memory2/ILLINOIS_r4a.lus,base,0.665,4,756,14,3,1,Not Found,valid,19 15 8,1.022
/home/ubuntu/Lustre-exp/kind2-benchmarks/FMCAD08/Int/memory2/MESI_1_e2_162_e7_1545.lus,l1l2,0.022,2,27,1,0,0,Not Found,valid,1,0.363
/home/ubuntu/Lustre-exp/kind2-benchmarks/FMCAD08/Int/memory2/MESI_1.lus,base,0.032,2,41,2,0,0,Not Found,valid,2,0.364
/home/ubuntu/Lustre-exp/kind2-benchmarks/FMCAD08/Int/memory2/MESI_2.lus,base,0.019,2,25,1,0,0,Not Found,valid,1,0.354
/home/ubuntu/Lustre-exp/kind2-benchmarks/FMCAD08/Int/memory2/MESI_3_e1_2517_e8_2163.lus,l1l2,0.581,5,559,14,0,0,Not Found,valid,5 2 1 0,0.880
/home/ubuntu/Lustre-exp/kind2-benchmarks/FMCAD08/Int/memory2/MESI_3_e2_819_e1_1145.lus,base,0.282,3,235,10,0,0,Not Found,valid,4 3,0.620
/home/ubuntu/Lustre-exp/kind2-benchmarks/FMCAD08/Int/memory2/MESI_3_e2_819_e2_562.lus,l1l2,0.017,0,2,0,0,0,Not Found,invalid,Not Found,0.367
/home/ubuntu/Lustre-exp/kind2-benchmarks/FMCAD08/Int/memory2/MESI_3_e2_819_e3_2698.lus,base,0.014,0,2,0,0,0,Not Found,invalid,Not Found,0.361
/home/ubuntu/Lustre-exp/kind2-benchmarks/FMCAD08/Int/memory2/MESI_3_e2_819_e4_1595.lus,base,0.278,3,235,10,0,0,Not Found,valid,4 3,0.622
/home/ubuntu/Lustre-exp/kind2-benchmarks/FMCAD08/Int/memory2/MESI_3_e2_819_e5_2554.lus,l1l2,0.013,0,2,0,0,0,Not Found,invalid,Not Found,0.357
/home/ubuntu/Lustre-exp/kind2-benchmarks/FMCAD08/Int/memory2/MESI_3_e2_819_e6_1459.lus,base,0.395,3,317,12,0,0,Not Found,valid,9 5,0.742
/home/ubuntu/Lustre-exp/kind2-benchmarks/FMCAD08/Int/memory2/MESI_3_e2_819_e7_1665.lus,l1l2,0.013,0,2,0,0,0,Not Found,invalid,Not Found,0.357
/home/ubuntu/Lustre-exp/kind2-benchmarks/FMCAD08/Int/memory2/MESI_3_e2_819_e8_1896.lus,l1l2,0.019,0,2,0,0,0,Not Found,invalid,Not Found,0.356
/home/ubuntu/Lustre-exp/kind2-benchmarks/FMCAD08/Int/memory2/MESI_3_e2_819.lus,l1l2,0.020,0,2,0,0,0,Not Found,invalid,Not Found,0.367
/home/ubuntu/Lustre-exp/kind2-benchmarks/FMCAD08/Int/memory2/MESI_3_e3_2669.lus,base,0.276,3,244,9,0,0,Not Found,valid,3 1,0.621
/home/ubuntu/Lustre-exp/kind2-benchmarks/FMCAD08/Int/memory2/MESI_3.lus,base,0.287,3,235,10,0,0,Not Found,valid,4 3,0.630
/home/ubuntu/Lustre-exp/kind2-benchmarks/FMCAD08/Int/memory2/MESI_4_e7_1140_e7_433.lus,base,0.021,2,27,1,0,0,Not Found,valid,1,0.353
/home/ubuntu/Lustre-exp/kind2-benchmarks/FMCAD08/Int/memory2/MESI_4.lus,l1l2,0.051,3,83,2,0,0,Not Found,valid,1 0,0.376
/home/ubuntu/Lustre-exp/kind2-benchmarks/FMCAD08/Int/memory2/MESI_all_e4_1147_e7_497.lus,base,0.040,2,60,3,0,0,Not Found,valid,3,0.375
/home/ubuntu/Lustre-exp/kind2-benchmarks/FMCAD08/Int/memory2/MESI_all.lus,l1l2,0.063,2,74,4,0,0,Not Found,valid,4,0.417
/home/ubuntu/Lustre-exp/kind2-benchmarks/FMCAD08/Int/memory2/MESI_i1_e2_1758_e8_12.lus,base,0.009,0,2,0,0,0,Not Found,invalid,Not Found,0.345
/home/ubuntu/Lustre-exp/kind2-benchmarks/FMCAD08/Int/memory2/MESI_i1_e2_2656.lus,l1l2,0.010,0,2,0,0,0,Not Found,invalid,Not Found,0.344
/home/ubuntu/Lustre-exp/kind2-benchmarks/FMCAD08/Int/memory2/MESI_i1_e3_2145_e1_2667.lus,l1l2,0.014,0,2,0,0,0,Not Found,invalid,Not Found,0.355
/home/ubuntu/Lustre-exp/kind2-benchmarks/FMCAD08/Int/memory2/MESI_i1_e3_2145_e2_2228.lus,l1l2,0.013,0,2,0,0,0,Not Found,invalid,Not Found,0.357
/home/ubuntu/Lustre-exp/kind2-benchmarks/FMCAD08/Int/memory2/MESI_i1_e3_2145_e3_977.lus,l1l2,0.013,0,2,0,0,0,Not Found,invalid,Not Found,0.346
/home/ubuntu/Lustre-exp/kind2-benchmarks/FMCAD08/Int/memory2/MESI_i1_e3_2145_e4_1717.lus,l1l2,0.013,0,2,0,0,0,Not Found,invalid,Not Found,0.346
/home/ubuntu/Lustre-exp/kind2-benchmarks/FMCAD08/Int/memory2/MESI_i1_e3_2145_e5_2391.lus,base,0.010,0,2,0,0,0,Not Found,invalid,Not Found,0.345
/home/ubuntu/Lustre-exp/kind2-benchmarks/FMCAD08/Int/memory2/MESI_i1_e3_2145_e7_1847.lus,l1l2,0.013,0,2,0,0,0,Not Found,invalid,Not Found,0.364
/home/ubuntu/Lustre-exp/kind2-benchmarks/FMCAD08/Int/memory2/MESI_i1_e3_2145_e8_2325.lus,l1l2,0.010,0,2,0,0,0,Not Found,invalid,Not Found,0.344
/home/ubuntu/Lustre-exp/kind2-benchmarks/FMCAD08/Int/memory2/MESI_i1_e3_2145.lus,base,0.009,0,2,0,0,0,Not Found,invalid,Not Found,0.344
/home/ubuntu/Lustre-exp/kind2-benchmarks/FMCAD08/Int/memory2/MESI_i1_e4_1986_e1_1519.lus,base,0.026,1,15,2,0,0,Not Found,invalid,0,0.366
/home/ubuntu/Lustre-exp/kind2-benchmarks/FMCAD08/Int/memory2/MESI_i1_e4_1986.lus,l1l2,0.012,0,2,0,0,0,Not Found,invalid,Not Found,0.345
/home/ubuntu/Lustre-exp/kind2-benchmarks/FMCAD08/Int/memory2/MESI_i1.lus,l1l2,0.013,0,2,0,0,0,Not Found,invalid,Not Found,0.358
/home/ubuntu/Lustre-exp/kind2-benchmarks/FMCAD08/Int/memory2/MESI_i2.lus,l1l2,0.021,1,9,1,0,0,Not Found,invalid,0,0.365
/home/ubuntu/Lustre-exp/kind2-benchmarks/FMCAD08/Int/memory2/MESI_i3_e1_447_e1_1292.lus,base,0.100,3,147,5,1,0,Not Found,valid,7 4,0.445
/home/ubuntu/Lustre-exp/kind2-benchmarks/FMCAD08/Int/memory2/MESI_i3_e1_447_e2_1098.lus,l1l2,0.009,0,2,0,0,0,Not Found,invalid,Not Found,0.344
/home/ubuntu/Lustre-exp/kind2-benchmarks/FMCAD08/Int/memory2/MESI_i3_e1_447_e3_1180.lus,l1l2,0.037,2,39,2,0,0,Not Found,valid,2,0.384
/home/ubuntu/Lustre-exp/kind2-benchmarks/FMCAD08/Int/memory2/MESI_i3_e1_447_e5_2444.lus,base,0.010,0,2,0,0,0,Not Found,invalid,Not Found,0.344
/home/ubuntu/Lustre-exp/kind2-benchmarks/FMCAD08/Int/memory2/MESI_i3_e1_447_e6_2281.lus,base,0.109,3,187,5,1,0,Not Found,valid,7 4,0.444
/home/ubuntu/Lustre-exp/kind2-benchmarks/FMCAD08/Int/memory2/MESI_i3_e1_447_e7_2194.lus,l1l2,0.062,2,55,4,1,0,Not Found,invalid,2 1,0.385
/home/ubuntu/Lustre-exp/kind2-benchmarks/FMCAD08/Int/memory2/MESI_i3_e1_447.lus,l1l2,0.060,2,52,4,1,0,Not Found,invalid,2 1,0.399
/home/ubuntu/Lustre-exp/kind2-benchmarks/FMCAD08/Int/memory2/MESI_i3.lus,base,0.009,0,2,0,0,0,Not Found,invalid,Not Found,0.345
/home/ubuntu/Lustre-exp/kind2-benchmarks/FMCAD08/Int/memory2/MESI_i4_e4_1689.lus,l1l2,0.118,2,140,7,1,0,Not Found,invalid,7 2,0.436
/home/ubuntu/Lustre-exp/kind2-benchmarks/FMCAD08/Int/memory2/MESI_i4_e6_2175.lus,base,0.446,5,745,15,2,3,Not Found,valid,15 13 10 6,0.789
/home/ubuntu/Lustre-exp/kind2-benchmarks/FMCAD08/Int/memory2/MESI_i4_e7_1017_e6_1132.lus,l1l2,0.516,5,800,17,3,1,Not Found,valid,9 7 4 3,0.819
/home/ubuntu/Lustre-exp/kind2-benchmarks/FMCAD08/Int/memory2/MESI_i4_e8_1381_e1_1837.lus,l1l2,0.115,2,110,6,1,0,Not Found,invalid,5 2,0.435
/home/ubuntu/Lustre-exp/kind2-benchmarks/FMCAD08/Int/memory2/MESI_i4_e8_1381_e4_313.lus,l1l2,0.129,2,123,7,1,0,Not Found,invalid,6 2,0.446
/home/ubuntu/Lustre-exp/kind2-benchmarks/FMCAD08/Int/memory2/MESI_i4.lus,l1l2,0.068,2,83,5,1,0,Not Found,invalid,4 2,0.405
/home/ubuntu/Lustre-exp/kind2-benchmarks/FMCAD08/Int/memory2/MOESI_1_e2_982_e7_492.lus,base,0.035,2,41,2,0,0,Not Found,valid,2,0.374
/home/ubuntu/Lustre-exp/kind2-benchmarks/FMCAD08/Int/memory2/MOESI_1_e3_1884_e7_1875.lus,l1l2,0.034,2,41,2,0,0,Not Found,valid,2,0.364
/home/ubuntu/Lustre-exp/kind2-benchmarks/FMCAD08/Int/memory2/MOESI_1.lus,l1l2,0.043,2,41,2,0,0,Not Found,valid,2,0.365
/home/ubuntu/Lustre-exp/kind2-benchmarks/FMCAD08/Int/memory2/MOESI_2_e1_1753_e1_1510.lus,base,0.011,0,2,0,0,0,Not Found,invalid,Not Found,0.348
/home/ubuntu/Lustre-exp/kind2-benchmarks/FMCAD08/Int/memory2/MOESI_2_e1_1753_e2_615.lus,l1l2,0.012,0,2,0,0,0,Not Found,invalid,Not Found,0.357
/home/ubuntu/Lustre-exp/kind2-benchmarks/FMCAD08/Int/memory2/MOESI_2_e1_1753_e3_2021.lus,base,0.032,1,15,2,0,0,Not Found,invalid,0,0.368
/home/ubuntu/Lustre-exp/kind2-benchmarks/FMCAD08/Int/memory2/MOESI_2_e1_1753.lus,base,0.025,2,20,1,0,0,Not Found,valid,1,0.365
/home/ubuntu/Lustre-exp/kind2-benchmarks/FMCAD08/Int/memory2/MOESI_2_e2_155.lus,l1l2,0.025,2,20,1,0,0,Not Found,valid,1,0.364
/home/ubuntu/Lustre-exp/kind2-benchmarks/FMCAD08/Int/memory2/MOESI_2_e2_1599_e1_2383.lus,base,0.012,0,2,0,0,0,Not Found,invalid,Not Found,0.346
/home/ubuntu/Lustre-exp/kind2-benchmarks/FMCAD08/Int/memory2/MOESI_2_e2_1599_e2_1815.lus,l1l2,0.014,0,2,0,0,0,Not Found,invalid,Not Found,0.347
/home/ubuntu/Lustre-exp/kind2-benchmarks/FMCAD08/Int/memory2/MOESI_2_e2_1599_e3_1658.lus,l1l2,0.041,1,15,2,0,0,Not Found,invalid,0,0.377
/home/ubuntu/Lustre-exp/kind2-benchmarks/FMCAD08/Int/memory2/MOESI_2_e2_1599_e8_1334.lus,base,0.029,2,20,1,0,0,Not Found,valid,1,0.369
/home/ubuntu/Lustre-exp/kind2-benchmarks/FMCAD08/Int/memory2/MOESI_2_e3_929_e1_2319.lus,l1l2,0.013,0,2,0,0,0,Not Found,invalid,Not Found,0.356
/home/ubuntu/Lustre-exp/kind2-benchmarks/FMCAD08/Int/memory2/MOESI_2_e3_929_e2_2421.lus,l1l2,0.012,0,2,0,0,0,Not Found,invalid,Not Found,0.356
/home/ubuntu/Lustre-exp/kind2-benchmarks/FMCAD08/Int/memory2/MOESI_2_e3_929_e3_2294.lus,l1l2,0.039,1,17,2,0,0,Not Found,invalid,0,0.376
/home/ubuntu/Lustre-exp/kind2-benchmarks/FMCAD08/Int/memory2/MOESI_2_e3_929_e4_578.lus,base,0.022,2,20,1,0,0,Not Found,valid,1,0.364
/home/ubuntu/Lustre-exp/kind2-benchmarks/FMCAD08/Int/memory2/MOESI_2_e3_929_e5_1826.lus,l1l2,0.030,2,20,1,0,0,Not Found,valid,1,0.365
/home/ubuntu/Lustre-exp/kind2-benchmarks/FMCAD08/Int/memory2/MOESI_2_e3_929_e6_2707.lus,l1l2,0.030,2,20,1,0,0,Not Found,valid,1,0.364
/home/ubuntu/Lustre-exp/kind2-benchmarks/FMCAD08/Int/memory2/MOESI_2_e3_929_e7_619.lus,l1l2,0.014,0,2,0,0,0,Not Found,invalid,Not Found,0.354
/home/ubuntu/Lustre-exp/kind2-benchmarks/FMCAD08/Int/memory2/MOESI_2_e3_929_e8_1167.lus,l1l2,0.027,2,22,1,0,0,Not Found,valid,1,0.364
/home/ubuntu/Lustre-exp/kind2-benchmarks/FMCAD08/Int/memory2/MOESI_2_e3_929.lus,base,0.023,2,20,1,0,0,Not Found,valid,1,0.364
/home/ubuntu/Lustre-exp/kind2-benchmarks/FMCAD08/Int/memory2/MOESI_2_e7_2607.lus,l1l2,0.015,0,2,0,0,0,Not Found,invalid,Not Found,0.366
/home/ubuntu/Lustre-exp/kind2-benchmarks/FMCAD08/Int/memory2/MOESI_2_e7_2910_e1_1021.lus,base,0.011,0,2,0,0,0,Not Found,invalid,Not Found,0.356
/home/ubuntu/Lustre-exp/kind2-benchmarks/FMCAD08/Int/memory2/MOESI_2_e7_2910_e2_611.lus,l1l2,0.013,0,2,0,0,0,Not Found,invalid,Not Found,0.368
/home/ubuntu/Lustre-exp/kind2-benchmarks/FMCAD08/Int/memory2/MOESI_2_e7_2910_e7_1804.lus,base,0.012,0,2,0,0,0,Not Found,invalid,Not Found,0.347
/home/ubuntu/Lustre-exp/kind2-benchmarks/FMCAD08/Int/memory2/MOESI_2_e8_101.lus,l1l2,0.025,2,22,1,0,0,Not Found,valid,1,0.364
/home/ubuntu/Lustre-exp/kind2-benchmarks/FMCAD08/Int/memory2/MOESI_2_e8_926_e1_1065.lus,l1l2,0.032,2,20,1,0,0,Not Found,valid,1,0.375
/home/ubuntu/Lustre-exp/kind2-benchmarks/FMCAD08/Int/memory2/MOESI_2_e8_926_e7_961.lus,base,0.011,0,2,0,0,0,Not Found,invalid,Not Found,0.347
/home/ubuntu/Lustre-exp/kind2-benchmarks/FMCAD08/Int/memory2/MOESI_2_e8_926_e8_2138.lus,base,0.024,2,22,1,0,0,Not Found,valid,1,0.375
/home/ubuntu/Lustre-exp/kind2-benchmarks/FMCAD08/Int/memory2/MOESI_2.lus,base,0.023,2,20,1,0,0,Not Found,valid,1,0.363
/home/ubuntu/Lustre-exp/kind2-benchmarks/FMCAD08/Int/memory2/MOESI_all_e3_2032_e3_2788.lus,l1l2,0.021,1,9,1,0,0,Not Found,invalid,0,0.376
/home/ubuntu/Lustre-exp/kind2-benchmarks/FMCAD08/Int/memory2/MOESI_all.lus,base,0.045,2,51,3,0,0,Not Found,valid,3,0.385
/home/ubuntu/Lustre-exp/kind2-benchmarks/FMCAD08/Int/memory2/SYNAPSE_123_e2_1653.lus,base,0.009,0,2,0,0,0,Not Found,invalid,Not Found,0.345
/home/ubuntu/Lustre-exp/kind2-benchmarks/FMCAD08/Int/memory2/SYNAPSE_123_e3_302_e1_1141.lus,base,0.040,1,27,3,0,0,Not Found,invalid,1,0.376
/home/ubuntu/Lustre-exp/kind2-benchmarks/FMCAD08/Int/memory2/SYNAPSE_123_e3_302.lus,l1l2,0.036,1,27,3,0,0,Not Found,invalid,1,0.378
/home/ubuntu/Lustre-exp/kind2-benchmarks/FMCAD08/Int/memory2/SYNAPSE_123_e7_837_e2_1394.lus,l1l2,0.013,0,2,0,0,0,Not Found,invalid,Not Found,0.355
/home/ubuntu/Lustre-exp/kind2-benchmarks/FMCAD08/Int/memory2/SYNAPSE_123_e7_837_e3_135.lus,l1l2,0.045,1,27,3,0,0,Not Found,invalid,1,0.375
/home/ubuntu/Lustre-exp/kind2-benchmarks/FMCAD08/Int/memory2/SYNAPSE_123_e7_837_e7_1262.lus,l1l2,0.043,2,51,3,0,0,Not Found,valid,3,0.384
/home/ubuntu/Lustre-exp/kind2-benchmarks/FMCAD08/Int/memory2/SYNAPSE_123_e7_856.lus,base,0.040,2,49,3,0,0,Not Found,valid,3,0.373
/home/ubuntu/Lustre-exp/kind2-benchmarks/FMCAD08/Int/memory2/SYNAPSE_123_e8_953_e1_1128.lus,base,0.010,0,2,0,0,0,Not Found,invalid,Not Found,0.345
/home/ubuntu/Lustre-exp/kind2-benchmarks/FMCAD08/Int/memory2/SYNAPSE_123_e8_953_e2_458.lus,l1l2,0.010,0,2,0,0,0,Not Found,invalid,Not Found,0.345
/home/ubuntu/Lustre-exp/kind2-benchmarks/FMCAD08/Int/memory2/SYNAPSE_123_e8_953_e3_271.lus,base,0.044,1,27,3,0,0,Not Found,invalid,1,0.386
/home/ubuntu/Lustre-exp/kind2-benchmarks/FMCAD08/Int/memory2/SYNAPSE_123_e8_953_e7_1465.lus,l1l2,0.044,2,47,3,0,0,Not Found,valid,3,0.383
/home/ubuntu/Lustre-exp/kind2-benchmarks/FMCAD08/Int/memory2/SYNAPSE_123_e8_953_e8_941.lus,l1l2,0.049,2,49,3,0,0,Not Found,valid,3,0.384
/home/ubuntu/Lustre-exp/kind2-benchmarks/FMCAD08/Int/memory2/SYNAPSE_123_e8_953.lus,l1l2,0.056,2,49,3,0,0,Not Found,valid,3,0.384
/home/ubuntu/Lustre-exp/kind2-benchmarks/FMCAD08/Int/memory2/SYNAPSE_123.lus,l1l2,0.035,2,49,3,0,0,Not Found,valid,3,0.374
/home/ubuntu/Lustre-exp/kind2-benchmarks/FMCAD08/Int/memory2/SYNAPSE_1.lus,l1l2,0.019,2,25,1,0,0,Not Found,valid,1,0.351
/home/ubuntu/Lustre-exp/kind2-benchmarks/FMCAD08/Int/memory2/SYNAPSE_2_e1_1239_e1_1331.lus,l1l2,0.013,0,2,0,0,0,Not Found,invalid,Not Found,0.354
/home/ubuntu/Lustre-exp/kind2-benchmarks/FMCAD08/Int/memory2/SYNAPSE_2_e1_1239_e2_74.lus,base,0.010,0,2,0,0,0,Not Found,invalid,Not Found,0.353
/home/ubuntu/Lustre-exp/kind2-benchmarks/FMCAD08/Int/memory2/SYNAPSE_2_e1_1239.lus,l1l2,0.012,0,2,0,0,0,Not Found,invalid,Not Found,0.344
/home/ubuntu/Lustre-exp/kind2-benchmarks/FMCAD08/Int/memory2/SYNAPSE_2_e3_216.lus,l1l2,0.018,1,9,1,0,0,Not Found,invalid,0,0.354
/home/ubuntu/Lustre-exp/kind2-benchmarks/FMCAD08/Int/memory2/SYNAPSE_2_e8_1118_e1_667.lus,l1l2,0.010,0,2,0,0,0,Not Found,invalid,Not Found,0.344
/home/ubuntu/Lustre-exp/kind2-benchmarks/FMCAD08/Int/memory2/SYNAPSE_2_e8_1118_e2_237.lus,base,0.009,0,2,0,0,0,Not Found,invalid,Not Found,0.344
/home/ubuntu/Lustre-exp/kind2-benchmarks/FMCAD08/Int/memory2/SYNAPSE_2_e8_1118_e3_1216.lus,l1l2,0.030,1,15,2,0,0,Not Found,invalid,0,0.364
/home/ubuntu/Lustre-exp/kind2-benchmarks/FMCAD08/Int/memory2/SYNAPSE_2_e8_1118_e7_1043.lus,l1l2,0.017,2,20,1,0,0,Not Found,valid,1,0.351
/home/ubuntu/Lustre-exp/kind2-benchmarks/FMCAD08/Int/memory2/SYNAPSE_2_e8_1118_e8_1177.lus,base,0.016,2,20,1,0,0,Not Found,valid,1,0.351
/home/ubuntu/Lustre-exp/kind2-benchmarks/FMCAD08/Int/memory2/SYNAPSE_2_e8_656.lus,base,0.018,2,20,1,0,0,Not Found,valid,1,0.352
/home/ubuntu/Lustre-exp/kind2-benchmarks/FMCAD08/Int/memory2/SYNAPSE_2.lus,l1l2,0.017,2,20,1,0,0,Not Found,valid,1,0.353
/home/ubuntu/Lustre-exp/kind2-benchmarks/FMCAD08/Int/memory2/SYNAPSE_3_e1_1416_e1_1675.lus,base,0.009,0,2,0,0,0,Not Found,invalid,Not Found,0.343
/home/ubuntu/Lustre-exp/kind2-benchmarks/FMCAD08/Int/memory2/SYNAPSE_3_e1_1416_e2_753.lus,l1l2,0.012,0,2,0,0,0,Not Found,invalid,Not Found,0.354
/home/ubuntu/Lustre-exp/kind2-benchmarks/FMCAD08/Int/memory2/SYNAPSE_3_e1_1416_e3_1191.lus,l1l2,0.009,0,2,0,0,0,Not Found,invalid,Not Found,0.344
/home/ubuntu/Lustre-exp/kind2-benchmarks/FMCAD08/Int/memory2/SYNAPSE_3_e1_1416_e7_193.lus,l1l2,0.008,0,2,0,0,0,Not Found,invalid,Not Found,0.344
/home/ubuntu/Lustre-exp/kind2-benchmarks/FMCAD08/Int/memory2/SYNAPSE_3_e1_1416.lus,l1l2,0.012,0,2,0,0,0,Not Found,invalid,Not Found,0.342
/home/ubuntu/Lustre-exp/kind2-benchmarks/FMCAD08/Int/memory2/SYNAPSE_3_e3_1041.lus,l1l2,0.028,1,22,2,0,0,Not Found,invalid,0,0.363
/home/ubuntu/Lustre-exp/kind2-benchmarks/FMCAD08/Int/memory2/SYNAPSE_3_e7_1444_e7_638.lus,l1l2,0.023,2,20,1,0,0,Not Found,valid,1,0.374
/home/ubuntu/Lustre-exp/kind2-benchmarks/FMCAD08/Int/memory2/SYNAPSE_3_e7_425.lus,l1l2,0.025,2,22,1,0,0,Not Found,valid,1,0.353
/home/ubuntu/Lustre-exp/kind2-benchmarks/FMCAD08/Int/memory2/SYNAPSE_3_e8_1329_e1_1270.lus,base,0.009,0,2,0,0,0,Not Found,invalid,Not Found,0.344
/home/ubuntu/Lustre-exp/kind2-benchmarks/FMCAD08/Int/memory2/SYNAPSE_3_e8_1329_e2_236.lus,base,0.009,0,2,0,0,0,Not Found,invalid,Not Found,0.344
/home/ubuntu/Lustre-exp/kind2-benchmarks/FMCAD08/Int/memory2/SYNAPSE_3_e8_1329_e3_421.lus,l1l2,0.035,1,22,2,0,0,Not Found,invalid,0,0.364
/home/ubuntu/Lustre-exp/kind2-benchmarks/FMCAD08/Int/memory2/SYNAPSE_3_e8_1329_e7_1062.lus,l1l2,0.017,2,20,1,0,0,Not Found,valid,1,0.352
/home/ubuntu/Lustre-exp/kind2-benchmarks/FMCAD08/Int/memory2/SYNAPSE_3_e8_1329_e8_320.lus,base,0.018,2,25,1,0,0,Not Found,valid,1,0.351
/home/ubuntu/Lustre-exp/kind2-benchmarks/FMCAD08/Int/memory2/SYNAPSE_3_e8_1708.lus,base,0.020,2,27,1,0,0,Not Found,valid,1,0.362
/home/ubuntu/Lustre-exp/kind2-benchmarks/FMCAD08/Int/memory2/SYNAPSE_3.lus,base,0.022,2,27,1,0,0,Not Found,valid,1,0.352
/home/ubuntu/Lustre-exp/kind2-benchmarks/FMCAD08/Int/memory2/SYNAPSE_4_e8_420_e7_572.lus,base,0.023,2,24,1,0,0,Not Found,valid,1,0.372
/home/ubuntu/Lustre-exp/kind2-benchmarks/FMCAD08/Int/memory2/SYNAPSE_4_e8_420_e8_1525.lus,l1l2,0.023,2,28,1,0,0,Not Found,valid,1,0.352
/home/ubuntu/Lustre-exp/kind2-benchmarks/FMCAD08/Int/memory2/SYNAPSE_4_e8_974.lus,l1l2,0.022,2,28,1,0,0,Not Found,valid,1,0.351
/home/ubuntu/Lustre-exp/kind2-benchmarks/FMCAD08/Int/memory2/SYNAPSE_4.lus,base,0.019,2,28,1,0,0,Not Found,valid,1,0.350
/home/ubuntu/Lustre-exp/kind2-benchmarks/FMCAD08/Int/memory2/SYNAPSE_5_e1_811_e1_823.lus,base,0.016,1,9,1,0,0,Not Found,invalid,0,0.363
/home/ubuntu/Lustre-exp/kind2-benchmarks/FMCAD08/Int/memory2/SYNAPSE_5_e1_811_e2_1026.lus,base,0.018,1,9,1,0,0,Not Found,invalid,0,0.354
/home/ubuntu/Lustre-exp/kind2-benchmarks/FMCAD08/Int/memory2/SYNAPSE_5_e1_811.lus,base,0.016,1,9,1,0,0,Not Found,invalid,0,0.354
/home/ubuntu/Lustre-exp/kind2-benchmarks/FMCAD08/Int/memory1/FIREFLY_luke_1a_e2_284_e1_2924.lus,base,0.314,4,386,6,1,0,Not Found,timeout,7 6 4 2,290.244
/home/ubuntu/Lustre-exp/kind2-benchmarks/FMCAD08/Int/memory1/FIREFLY_luke_1a_e2_284_e2_2755.lus,base,0.366,4,423,7,2,0,Not Found,timeout,8 7 5 3,290.220
/home/ubuntu/Lustre-exp/kind2-benchmarks/FMCAD08/Int/memory1/FIREFLY_luke_1a_e2_284_e3_3091.lus,base,0.301,4,395,6,2,0,Not Found,timeout,7 6 4 2,290.292
/home/ubuntu/Lustre-exp/kind2-benchmarks/FMCAD08/Int/memory2/SYNAPSE_6_e2_1439_e1_954.lus,base,0.099,3,136,4,0,0,Not Found,valid,5 4,0.450
/home/ubuntu/Lustre-exp/kind2-benchmarks/FMCAD08/Int/memory2/SYNAPSE_6_e3_1666_e5_1558.lus,l1l2,0.087,3,132,5,1,0,Not Found,valid,6 4,0.406
/home/ubuntu/Lustre-exp/kind2-benchmarks/FMCAD08/Int/memory2/SYNAPSE_6_e7_938_e2_1012.lus,base,0.035,2,48,3,0,0,Not Found,valid,3,0.384
/home/ubuntu/Lustre-exp/kind2-benchmarks/FMCAD08/Int/memory2/SYNAPSE_6_e8_1147_e2_1326.lus,base,0.036,2,53,3,0,0,Not Found,valid,3,0.383
/home/ubuntu/Lustre-exp/kind2-benchmarks/FMCAD08/Int/memory2/SYNAPSE_6.lus,l1l2,0.042,2,55,3,0,0,Not Found,valid,3,0.375
/home/ubuntu/Lustre-exp/kind2-benchmarks/FMCAD08/Int/memory2/SYNAPSE_all_e3_1750.lus,base,0.043,1,40,4,0,0,Not Found,invalid,2,0.389
/home/ubuntu/Lustre-exp/kind2-benchmarks/FMCAD08/Int/memory2/SYNAPSE_all_e3_1864_e3_495.lus,l1l2,0.063,1,57,5,0,0,Not Found,invalid,3,0.408
/home/ubuntu/Lustre-exp/kind2-benchmarks/FMCAD08/Int/memory2/SYNAPSE_all_e3_1864_e4_34.lus,l1l2,0.012,0,2,0,0,0,Not Found,invalid,Not Found,0.357
/home/ubuntu/Lustre-exp/kind2-benchmarks/FMCAD08/Int/memory2/SYNAPSE_all_e3_1864_e5_1637.lus,l1l2,0.010,0,2,0,0,0,Not Found,invalid,Not Found,0.346
/home/ubuntu/Lustre-exp/kind2-benchmarks/FMCAD08/Int/memory2/SYNAPSE_all_e3_1864_e7_251.lus,base,0.034,1,22,3,0,0,Not Found,invalid,1,0.386
/home/ubuntu/Lustre-exp/kind2-benchmarks/FMCAD08/Int/memory2/SYNAPSE_all_e7_907_e7_1363.lus,base,0.040,2,54,4,0,0,Not Found,valid,4,0.384
/home/ubuntu/Lustre-exp/kind2-benchmarks/FMCAD08/Int/memory2/SYNAPSE_all_e7_907.lus,base,0.047,2,72,4,0,0,Not Found,valid,4,0.384
/home/ubuntu/Lustre-exp/kind2-benchmarks/FMCAD08/Int/memory2/SYNAPSE_all_e8_251_e1_1852.lus,l1l2,0.009,0,2,0,0,0,Not Found,invalid,Not Found,0.345
/home/ubuntu/Lustre-exp/kind2-benchmarks/FMCAD08/Int/memory2/SYNAPSE_all_e8_251_e2_1053.lus,l1l2,0.013,0,2,0,0,0,Not Found,invalid,Not Found,0.356
/home/ubuntu/Lustre-exp/kind2-benchmarks/FMCAD08/Int/memory2/SYNAPSE_all_e8_251_e3_1472.lus,base,0.020,1,9,1,0,0,Not Found,invalid,0,0.356
/home/ubuntu/Lustre-exp/kind2-benchmarks/FMCAD08/Int/memory2/SYNAPSE_all_e8_251.lus,l1l2,0.054,2,72,4,0,0,Not Found,valid,4,0.385
/home/ubuntu/Lustre-exp/kind2-benchmarks/FMCAD08/Int/memory2/SYNAPSE_all.lus,l1l2,0.055,2,68,4,0,0,Not Found,valid,4,0.383
/home/ubuntu/Lustre-exp/kind2-benchmarks/FMCAD08/Int/memory2/SYNAPSE_i1.lus,l1l2,0.010,0,2,0,0,0,Not Found,invalid,Not Found,0.344
/home/ubuntu/Lustre-exp/kind2-benchmarks/FMCAD08/Int/misc/_6countern.lus,base,0.005,0,1,0,0,0,Not Found,invalid,Not Found,0.340
/home/ubuntu/Lustre-exp/kind2-benchmarks/FMCAD08/Int/memory1/FIREFLY_luke_1a.lus,base,0.264,4,356,5,1,0,Not Found,timeout,6 5 3 2,290.226
/home/ubuntu/Lustre-exp/kind2-benchmarks/FMCAD08/Int/misc/_6counters_e8_371_e2_80.lus,l1l2,0.008,2,12,0,0,0,Not Found,valid,0,0.343
/home/ubuntu/Lustre-exp/kind2-benchmarks/FMCAD08/Int/memory1/FIREFLY_luke_4_e2_325.lus,base,0.060,1,44,3,0,0,Not Found,timeout,3,290.324
/home/ubuntu/Lustre-exp/kind2-benchmarks/FMCAD08/Int/misc/_6counters_e8_371_e7_304.lus,base,0.758,4,995,16,1,0,Not Found,invalid,17 14 11 8,1.101
/home/ubuntu/Lustre-exp/kind2-benchmarks/FMCAD08/Int/memory1/FIREFLY_luke_4.lus,base,0.293,4,356,5,1,0,Not Found,timeout,6 5 3 2,290.232
/home/ubuntu/Lustre-exp/kind2-benchmarks/FMCAD08/Int/memory1/FIREFLY_luke_5.lus,base,0.102,1,79,5,0,0,Not Found,timeout,5,290.350
/home/ubuntu/Lustre-exp/kind2-benchmarks/FMCAD08/Int/misc/durationThm_1_e1_350.lus,l1l2,0.009,0,2,0,0,0,Not Found,invalid,Not Found,0.344
/home/ubuntu/Lustre-exp/kind2-benchmarks/FMCAD08/Int/misc/_6counters.lus,base,3.730,9,4388,35,4,4,Not Found,invalid,32 30 26 22 19 16 13 9 5,4.119
/home/ubuntu/Lustre-exp/kind2-benchmarks/FMCAD08/Int/misc/durationThm_1_e3_389_e4_294.lus,l1l2,0.018,2,28,1,0,0,Not Found,valid,1,0.353
/home/ubuntu/Lustre-exp/kind2-benchmarks/FMCAD08/Int/misc/durationThm_1_e2_3.lus,base,0.017,2,28,1,0,0,Not Found,valid,1,0.362
/home/ubuntu/Lustre-exp/kind2-benchmarks/FMCAD08/Int/misc/durationThm_1_e3_389_e5_5.lus,base,0.017,2,23,1,0,0,Not Found,valid,1,0.351
/home/ubuntu/Lustre-exp/kind2-benchmarks/FMCAD08/Int/misc/durationThm_1_e7_217_e1_89.lus,base,0.009,0,2,0,0,0,Not Found,invalid,Not Found,0.343
/home/ubuntu/Lustre-exp/kind2-benchmarks/FMCAD08/Int/misc/durationThm_1_e3_389.lus,base,0.020,2,23,1,0,0,Not Found,valid,1,0.351
/home/ubuntu/Lustre-exp/kind2-benchmarks/FMCAD08/Int/misc/durationThm_1_e7_217_e2_352.lus,base,0.029,2,48,3,0,0,Not Found,valid,3,0.363
/home/ubuntu/Lustre-exp/kind2-benchmarks/FMCAD08/Int/misc/durationThm_1_e7_217_e7_31.lus,base,0.008,0,2,0,0,0,Not Found,invalid,Not Found,0.343
/home/ubuntu/Lustre-exp/kind2-benchmarks/FMCAD08/Int/misc/durationThm_1_e7_217_e3_132.lus,l1l2,0.035,2,46,3,0,0,Not Found,valid,3,0.382
/home/ubuntu/Lustre-exp/kind2-benchmarks/FMCAD08/Int/misc/durationThm_1_e7_217.lus,l1l2,0.042,1,44,4,0,0,Not Found,invalid,2,0.382
/home/ubuntu/Lustre-exp/kind2-benchmarks/FMCAD08/Int/misc/durationThm_2_e2_63.lus,base,0.029,2,45,3,0,0,Not Found,valid,3,0.362
/home/ubuntu/Lustre-exp/kind2-benchmarks/FMCAD08/Int/misc/durationThm_2_e3_329_e4_1.lus,l1l2,0.033,2,45,3,0,0,Not Found,valid,3,0.372
/home/ubuntu/Lustre-exp/kind2-benchmarks/FMCAD08/Int/misc/durationThm_2_e3_329_e5_124.lus,base,0.028,2,33,2,0,0,Not Found,valid,2,0.362
/home/ubuntu/Lustre-exp/kind2-benchmarks/FMCAD08/Int/misc/durationThm_2_e3_99.lus,l1l2,0.024,2,33,2,0,0,Not Found,valid,2,0.361
/home/ubuntu/Lustre-exp/kind2-benchmarks/FMCAD08/Int/misc/durationThm_2_e7_145_e1_343.lus,l1l2,0.010,0,2,0,0,0,Not Found,invalid,Not Found,0.344
/home/ubuntu/Lustre-exp/kind2-benchmarks/FMCAD08/Int/misc/durationThm_2_e7_145_e2_169.lus,l1l2,0.043,2,58,4,0,0,Not Found,valid,4,0.383
/home/ubuntu/Lustre-exp/kind2-benchmarks/FMCAD08/Int/misc/durationThm_2_e7_145_e3_222.lus,base,0.027,2,45,3,0,0,Not Found,valid,3,0.362
/home/ubuntu/Lustre-exp/kind2-benchmarks/FMCAD08/Int/misc/durationThm_2_e7_145_e7_154.lus,l1l2,0.011,0,2,0,0,0,Not Found,invalid,Not Found,0.353
/home/ubuntu/Lustre-exp/kind2-benchmarks/FMCAD08/Int/memory2/SYNAPSE_5_e2_1525.lus,base,0.040,1,38,3,0,0,Not Found,timeout,3,290.349
/home/ubuntu/Lustre-exp/kind2-benchmarks/FMCAD08/Int/misc/durationThm_2_e7_149.lus,l1l2,0.008,0,2,0,0,0,Not Found,invalid,Not Found,0.342
/home/ubuntu/Lustre-exp/kind2-benchmarks/FMCAD08/Int/memory2/SYNAPSE_5.lus,base,0.032,1,38,3,0,0,Not Found,timeout,3,290.343
/home/ubuntu/Lustre-exp/kind2-benchmarks/FMCAD08/Int/misc/durationThm_3_e1_36.lus,l1l2,0.018,1,9,1,0,0,Not Found,invalid,0,0.351
/home/ubuntu/Lustre-exp/kind2-benchmarks/FMCAD08/Int/misc/durationThm_3_e2_63.lus,base,0.016,2,24,1,0,0,Not Found,valid,1,0.350
/home/ubuntu/Lustre-exp/kind2-benchmarks/FMCAD08/Int/misc/durationThm_3_e3_207.lus,l1l2,0.023,2,24,1,0,0,Not Found,valid,1,0.351
/home/ubuntu/Lustre-exp/kind2-benchmarks/FMCAD08/Int/misc/durationThm_3_e3_442_e4_165.lus,base,0.016,2,24,1,0,0,Not Found,valid,1,0.350
/home/ubuntu/Lustre-exp/kind2-benchmarks/FMCAD08/Int/misc/durationThm_3_e3_442_e5_260.lus,l1l2,0.021,2,24,1,0,0,Not Found,valid,1,0.351
/home/ubuntu/Lustre-exp/kind2-benchmarks/FMCAD08/Int/misc/durationThm_3_e7_334_e1_431.lus,l1l2,0.015,1,9,1,0,0,Not Found,invalid,0,0.351
/home/ubuntu/Lustre-exp/kind2-benchmarks/FMCAD08/Int/misc/durationThm_3_e7_334_e2_62.lus,l1l2,0.050,2,69,4,0,0,Not Found,valid,4,0.370
/home/ubuntu/Lustre-exp/kind2-benchmarks/FMCAD08/Int/misc/durationThm_3_e7_334_e3_42.lus,base,0.038,2,65,4,0,0,Not Found,valid,4,0.370
/home/ubuntu/Lustre-exp/kind2-benchmarks/FMCAD08/Int/misc/durationThm_3_e7_334_e7_118.lus,l1l2,0.007,0,1,0,0,0,Not Found,invalid,Not Found,0.340
/home/ubuntu/Lustre-exp/kind2-benchmarks/FMCAD08/Int/misc/_6counters_e3_140_e8_149.lus,base,0.304,4,595,11,1,1,Not Found,timeout,10 8 6 3,290.275
/home/ubuntu/Lustre-exp/kind2-benchmarks/FMCAD08/Int/misc/durationThm_3_e7_334.lus,base,0.050,2,66,5,1,0,Not Found,invalid,1 0,0.381
/home/ubuntu/Lustre-exp/kind2-benchmarks/FMCAD08/Int/misc/_6counters_e8_371_e1_448.lus,base,0.333,4,652,12,1,1,Not Found,timeout,11 9 7 4,290.285
/home/ubuntu/Lustre-exp/kind2-benchmarks/FMCAD08/Int/misc/ex3.lus,l1l2,0.063,3,95,3,0,0,Not Found,valid,3 2,0.392
/home/ubuntu/Lustre-exp/kind2-benchmarks/FMCAD08/Int/misc/ex8_e7_74_e7_740.lus,l1l2,0.010,2,13,0,0,0,Not Found,invalid,0,0.342
/home/ubuntu/Lustre-exp/kind2-benchmarks/FMCAD08/Int/misc/ex8_e7_74_e8_302.lus,base,0.015,2,13,0,0,0,Not Found,invalid,0,0.343
/home/ubuntu/Lustre-exp/kind2-benchmarks/FMCAD08/Int/misc/ex8_e7_74.lus,l1l2,0.010,2,13,0,0,0,Not Found,invalid,0,0.344
/home/ubuntu/Lustre-exp/kind2-benchmarks/FMCAD08/Int/misc/ex8_e8_220_e7_249.lus,base,0.013,2,13,0,0,0,Not Found,invalid,0,0.342
/home/ubuntu/Lustre-exp/kind2-benchmarks/FMCAD08/Int/misc/ex8_e8_220.lus,base,0.011,2,13,0,0,0,Not Found,invalid,0,0.345
/home/ubuntu/Lustre-exp/kind2-benchmarks/FMCAD08/Int/misc/ex8.lus,l1l2,0.014,2,13,0,0,0,Not Found,invalid,0,0.342
/home/ubuntu/Lustre-exp/kind2-benchmarks/FMCAD08/Int/misc/ticket3i_1_e7_1669.lus,l1l2,0.074,1,38,3,0,0,Not Found,valid,2,0.407
/home/ubuntu/Lustre-exp/kind2-benchmarks/FMCAD08/Int/misc/ticket3i_1.lus,l1l2,0.062,2,56,3,0,0,Not Found,valid,3,0.417
/home/ubuntu/Lustre-exp/kind2-benchmarks/FMCAD08/Int/misc/ticket3i_2.lus,l1l2,0.037,2,24,1,0,0,Not Found,valid,1,0.388
/home/ubuntu/Lustre-exp/kind2-benchmarks/FMCAD08/Int/misc/ticket3i_3_e7_1312_e7_1495.lus,l1l2,0.015,0,2,0,0,0,Not Found,invalid,Not Found,0.370
/home/ubuntu/Lustre-exp/kind2-benchmarks/FMCAD08/Int/misc/ticket3i_3_e7_1312_e8_1916.lus,base,0.033,2,24,1,0,0,Not Found,valid,1,0.377
/home/ubuntu/Lustre-exp/kind2-benchmarks/FMCAD08/Int/misc/ticket3i_3_e7_99.lus,base,0.013,0,2,0,0,0,Not Found,invalid,Not Found,0.374
/home/ubuntu/Lustre-exp/kind2-benchmarks/FMCAD08/Int/misc/ticket3i_3_e8_1703_e7_3491.lus,base,0.014,0,2,0,0,0,Not Found,invalid,Not Found,0.370
/home/ubuntu/Lustre-exp/kind2-benchmarks/FMCAD08/Int/misc/ticket3i_3_e8_1703_e8_2560.lus,l1l2,0.036,2,24,1,0,0,Not Found,valid,1,0.377
/home/ubuntu/Lustre-exp/kind2-benchmarks/FMCAD08/Int/misc/ticket3i_3_e8_1703.lus,l1l2,0.046,2,37,2,0,0,Not Found,valid,2,0.399
/home/ubuntu/Lustre-exp/kind2-benchmarks/FMCAD08/Int/misc/ticket3i_3.lus,l1l2,0.040,2,24,1,0,0,Not Found,valid,1,0.387
/home/ubuntu/Lustre-exp/kind2-benchmarks/FMCAD08/Int/misc/ticket3i_4_e7_1775_e7_3320.lus,l1l2,0.065,2,39,2,0,0,Not Found,valid,2,0.399
/home/ubuntu/Lustre-exp/kind2-benchmarks/FMCAD08/Int/misc/ticket3i_4.lus,l1l2,0.056,2,39,2,0,0,Not Found,valid,2,0.396
/home/ubuntu/Lustre-exp/kind2-benchmarks/FMCAD08/Int/misc/ticket3i_5_e7_3307.lus,base,0.046,2,39,2,0,0,Not Found,valid,2,0.389
/home/ubuntu/Lustre-exp/kind2-benchmarks/FMCAD08/Int/misc/ticket3i_5.lus,l1l2,0.044,2,39,2,0,0,Not Found,valid,2,0.397
/home/ubuntu/Lustre-exp/kind2-benchmarks/FMCAD08/Int/misc/ticket3i_6_e7_1096_e7_2688.lus,l1l2,0.038,2,29,2,0,0,Not Found,valid,2,0.387
/home/ubuntu/Lustre-exp/kind2-benchmarks/FMCAD08/Int/misc/ticket3i_6.lus,base,0.042,2,39,2,0,0,Not Found,valid,2,0.388
/home/ubuntu/Lustre-exp/kind2-benchmarks/FMCAD08/Int/misc/ticket3i_7_e1_2192_e1_1852.lus,l1l2,0.176,2,140,8,0,0,Not Found,valid,8,0.511
/home/ubuntu/Lustre-exp/kind2-benchmarks/FMCAD08/Int/misc/ticket3i_7_e2_2724_e7_524.lus,l1l2,0.141,2,105,6,0,0,Not Found,valid,6,0.469
/home/ubuntu/Lustre-exp/kind2-benchmarks/FMCAD08/Int/misc/ticket3i_7_e3_59_e7_2122.lus,l1l2,0.140,1,83,6,0,0,Not Found,valid,5,0.461
/home/ubuntu/Lustre-exp/kind2-benchmarks/FMCAD08/Int/misc/ticket3i_7_e7_3176_e1_2924.lus,l1l2,0.156,2,126,7,0,0,Not Found,valid,7,0.498
/home/ubuntu/Lustre-exp/kind2-benchmarks/FMCAD08/Int/misc/ticket3i_7_e7_3176.lus,base,0.117,2,105,6,0,0,Not Found,valid,6,0.472
/home/ubuntu/Lustre-exp/kind2-benchmarks/FMCAD08/Int/misc/ticket3i_7_e8_2126_e7_78.lus,base,0.122,2,105,6,0,0,Not Found,valid,6,0.467
/home/ubuntu/Lustre-exp/kind2-benchmarks/FMCAD08/Int/misc/ticket3i_7.lus,l1l2,0.130,1,85,6,0,0,Not Found,valid,5,0.467
/home/ubuntu/Lustre-exp/kind2-benchmarks/FMCAD08/Int/misc/ticket3i_all_e1_2706_e7_1776.lus,base,0.113,2,100,6,0,0,Not Found,valid,6,0.469
/home/ubuntu/Lustre-exp/kind2-benchmarks/FMCAD08/Int/misc/ticket3i_all_e2_1117_e7_553.lus,l1l2,0.143,3,166,7,0,0,Not Found,valid,1 0,0.461
/home/ubuntu/Lustre-exp/kind2-benchmarks/FMCAD08/Int/misc/ticket3i_all_e3_557_e7_3464.lus,l1l2,0.122,2,102,6,0,0,Not Found,valid,6,0.471
/home/ubuntu/Lustre-exp/kind2-benchmarks/FMCAD08/Int/misc/ticket3i_all_e7_591.lus,base,0.113,2,100,6,0,0,Not Found,valid,6,0.470
/home/ubuntu/Lustre-exp/kind2-benchmarks/FMCAD08/Int/misc/ticket3i_all_e8_505_e7_2450.lus,l1l2,0.146,2,116,7,0,0,Not Found,valid,7,0.501
/home/ubuntu/Lustre-exp/kind2-benchmarks/FMCAD08/Int/misc/ticket3i_all.lus,l1l2,0.127,1,85,6,0,0,Not Found,valid,5,0.449
/home/ubuntu/Lustre-exp/kind2-benchmarks/FMCAD08/Int/misc/traffic_e7_46_e7_171.lus,l1l2,0.007,0,1,0,0,0,Not Found,invalid,Not Found,0.341
/home/ubuntu/Lustre-exp/kind2-benchmarks/FMCAD08/Int/misc/traffic_e7_46.lus,base,0.006,0,1,0,0,0,Not Found,invalid,Not Found,0.351
/home/ubuntu/Lustre-exp/kind2-benchmarks/FMCAD08/Int/misc/traffic.lus,base,0.022,2,38,2,0,0,Not Found,valid,2,0.360
/home/ubuntu/Lustre-exp/kind2-benchmarks/FMCAD08/Int/misc/two_counters_e1_268.lus,l1l2,0.008,0,2,0,0,0,Not Found,invalid,Not Found,0.341
/home/ubuntu/Lustre-exp/kind2-benchmarks/FMCAD08/Int/misc/two_counters_e2_3.lus,l1l2,0.014,1,9,1,0,0,Not Found,invalid,0,0.362
/home/ubuntu/Lustre-exp/kind2-benchmarks/FMCAD08/Int/misc/two_counters_e3_325.lus,l1l2,0.014,1,17,2,0,0,Not Found,invalid,0,0.351
/home/ubuntu/Lustre-exp/kind2-benchmarks/FMCAD08/Int/misc/two_counters_e7_222.lus,l1l2,0.006,0,2,0,0,0,Not Found,invalid,Not Found,0.340
/home/ubuntu/Lustre-exp/kind2-benchmarks/FMCAD08/Int/misc/two_counters.lus,l1l2,0.907,6,1574,20,4,5,Not Found,valid,25 23 18 14 7,1.250
/home/ubuntu/Lustre-exp/kind2-benchmarks/FMCAD08/Int/misc/twisted_counters.lus,base,2.653,9,3683,28,3,7,Not Found,valid,35 33 28 25 24 22 19 11,3.002
/home/ubuntu/Lustre-exp/kind2-benchmarks/FMCAD08/Int/protocol/peterson_1_e7_4234.lus,base,0.077,2,38,2,0,0,Not Found,valid,2,0.436
/home/ubuntu/Lustre-exp/kind2-benchmarks/FMCAD08/Int/protocol/peterson_1.lus,l1l2,0.091,2,43,2,0,0,Not Found,valid,2,0.438
/home/ubuntu/Lustre-exp/kind2-benchmarks/FMCAD08/Int/protocol/peterson_2.lus,l1l2,0.095,2,39,2,0,0,Not Found,valid,2,0.434
/home/ubuntu/Lustre-exp/kind2-benchmarks/FMCAD08/Int/protocol/peterson_3.lus,l1l2,0.086,2,43,2,0,0,Not Found,valid,2,0.455
/home/ubuntu/Lustre-exp/kind2-benchmarks/FMCAD08/Int/protocol/peterson_4.lus,base,0.081,2,41,2,0,0,Not Found,valid,2,0.445
/home/ubuntu/Lustre-exp/kind2-benchmarks/FMCAD08/Int/protocol/peterson_all.lus,l1l2,0.148,1,43,4,0,0,Not Found,valid,2,0.496
/home/ubuntu/Lustre-exp/kind2-benchmarks/FMCAD08/Int/protocol/peterson_vt.lus,base,0.213,2,64,5,1,0,Not Found,invalid,2 1,0.596
/home/ubuntu/Lustre-exp/kind2-benchmarks/FMCAD08/Int/protocol/readwrit.lus,l1l2,0.040,2,25,1,0,0,Not Found,valid,1,0.380
/home/ubuntu/Lustre-exp/kind2-benchmarks/FMCAD08/Int/protocol/rtp_10_e7_106_e7_2564.lus,base,0.064,2,41,2,0,0,Not Found,valid,2,0.441
/home/ubuntu/Lustre-exp/kind2-benchmarks/FMCAD08/Int/protocol/rtp_10.lus,l1l2,0.041,2,25,1,0,0,Not Found,valid,1,0.389
/home/ubuntu/Lustre-exp/kind2-benchmarks/FMCAD08/Int/protocol/rtp_1.lus,l1l2,0.044,2,27,1,0,0,Not Found,valid,1,0.418
/home/ubuntu/Lustre-exp/kind2-benchmarks/FMCAD08/Int/protocol/rtp_2.lus,l1l2,0.085,2,58,3,0,0,Not Found,valid,3,0.430
/home/ubuntu/Lustre-exp/kind2-benchmarks/FMCAD08/Int/protocol/rtp_3.lus,l1l2,0.063,2,41,2,0,0,Not Found,valid,2,0.419
/home/ubuntu/Lustre-exp/kind2-benchmarks/FMCAD08/Int/protocol/rtp_4.lus,l1l2,0.060,2,43,2,0,0,Not Found,valid,2,0.429
/home/ubuntu/Lustre-exp/kind2-benchmarks/FMCAD08/Int/protocol/rtp_5_e7_3972.lus,base,0.077,2,43,2,0,0,Not Found,valid,2,0.449
/home/ubuntu/Lustre-exp/kind2-benchmarks/FMCAD08/Int/protocol/rtp_5.lus,base,0.042,2,27,1,0,0,Not Found,valid,1,0.400
/home/ubuntu/Lustre-exp/kind2-benchmarks/FMCAD08/Int/protocol/rtp_6.lus,base,0.060,2,41,2,0,0,Not Found,valid,2,0.419
/home/ubuntu/Lustre-exp/kind2-benchmarks/FMCAD08/Int/protocol/rtp_7.lus,base,0.041,2,25,1,0,0,Not Found,valid,1,0.401
/home/ubuntu/Lustre-exp/kind2-benchmarks/FMCAD08/Int/protocol/rtp_8.lus,l1l2,0.066,2,41,2,0,0,Not Found,valid,2,0.408
/home/ubuntu/Lustre-exp/kind2-benchmarks/FMCAD08/Int/misc/_6counters_e8_371_e3_224.lus,base,0.337,4,595,11,1,1,Not Found,timeout,10 8 6 3,290.284
/home/ubuntu/Lustre-exp/kind2-benchmarks/FMCAD08/Int/protocol/rtp_9.lus,base,0.058,2,41,2,0,0,Not Found,valid,2,0.435
/home/ubuntu/Lustre-exp/kind2-benchmarks/FMCAD08/Int/protocol/rtp_all_e7_2500.lus,l1l2,0.450,1,272,14,0,0,Not Found,valid,13,0.777
/home/ubuntu/Lustre-exp/kind2-benchmarks/FMCAD08/Int/protocol/rtp_all.lus,l1l2,0.405,2,252,12,0,0,Not Found,valid,12,0.752
/home/ubuntu/Lustre-exp/kind2-benchmarks/FMCAD08/Int/protocol/swimmingpool_1_e7_1621.lus,l1l2,0.169,2,89,7,1,0,Not Found,invalid,5 4,0.508
/home/ubuntu/Lustre-exp/kind2-benchmarks/FMCAD08/Int/protocol/swimmingpool_2.lus,l1l2,0.014,0,2,0,0,0,Not Found,invalid,Not Found,0.362
/home/ubuntu/Lustre-exp/kind2-benchmarks/FMCAD08/Int/protocol/swimmingpool_1.lus,l1l2,0.827,4,639,13,2,0,Not Found,invalid,8 6 3 1,1.178
/home/ubuntu/Lustre-exp/kind2-benchmarks/FMCAD08/Int/protocol/swimmingpool_3.lus,l1l2,0.050,1,30,2,0,0,Not Found,invalid,0,0.383
/home/ubuntu/Lustre-exp/kind2-benchmarks/FMCAD08/Int/protocol/swimmingpool_4_e7_2197.lus,l1l2,0.136,2,111,6,1,0,Not Found,invalid,6 2,0.462
/home/ubuntu/Lustre-exp/kind2-benchmarks/FMCAD08/Int/protocol/swimmingpool_4.lus,base,0.082,2,58,4,1,0,Not Found,invalid,2 1,0.447
/home/ubuntu/Lustre-exp/kind2-benchmarks/FMCAD08/Int/protocol/swimmingpool_5.lus,l1l2,0.133,2,113,6,1,0,Not Found,invalid,3 2,0.465
/home/ubuntu/Lustre-exp/kind2-benchmarks/FMCAD08/Int/protocol/swimmingpool_6_e7_10_e7_341.lus,l1l2,0.615,4,496,14,2,0,Not Found,invalid,7 6 4 2,0.892
/home/ubuntu/Lustre-exp/kind2-benchmarks/FMCAD08/Int/protocol/swimmingpool_6_e7_399.lus,l1l2,0.444,4,386,10,1,0,Not Found,invalid,7 4 3 2,0.760
/home/ubuntu/Lustre-exp/kind2-benchmarks/FMCAD08/Int/protocol/swimmingpool_6.lus,base,0.231,3,207,8,1,0,Not Found,invalid,5 4 2,0.575
/home/ubuntu/Lustre-exp/kind2-benchmarks/FMCAD08/Int/protocol/swimmingpool_7.lus,l1l2,0.162,3,174,6,1,0,Not Found,invalid,9 5,0.494
/home/ubuntu/Lustre-exp/kind2-benchmarks/FMCAD08/Int/protocol/swimmingpool_8.lus,base,0.184,2,127,9,1,0,Not Found,invalid,6 2,0.535
/home/ubuntu/Lustre-exp/kind2-benchmarks/FMCAD08/Int/simulation/car_1_e7_184_e3_299.lus,l1l2,0.032,2,39,2,0,0,Not Found,valid,2,0.361
/home/ubuntu/Lustre-exp/kind2-benchmarks/FMCAD08/Int/protocol/swimmingpool_9.lus,l1l2,0.509,3,454,9,1,0,Not Found,invalid,11 9 7,0.761
/home/ubuntu/Lustre-exp/kind2-benchmarks/FMCAD08/Int/simulation/car_1.lus,base,0.025,2,39,2,0,0,Not Found,valid,2,0.371
/home/ubuntu/Lustre-exp/kind2-benchmarks/FMCAD08/Int/simulation/car_2_e7_1027_e1_1047.lus,base,0.040,3,79,2,0,0,Not Found,valid,2 1,0.383
/home/ubuntu/Lustre-exp/kind2-benchmarks/FMCAD08/Int/simulation/car_2_e7_1027_e7_359.lus,base,0.082,4,167,4,0,0,Not Found,valid,5 4 2,0.413
/home/ubuntu/Lustre-exp/kind2-benchmarks/FMCAD08/Int/simulation/car_2_e8_491_e7_826.lus,base,0.042,3,89,2,0,0,Not Found,valid,3 2,0.384
/home/ubuntu/Lustre-exp/kind2-benchmarks/FMCAD08/Int/simulation/car_2.lus,l1l2,0.080,4,149,2,0,0,Not Found,valid,2 1 0,0.404
/home/ubuntu/Lustre-exp/kind2-benchmarks/FMCAD08/Int/simulation/car_3_e1_586.lus,l1l2,0.016,1,9,1,0,0,Not Found,invalid,0,0.359
/home/ubuntu/Lustre-exp/kind2-benchmarks/FMCAD08/Int/simulation/car_3_e2_695.lus,base,0.017,2,27,1,0,0,Not Found,valid,1,0.352
/home/ubuntu/Lustre-exp/kind2-benchmarks/FMCAD08/Int/simulation/car_3_e7_626_e1_305.lus,l1l2,0.015,1,9,1,0,0,Not Found,invalid,0,0.364
/home/ubuntu/Lustre-exp/kind2-benchmarks/FMCAD08/Int/simulation/car_3_e7_626.lus,base,0.038,3,79,2,0,0,Not Found,valid,2 1,0.371
/home/ubuntu/Lustre-exp/kind2-benchmarks/FMCAD08/Int/simulation/car_3_e8_33_e1_856.lus,l1l2,0.019,1,9,1,0,0,Not Found,invalid,0,0.357
/home/ubuntu/Lustre-exp/kind2-benchmarks/FMCAD08/Int/simulation/car_3_e8_33_e2_1010.lus,base,0.021,2,27,1,0,0,Not Found,valid,1,0.351
/home/ubuntu/Lustre-exp/kind2-benchmarks/FMCAD08/Int/simulation/car_3_e8_33_e7_220.lus,l1l2,0.041,3,75,2,0,0,Not Found,valid,2 1,0.383
/home/ubuntu/Lustre-exp/kind2-benchmarks/FMCAD08/Int/simulation/car_3_e8_33.lus,l1l2,0.042,3,78,2,0,0,Not Found,valid,2 1,0.372
/home/ubuntu/Lustre-exp/kind2-benchmarks/FMCAD08/Int/simulation/car_3.lus,l1l2,0.053,3,81,2,0,0,Not Found,valid,2 1,0.384
/home/ubuntu/Lustre-exp/kind2-benchmarks/FMCAD08/Int/simulation/car_4_e3_57_e4_1047.lus,l1l2,0.019,2,25,1,0,0,Not Found,valid,1,0.360
/home/ubuntu/Lustre-exp/kind2-benchmarks/FMCAD08/Int/simulation/car_4_e3_57_e5_999.lus,l1l2,0.009,0,2,0,0,0,Not Found,invalid,Not Found,0.343
/home/ubuntu/Lustre-exp/kind2-benchmarks/FMCAD08/Int/simulation/car_4_e3_57_e6_784.lus,l1l2,0.024,2,39,2,0,0,Not Found,valid,2,0.361
/home/ubuntu/Lustre-exp/kind2-benchmarks/FMCAD08/Int/simulation/car_4_e3_57.lus,l1l2,0.012,0,2,0,0,0,Not Found,invalid,Not Found,0.352
/home/ubuntu/Lustre-exp/kind2-benchmarks/FMCAD08/Int/simulation/car_4_e7_592_e3_442.lus,l1l2,0.009,0,2,0,0,0,Not Found,invalid,Not Found,0.352
/home/ubuntu/Lustre-exp/kind2-benchmarks/FMCAD08/Int/simulation/car_4_e7_592_e7_265.lus,base,0.023,2,34,2,0,0,Not Found,valid,2,0.376
/home/ubuntu/Lustre-exp/kind2-benchmarks/FMCAD08/Int/simulation/car_4_e7_592.lus,l1l2,0.049,3,87,3,0,0,Not Found,valid,1 0,0.364
/home/ubuntu/Lustre-exp/kind2-benchmarks/FMCAD08/Int/simulation/car_4_e8_118_e3_514.lus,l1l2,0.009,0,2,0,0,0,Not Found,invalid,Not Found,0.344
/home/ubuntu/Lustre-exp/kind2-benchmarks/FMCAD08/Int/simulation/car_4_e8_118_e7_178.lus,l1l2,0.050,3,92,3,0,0,Not Found,valid,1 0,0.382
/home/ubuntu/Lustre-exp/kind2-benchmarks/FMCAD08/Int/simulation/car_4_e8_118.lus,base,0.019,2,25,1,0,0,Not Found,valid,1,0.365
/home/ubuntu/Lustre-exp/kind2-benchmarks/FMCAD08/Int/simulation/car_4.lus,base,0.025,2,39,2,0,0,Not Found,valid,2,0.362
/home/ubuntu/Lustre-exp/kind2-benchmarks/FMCAD08/Int/simulation/car_5_e2_405_e2_1083.lus,l1l2,0.195,2,135,10,0,0,Not Found,invalid,8 1,0.527
/home/ubuntu/Lustre-exp/kind2-benchmarks/FMCAD08/Int/simulation/car_5_e2_405_e3_473.lus,base,0.173,2,135,10,0,0,Not Found,invalid,8 1,0.518
/home/ubuntu/Lustre-exp/kind2-benchmarks/FMCAD08/Int/simulation/car_5_e2_405_e8_1055.lus,base,0.191,2,135,10,0,0,Not Found,invalid,8 1,0.528
/home/ubuntu/Lustre-exp/kind2-benchmarks/FMCAD08/Int/simulation/car_5_e3_11_e1_429.lus,base,0.211,2,135,10,0,0,Not Found,invalid,8 1,0.548
/home/ubuntu/Lustre-exp/kind2-benchmarks/FMCAD08/Int/simulation/car_5_e3_11_e5_24.lus,base,0.213,2,135,10,0,0,Not Found,invalid,8 1,0.550
/home/ubuntu/Lustre-exp/kind2-benchmarks/FMCAD08/Int/simulation/car_5_e3_661.lus,base,0.196,2,135,10,0,0,Not Found,invalid,8 1,0.538
/home/ubuntu/Lustre-exp/kind2-benchmarks/FMCAD08/Int/simulation/car_5_e7_244_e2_693.lus,base,0.194,2,131,10,0,0,Not Found,invalid,8 1,0.527
/home/ubuntu/Lustre-exp/kind2-benchmarks/FMCAD08/Int/simulation/car_5_e7_244_e3_1071.lus,base,0.215,2,144,11,0,0,Not Found,invalid,9 2,0.546
/home/ubuntu/Lustre-exp/kind2-benchmarks/FMCAD08/Int/simulation/car_5_e7_244_e1_823.lus,l1l2,5.340,10,4359,40,2,2,Not Found,valid,16 15 13 11 8 6 4 3 1 0,5.608
/home/ubuntu/Lustre-exp/kind2-benchmarks/FMCAD08/Int/misc/durationThm_2_e1_301.lus,base,0.042,1,45,4,0,0,Not Found,timeout,4,290.274
/home/ubuntu/Lustre-exp/kind2-benchmarks/FMCAD08/Int/misc/durationThm_1.lus,base,0.030,1,31,2,0,0,Not Found,timeout,2,290.337
/home/ubuntu/Lustre-exp/kind2-benchmarks/FMCAD08/Int/misc/durationThm_2_e7_145_e8_73.lus,base,0.043,1,43,4,0,0,Not Found,timeout,4,290.307
/home/ubuntu/Lustre-exp/kind2-benchmarks/FMCAD08/Int/simulation/car_6_e1_152.lus,base,3.116,8,3386,38,0,1,Not Found,valid,16 14 11 9 6 5 3,3.460
/home/ubuntu/Lustre-exp/kind2-benchmarks/FMCAD08/Int/simulation/car_6_e2_589_e2_506.lus,base,0.173,2,159,12,0,0,Not Found,invalid,10 1,0.518
/home/ubuntu/Lustre-exp/kind2-benchmarks/FMCAD08/Int/simulation/car_6_e1_152_e1_391.lus,base,3.254,9,3709,34,0,6,Not Found,valid,21 20 18 15 14 12 10 4,3.650
/home/ubuntu/Lustre-exp/kind2-benchmarks/FMCAD08/Int/simulation/car_6_e2_589_e3_349.lus,base,0.168,2,159,12,0,0,Not Found,invalid,10 1,0.510
/home/ubuntu/Lustre-exp/kind2-benchmarks/FMCAD08/Int/simulation/car_6_e2_893.lus,base,0.214,2,172,13,0,0,Not Found,invalid,11 2,0.548
/home/ubuntu/Lustre-exp/kind2-benchmarks/FMCAD08/Int/simulation/car_6_e3_294_e1_956.lus,l1l2,0.254,2,159,12,0,0,Not Found,invalid,10 1,0.576
/home/ubuntu/Lustre-exp/kind2-benchmarks/FMCAD08/Int/simulation/car_6_e3_294_e3_47.lus,l1l2,0.247,2,172,13,0,0,Not Found,invalid,11 2,0.588
/home/ubuntu/Lustre-exp/kind2-benchmarks/FMCAD08/Int/simulation/car_6_e3_294_e5_979.lus,base,0.205,2,172,13,0,0,Not Found,invalid,11 2,0.549
/home/ubuntu/Lustre-exp/kind2-benchmarks/FMCAD08/Int/simulation/car_all_e1_618_e3_303.lus,l1l2,0.045,1,47,4,0,0,Not Found,invalid,2,0.384
/home/ubuntu/Lustre-exp/kind2-benchmarks/FMCAD08/Int/simulation/car_all_e1_618.lus,base,0.043,1,47,4,0,0,Not Found,invalid,2,0.384
/home/ubuntu/Lustre-exp/kind2-benchmarks/FMCAD08/Int/simulation/car_all_e2_142_e7_209.lus,l1l2,0.112,3,173,7,0,0,Not Found,valid,2 0,0.436
/home/ubuntu/Lustre-exp/kind2-benchmarks/FMCAD08/Int/simulation/car_all_e2_142.lus,l1l2,0.119,3,171,7,0,0,Not Found,valid,3 1,0.426
/home/ubuntu/Lustre-exp/kind2-benchmarks/FMCAD08/Int/simulation/car_all_e3_1068_e1_178.lus,base,0.010,0,2,0,0,0,Not Found,invalid,Not Found,0.343
/home/ubuntu/Lustre-exp/kind2-benchmarks/FMCAD08/Int/simulation/car_all_e3_1068_e2_13.lus,base,0.011,0,2,0,0,0,Not Found,invalid,Not Found,0.344
/home/ubuntu/Lustre-exp/kind2-benchmarks/FMCAD08/Int/simulation/car_all_e3_1068_e3_163.lus,l1l2,0.010,0,2,0,0,0,Not Found,invalid,Not Found,0.344
/home/ubuntu/Lustre-exp/kind2-benchmarks/FMCAD08/Int/simulation/car_all_e3_1068_e4_275.lus,l1l2,0.107,3,171,7,0,0,Not Found,valid,3 1,0.418
/home/ubuntu/Lustre-exp/kind2-benchmarks/FMCAD08/Int/simulation/car_all_e3_1068_e5_882.lus,base,0.011,0,2,0,0,0,Not Found,invalid,Not Found,0.344
/home/ubuntu/Lustre-exp/kind2-benchmarks/FMCAD08/Int/simulation/car_all_e3_1068.lus,l1l2,0.009,0,2,0,0,0,Not Found,invalid,Not Found,0.347
/home/ubuntu/Lustre-exp/kind2-benchmarks/FMCAD08/Int/simulation/car_all_e7_188_e7_743.lus,l1l2,0.155,3,240,9,0,0,Not Found,valid,6 2,0.470
/home/ubuntu/Lustre-exp/kind2-benchmarks/FMCAD08/Int/simulation/car_all_e8_856_e1_217.lus,l1l2,0.075,1,89,7,0,0,Not Found,invalid,5,0.415
/home/ubuntu/Lustre-exp/kind2-benchmarks/FMCAD08/Int/simulation/car_all_e8_856_e2_585.lus,l1l2,0.072,3,132,5,0,0,Not Found,valid,2 1,0.409
/home/ubuntu/Lustre-exp/kind2-benchmarks/FMCAD08/Int/simulation/car_all_e8_856_e3_180.lus,l1l2,0.009,0,2,0,0,0,Not Found,invalid,Not Found,0.345
/home/ubuntu/Lustre-exp/kind2-benchmarks/FMCAD08/Int/simulation/car_all_e8_856_e7_578.lus,l1l2,0.172,3,236,9,0,0,Not Found,valid,6 3,0.510
/home/ubuntu/Lustre-exp/kind2-benchmarks/FMCAD08/Int/simulation/car_all_e8_856.lus,l1l2,0.226,4,369,10,0,0,Not Found,valid,5 2 1,0.567
/home/ubuntu/Lustre-exp/kind2-benchmarks/FMCAD08/Int/simulation/car_all.lus,base,0.167,4,269,7,0,0,Not Found,valid,3 1 0,0.517
/home/ubuntu/Lustre-exp/kind2-benchmarks/FMCAD08/Int/simulation/cd_e7_621_e7_669.lus,base,0.133,3,182,12,2,0,Not Found,invalid,6 1 0,0.469
/home/ubuntu/Lustre-exp/kind2-benchmarks/FMCAD08/Int/simulation/cd_e7_8.lus,base,0.441,6,815,18,2,3,Not Found,invalid,6 4 3 2 1 0,0.792
/home/ubuntu/Lustre-exp/kind2-benchmarks/FMCAD08/Int/simulation/car_5_e7_244.lus,base,23.612,13,10745,61,2,2,Not Found,valid,24 20 18 15 14 12 10 8 6 5 1 0,24.211
/home/ubuntu/Lustre-exp/kind2-benchmarks/FMCAD08/Int/simulation/fast_1_e7_2044_e7_1287.lus,l1l2,0.016,0,2,0,0,0,Not Found,invalid,Not Found,0.371
/home/ubuntu/Lustre-exp/kind2-benchmarks/FMCAD08/Int/simulation/fast_1_e7_2044.lus,l1l2,0.018,0,2,0,0,0,Not Found,invalid,Not Found,0.371
/home/ubuntu/Lustre-exp/kind2-benchmarks/FMCAD08/Int/simulation/fast_1_e8_747_e7_692.lus,l1l2,0.015,0,2,0,0,0,Not Found,invalid,Not Found,0.361
/home/ubuntu/Lustre-exp/kind2-benchmarks/FMCAD08/Int/simulation/fast_1_e8_747_e8_1041.lus,l1l2,0.087,3,108,4,0,0,Not Found,valid,1 0,0.419
/home/ubuntu/Lustre-exp/kind2-benchmarks/FMCAD08/Int/simulation/fast_1_e8_751.lus,l1l2,0.094,3,126,5,0,0,Not Found,valid,1 0,0.439
/home/ubuntu/Lustre-exp/kind2-benchmarks/FMCAD08/Int/simulation/fast_1.lus,base,0.093,3,126,5,0,0,Not Found,valid,1 0,0.440
/home/ubuntu/Lustre-exp/kind2-benchmarks/FMCAD08/Int/simulation/fast_2_e7_2526_e7_2736.lus,l1l2,0.017,0,2,0,0,0,Not Found,invalid,Not Found,0.364
/home/ubuntu/Lustre-exp/kind2-benchmarks/FMCAD08/Int/simulation/fast_2_e7_2526.lus,base,0.017,0,2,0,0,0,Not Found,invalid,Not Found,0.373
/home/ubuntu/Lustre-exp/kind2-benchmarks/FMCAD08/Int/simulation/fast_2_e8_460_e7_43.lus,l1l2,0.019,0,2,0,0,0,Not Found,invalid,Not Found,0.364
/home/ubuntu/Lustre-exp/kind2-benchmarks/FMCAD08/Int/simulation/fast_2_e8_460_e8_1920.lus,l1l2,0.145,3,167,7,0,0,Not Found,valid,1 0,0.471
/home/ubuntu/Lustre-exp/kind2-benchmarks/FMCAD08/Int/simulation/fast_2_e8_976.lus,l1l2,0.171,3,210,9,0,0,Not Found,valid,1 0,0.512
/home/ubuntu/Lustre-exp/kind2-benchmarks/FMCAD08/Int/simulation/fast_2.lus,base,0.172,3,208,9,0,0,Not Found,valid,1 0,0.512
/home/ubuntu/Lustre-exp/kind2-benchmarks/FMCAD08/Int/simulation/car_5.lus,l1l2,22.417,13,9999,67,3,2,Not Found,valid,21 20 18 15 14 13 10 8 6 5 2 1,22.686
/home/ubuntu/Lustre-exp/kind2-benchmarks/FMCAD08/Int/simulation/hysteresis_1.lus,l1l2,0.011,2,12,0,0,0,Not Found,valid,0,0.354
/home/ubuntu/Lustre-exp/kind2-benchmarks/FMCAD08/Int/simulation/hysteresis_2.lus,base,0.073,3,110,4,0,0,Not Found,valid,4 3,0.425
/home/ubuntu/Lustre-exp/kind2-benchmarks/FMCAD08/Int/simulation/hysteresis_3.lus,base,0.046,3,74,2,0,0,Not Found,valid,2 1,0.393
/home/ubuntu/Lustre-exp/kind2-benchmarks/FMCAD08/Int/simulation/hysteresis_all.lus,base,0.091,3,146,5,0,0,Not Found,valid,5 3,0.424
/home/ubuntu/Lustre-exp/kind2-benchmarks/FMCAD08/Int/simulation/metros_1_e1_846_e1_1317.lus,l1l2,0.610,4,606,14,0,0,Not Found,valid,5 1 0,0.935
/home/ubuntu/Lustre-exp/kind2-benchmarks/FMCAD08/Int/simulation/metros_1_e1_846_e2_1394.lus,base,0.411,4,424,13,0,0,Not Found,valid,7 4 3,0.753
/home/ubuntu/Lustre-exp/kind2-benchmarks/FMCAD08/Int/simulation/metros_1_e1_846_e7_397.lus,base,0.377,4,422,11,0,0,Not Found,valid,5 2 1,0.726
/home/ubuntu/Lustre-exp/kind2-benchmarks/FMCAD08/Int/simulation/metros_1_e1_846_e3_1060.lus,base,0.572,4,558,14,0,0,Not Found,valid,14 10 6,0.924
/home/ubuntu/Lustre-exp/kind2-benchmarks/FMCAD08/Int/simulation/metros_1_e2_1102_e2_943.lus,l1l2,0.261,2,246,11,0,0,Not Found,valid,13 8,0.569
/home/ubuntu/Lustre-exp/kind2-benchmarks/FMCAD08/Int/simulation/metros_1_e2_1102_e1_317.lus,base,0.523,4,512,13,0,0,Not Found,valid,13 11 6,0.863
/home/ubuntu/Lustre-exp/kind2-benchmarks/FMCAD08/Int/simulation/metros_1_e2_1102_e3_961.lus,base,0.274,3,281,11,0,0,Not Found,valid,12 10,0.618
/home/ubuntu/Lustre-exp/kind2-benchmarks/FMCAD08/Int/simulation/metros_1_e2_1102_e7_1163.lus,base,0.319,4,356,13,0,0,Not Found,valid,7 6 4,0.664
/home/ubuntu/Lustre-exp/kind2-benchmarks/FMCAD08/Int/simulation/metros_1_e2_627.lus,base,0.250,4,268,9,0,0,Not Found,valid,4 3 2,0.598
/home/ubuntu/Lustre-exp/kind2-benchmarks/FMCAD08/Int/simulation/metros_1_e7_1255_e7_12.lus,base,0.488,4,547,17,0,0,Not Found,valid,15 12 10,0.831
/home/ubuntu/Lustre-exp/kind2-benchmarks/FMCAD08/Int/simulation/metros_1_e8_725_e1_919.lus,l1l2,0.027,2,23,1,0,0,Not Found,valid,1,0.366
/home/ubuntu/Lustre-exp/kind2-benchmarks/FMCAD08/Int/simulation/metros_1_e7_606.lus,l1l2,0.601,4,755,18,0,0,Not Found,valid,19 15 10,0.913
/home/ubuntu/Lustre-exp/kind2-benchmarks/FMCAD08/Int/simulation/metros_1_e8_725_e2_1144.lus,base,0.028,2,23,1,0,0,Not Found,valid,1,0.367
/home/ubuntu/Lustre-exp/kind2-benchmarks/FMCAD08/Int/simulation/metros_1_e8_725_e3_556.lus,base,0.071,3,75,2,0,0,Not Found,valid,1 0,0.413
/home/ubuntu/Lustre-exp/kind2-benchmarks/FMCAD08/Int/simulation/metros_1_e8_725.lus,base,0.027,2,23,1,0,0,Not Found,valid,1,0.367
/home/ubuntu/Lustre-exp/kind2-benchmarks/FMCAD08/Int/simulation/metros_1.lus,base,0.457,4,447,14,0,0,Not Found,valid,10 7 6,0.790
/home/ubuntu/Lustre-exp/kind2-benchmarks/FMCAD08/Int/simulation/cd.lus,base,10.162,9,11048,96,2,47,Not Found,valid,123 119 115 108 98 83 60 30,10.575
/home/ubuntu/Lustre-exp/kind2-benchmarks/FMCAD08/Int/simulation/metros_2_e1_1116_e2_617.lus,l1l2,0.515,4,576,14,0,0,Not Found,valid,6 3 1,0.811
/home/ubuntu/Lustre-exp/kind2-benchmarks/FMCAD08/Int/simulation/metros_2_e1_1116_e3_287.lus,base,0.470,2,265,16,0,0,Not Found,invalid,15 7,0.822
/home/ubuntu/Lustre-exp/kind2-benchmarks/FMCAD08/Int/simulation/car_6.lus,base,18.980,12,9848,73,0,5,Not Found,valid,64 62 59 57 55 52 48 42 35 25 12,19.403
/home/ubuntu/Lustre-exp/kind2-benchmarks/FMCAD08/Int/simulation/metros_2_e1_1116_e7_1440.lus,l1l2,4.628,4,2862,53,0,2,Not Found,invalid,42 37 31 16,4.917
/home/ubuntu/Lustre-exp/kind2-benchmarks/FMCAD08/Int/simulation/metros_2_e2_704_e2_13.lus,base,0.369,4,401,11,0,0,Not Found,valid,4 3 1,0.701
/home/ubuntu/Lustre-exp/kind2-benchmarks/FMCAD08/Int/simulation/metros_2_e2_704_e3_76.lus,l1l2,0.521,2,244,15,0,0,Not Found,invalid,14 4,0.853
/home/ubuntu/Lustre-exp/kind2-benchmarks/FMCAD08/Int/simulation/metros_2_e1_1116_e1_556.lus,base,7.595,7,4055,63,0,10,Not Found,invalid,40 33 31 30 29 20 10,7.956
/home/ubuntu/Lustre-exp/kind2-benchmarks/FMCAD08/Int/simulation/metros_2_e2_704_e1_389.lus,base,1.979,3,1104,37,0,1,Not Found,invalid,32 17 5,2.428
/home/ubuntu/Lustre-exp/kind2-benchmarks/FMCAD08/Int/protocol/rtp_vt.lus,base,52.765,9,17413,108,10,14,Not Found,valid,121 120 118 115 111 107 82 46,53.451
/home/ubuntu/Lustre-exp/kind2-benchmarks/FMCAD08/Int/simulation/metros_2_e2_704_e7_810.lus,base,1.237,3,943,30,0,1,Not Found,invalid,26 13 6,1.582
/home/ubuntu/Lustre-exp/kind2-benchmarks/FMCAD08/Int/simulation/metros_2_e1_190.lus,l1l2,7.979,8,4188,45,0,13,Not Found,valid,40 37 34 32 31 22 14 6,8.296
/home/ubuntu/Lustre-exp/kind2-benchmarks/FMCAD08/Int/simulation/metros_3_e3_1275_e2_454.lus,base,0.171,3,184,7,0,0,Not Found,valid,7 4,0.517
/home/ubuntu/Lustre-exp/kind2-benchmarks/FMCAD08/Int/simulation/metros_3_e3_1275_e3_640.lus,l1l2,0.248,3,261,8,0,0,Not Found,valid,11 6,0.557
/home/ubuntu/Lustre-exp/kind2-benchmarks/FMCAD08/Int/simulation/metros_2_e2_968.lus,base,3.443,3,1760,54,0,1,Not Found,invalid,50 28 8,3.805
/home/ubuntu/Lustre-exp/kind2-benchmarks/FMCAD08/Int/simulation/metros_2_e3_112.lus,l1l2,2.618,3,2237,44,0,1,Not Found,invalid,57 42 20,5.127
/home/ubuntu/Lustre-exp/kind2-benchmarks/FMCAD08/Int/simulation/metros_3_e3_1275_e1_1350.lus,base,6.921,4,3373,79,0,2,Not Found,invalid,76 53 30 10,7.281
/home/ubuntu/Lustre-exp/kind2-benchmarks/FMCAD08/Int/simulation/metros_3_e3_1275_e7_529.lus,l1l2,5.400,3,3360,52,0,0,Not Found,invalid,33 28 9,9.197
/home/ubuntu/Lustre-exp/kind2-benchmarks/FMCAD08/Int/simulation/metros_3_e3_1275.lus,base,5.161,3,1449,50,0,0,Not Found,invalid,44 26 0,5.588
/home/ubuntu/Lustre-exp/kind2-benchmarks/FMCAD08/Int/simulation/metros_2.lus,base,61.163,13,17252,143,0,77,Not Found,valid,17 14 11 9 8 7 6 5 4 3 2 1,61.819
/home/ubuntu/Lustre-exp/kind2-benchmarks/FMCAD08/Int/simulation/metros_3_e4_987_e2_80.lus,l1l2,9.272,6,6048,70,0,3,Not Found,invalid,24 21 20 19 18 17,10.844
/home/ubuntu/Lustre-exp/kind2-benchmarks/FMCAD08/Int/simulation/metros_3_e4_987_e3_291.lus,base,5.518,3,1783,57,0,3,Not Found,invalid,55 32 5,6.193
/home/ubuntu/Lustre-exp/kind2-benchmarks/FMCAD08/Int/misc/durationThm_2.lus,base,0.047,1,43,4,0,0,Not Found,timeout,4,290.265
/home/ubuntu/Lustre-exp/kind2-benchmarks/FMCAD08/Int/misc/durationThm_3.lus,base,0.017,1,14,1,0,0,Not Found,timeout,1,290.327
/home/ubuntu/Lustre-exp/kind2-benchmarks/FMCAD08/Int/simulation/Gas.lus,base,0.022,1,20,2,0,0,Not Found,timeout,2,290.248
/home/ubuntu/Lustre-exp/kind2-benchmarks/FMCAD08/Int/simulation/metros_3_e3_1275_e4_164.lus,base,286.072,13,28711,76,0,4,Not Found,timeout,34 30 23 20 18 15 13 11 9 7 5 4 3,290.193
/home/ubuntu/Lustre-exp/kind2-benchmarks/FMCAD08/Int/simulation/metros_3_e3_1275_e5_846.lus,base,253.394,13,22270,59,0,0,Not Found,timeout,47 42 37 34 31 28 26 24 22 20 19 18 17,290.174
/home/ubuntu/Lustre-exp/kind2-benchmarks/FMCAD08/Int/simulation/metros_4_e2_968_e2_1166.lus,l1l2,0.142,3,129,6,0,0,Not Found,valid,7 5,0.459
/home/ubuntu/Lustre-exp/kind2-benchmarks/FMCAD08/Int/simulation/metros_4_e2_968_e3_931.lus,l1l2,0.227,2,216,11,0,0,Not Found,valid,9 6,0.540
/home/ubuntu/Lustre-exp/kind2-benchmarks/FMCAD08/Int/simulation/metros_3_e3_1275_e6_1315.lus,base,165.392,20,25821,83,0,6,Not Found,timeout,25 23 21 19 18 17 16 14 13 12 11 10 9 8 7 6 5 4 3 2,290.203
/home/ubuntu/Lustre-exp/kind2-benchmarks/FMCAD08/Int/simulation/metros_4_e2_968_e1_956.lus,base,2.127,4,1169,43,0,3,Not Found,invalid,40 24 14 6,2.483
/home/ubuntu/Lustre-exp/kind2-benchmarks/FMCAD08/Int/simulation/metros_4_e2_968_e6_236.lus,l1l2,0.803,2,413,21,1,0,Not Found,invalid,19 0,1.129
/home/ubuntu/Lustre-exp/kind2-benchmarks/FMCAD08/Int/simulation/metros_4_e2_968_e4_801.lus,l1l2,4.812,5,2832,58,0,3,Not Found,invalid,54 51 32 13 2,5.146
/home/ubuntu/Lustre-exp/kind2-benchmarks/FMCAD08/Int/simulation/metros_4_e2_968_e5_991.lus,l1l2,6.185,5,3993,72,0,3,Not Found,invalid,69 66 47 26 4,6.450
/home/ubuntu/Lustre-exp/kind2-benchmarks/FMCAD08/Int/simulation/metros_4_e2_968_e7_860.lus,l1l2,5.678,6,4418,62,0,3,Not Found,invalid,16 13 12 11 10 9,5.933
/home/ubuntu/Lustre-exp/kind2-benchmarks/FMCAD08/Int/simulation/metros_4_e3_1025.lus,base,3.087,3,1032,40,0,0,Not Found,invalid,34 16 0,3.450
/home/ubuntu/Lustre-exp/kind2-benchmarks/FMCAD08/Int/simulation/metros_4_e3_1091_e2_1317.lus,base,0.190,3,184,7,0,0,Not Found,valid,7 4,0.531
/home/ubuntu/Lustre-exp/kind2-benchmarks/FMCAD08/Int/simulation/metros_4_e3_1091_e3_522.lus,l1l2,0.249,3,261,8,0,0,Not Found,valid,11 6,0.567
/home/ubuntu/Lustre-exp/kind2-benchmarks/FMCAD08/Int/simulation/metros_4_e3_1091_e1_1044.lus,base,5.106,4,2582,68,0,2,Not Found,invalid,61 42 28 15,5.476
/home/ubuntu/Lustre-exp/kind2-benchmarks/FMCAD08/Int/simulation/metros_3_e4_987_e1_1115.lus,base,246.294,18,35650,151,0,2,Not Found,timeout,40 38 36 34 32 30 28 25 23 21 19 17 15 14 13 12 11 10,290.198
/home/ubuntu/Lustre-exp/kind2-benchmarks/FMCAD08/Int/simulation/metros_4_e3_1091_e4_232.lus,l1l2,5.441,4,4049,56,0,3,Not Found,invalid,74 68 47 24,8.104
/home/ubuntu/Lustre-exp/kind2-benchmarks/FMCAD08/Int/simulation/metros_4_e2_968.lus,base,21.974,4,10816,138,0,6,Not Found,invalid,161 138 91 37,22.560
/home/ubuntu/Lustre-exp/kind2-benchmarks/FMCAD08/Int/simulation/metros_3_e4_987.lus,base,81.801,19,19864,31,0,0,Not Found,timeout,23 19 18 17 16 14 13 12 11 10 9 8 7 6 5 4 3 2 1,290.198
/home/ubuntu/Lustre-exp/kind2-benchmarks/FMCAD08/Int/simulation/PRODUCER_CONSUMER_1.lus,l1l2,0.036,2,49,2,0,0,Not Found,valid,2,0.375
/home/ubuntu/Lustre-exp/kind2-benchmarks/FMCAD08/Int/simulation/PRODUCER_CONSUMER_2.lus,base,0.023,2,28,1,0,0,Not Found,valid,1,0.363
/home/ubuntu/Lustre-exp/kind2-benchmarks/FMCAD08/Int/simulation/PRODUCER_CONSUMER_3.lus,base,0.021,2,22,1,0,0,Not Found,valid,1,0.355
/home/ubuntu/Lustre-exp/kind2-benchmarks/FMCAD08/Int/simulation/PRODUCER_CONSUMER_all.lus,base,0.031,2,41,2,0,0,Not Found,valid,2,0.365
/home/ubuntu/Lustre-exp/kind2-benchmarks/FMCAD08/Int/simulation/metros_4_e1_917.lus,base,126.366,11,27370,180,0,26,Not Found,valid,51 49 47 45 25 22 18 11 3 0,127.109
/home/ubuntu/Lustre-exp/kind2-benchmarks/FMCAD08/Int/simulation/metros_3.lus,base,178.508,20,25852,83,0,6,Not Found,timeout,25 23 21 19 18 17 16 14 13 12 11 10 9 8 7 6 5 4 3 2,290.190
/home/ubuntu/Lustre-exp/kind2-benchmarks/FMCAD08/Int/simulation/metros_4_e1_821_e5_911.lus,base,204.264,15,26292,53,0,1,Not Found,timeout,32 30 22 20 18 16 14 12 10 8 6 5 4 3 2,290.187
/home/ubuntu/Lustre-exp/kind2-benchmarks/FMCAD08/Int/simulation/metros_4_e5_1150.lus,base,284.839,11,56869,317,0,64,Not Found,timeout,287 284 271 256 235 212 184 155 124 92 51,290.200
/home/ubuntu/Lustre-exp/kind2-benchmarks/FMCAD08/Int/simulation/PRODUCER_CONSUMMER_luke_1.lus,base,0.010,0,2,0,0,0,Not Found,invalid,Not Found,0.345
/home/ubuntu/Lustre-exp/kind2-benchmarks/FMCAD08/Int/simulation/metros_4.lus,base,193.032,20,27243,90,0,6,Not Found,timeout,25 23 21 19 18 17 16 14 13 12 11 10 9 8 7 6 5 4 3 2,290.183
/home/ubuntu/Lustre-exp/kind2-benchmarks/FMCAD08/Int/simulation/metros_5_e4_1208_e1_337.lus,base,197.010,6,23018,123,0,8,Not Found,timeout,102 96 63 51 38 25,290.229
/home/ubuntu/Lustre-exp/kind2-benchmarks/FMCAD08/Int/simulation/speed2_e7_223_e7_213.lus,base,0.063,3,111,4,0,0,Not Found,valid,4 3,0.414
/home/ubuntu/Lustre-exp/kind2-benchmarks/FMCAD08/Int/simulation/speed2_e7_223_e8_329.lus,base,0.046,3,95,3,0,0,Not Found,valid,3 2,0.385
/home/ubuntu/Lustre-exp/kind2-benchmarks/FMCAD08/Int/simulation/speed2_e7_496.lus,l1l2,0.063,3,112,4,0,0,Not Found,valid,3 2,0.382
/home/ubuntu/Lustre-exp/kind2-benchmarks/FMCAD08/Int/simulation/speed2_e8_449_e7_353.lus,l1l2,0.054,2,64,3,0,0,Not Found,valid,1 0,0.362
/home/ubuntu/Lustre-exp/kind2-benchmarks/FMCAD08/Int/simulation/speed2_e8_449_e8_517.lus,l1l2,0.110,3,153,7,0,0,Not Found,valid,6 3,0.436
/home/ubuntu/Lustre-exp/kind2-benchmarks/FMCAD08/Int/simulation/speed2_e8_449.lus,l1l2,0.059,3,90,3,0,0,Not Found,valid,3 2,0.393
/home/ubuntu/Lustre-exp/kind2-benchmarks/FMCAD08/Int/simulation/speed2.lus,l1l2,0.070,3,95,3,0,0,Not Found,valid,3 2,0.391
/home/ubuntu/Lustre-exp/kind2-benchmarks/FMCAD08/Int/simulation/speed_e7_207_e7_538.lus,base,0.011,2,12,0,0,0,Not Found,valid,0,0.343
/home/ubuntu/Lustre-exp/kind2-benchmarks/FMCAD08/Int/simulation/speed_e7_207_e8_507.lus,base,0.010,2,12,0,0,0,Not Found,valid,0,0.357
/home/ubuntu/Lustre-exp/kind2-benchmarks/FMCAD08/Int/simulation/speed_e7_207.lus,l1l2,0.011,2,12,0,0,0,Not Found,valid,0,0.353
/home/ubuntu/Lustre-exp/kind2-benchmarks/FMCAD08/Int/simulation/speed_e8_649_e7_709.lus,base,0.009,2,12,0,0,0,Not Found,valid,0,0.343
/home/ubuntu/Lustre-exp/kind2-benchmarks/FMCAD08/Int/simulation/speed_e8_649.lus,l1l2,0.012,2,12,0,0,0,Not Found,valid,0,0.362
/home/ubuntu/Lustre-exp/kind2-benchmarks/FMCAD08/Int32/large/microwave01.lus,l1l2,1.044,3,87,3,0,0,Not Found,valid,1 0,1.411
/home/ubuntu/Lustre-exp/kind2-benchmarks/FMCAD08/Int32/large/microwave02.lus,l1l2,0.033,2,12,0,0,0,Not Found,valid,0,0.458
/home/ubuntu/Lustre-exp/kind2-benchmarks/FMCAD08/Int/simulation/metros_5.lus,base,237.555,12,24645,150,0,35,Not Found,timeout,59 54 48 42 38 22 15 13 11 9 7 4,290.204
/home/ubuntu/Lustre-exp/kind2-benchmarks/FMCAD08/Int/simulation/PRODUCER_CONSUMER_vt_e2_1352.lus,base,0.353,3,410,7,1,0,Not Found,timeout,11 7 4,290.327
/home/ubuntu/Lustre-exp/kind2-benchmarks/FMCAD08/Int/simulation/PRODUCER_CONSUMER_vt_e3_507.lus,base,0.021,1,15,1,0,0,Not Found,timeout,1,290.325
/home/ubuntu/Lustre-exp/kind2-benchmarks/FMCAD08/Int/simulation/PRODUCER_CONSUMER_vt_e7_1059_e8_1111.lus,base,0.023,1,15,1,0,0,Not Found,timeout,1,290.336
/home/ubuntu/Lustre-exp/kind2-benchmarks/FMCAD08/Int/simulation/PRODUCER_CONSUMER_vt.lus,base,0.020,1,15,1,0,0,Not Found,timeout,1,290.320
/home/ubuntu/Lustre-exp/kind2-benchmarks/FMCAD08/Int/simulation/PRODUCER_CONSUMMER_luke_2_e7_1068_e8_1019.lus,base,0.019,1,15,1,0,0,Not Found,timeout,1,290.348
/home/ubuntu/Lustre-exp/kind2-benchmarks/FMCAD08/Int/simulation/PRODUCER_CONSUMMER_luke_2.lus,base,0.023,1,15,1,0,0,Not Found,timeout,1,290.335
/home/ubuntu/Lustre-exp/kind2-benchmarks/FMCAD08/Int32/large/microwave03.lus,base,Not Found,Not Found,Not Found,Not Found,Not Found,Not Found,Not Found,timeout,Not Found,290.117
/home/ubuntu/Lustre-exp/kind2-benchmarks/FMCAD08/Int32/large/microwave04.lus,base,Not Found,Not Found,Not Found,Not Found,Not Found,Not Found,Not Found,timeout,Not Found,290.117
/home/ubuntu/Lustre-exp/kind2-benchmarks/FMCAD08/Int32/large/microwave12.lus,base,0.827,1,31,3,0,0,Not Found,invalid,1,1.426
/home/ubuntu/Lustre-exp/kind2-benchmarks/FMCAD08/Int32/large/microwave05.lus,base,Not Found,Not Found,Not Found,Not Found,Not Found,Not Found,Not Found,timeout,Not Found,290.118
/home/ubuntu/Lustre-exp/kind2-benchmarks/FMCAD08/Int32/large/microwave14.lus,base,2.029,1,99,8,0,0,Not Found,invalid,6,2.546
/home/ubuntu/Lustre-exp/kind2-benchmarks/FMCAD08/Int32/large/microwave15.lus,l1l2,0.090,2,12,0,0,0,Not Found,valid,0,0.552
/home/ubuntu/Lustre-exp/kind2-benchmarks/FMCAD08/Int32/large/microwave16.lus,base,0.038,2,12,0,0,0,Not Found,valid,0,0.461
/home/ubuntu/Lustre-exp/kind2-benchmarks/FMCAD08/Int32/large/microwave06.lus,base,205.508,5,1584,48,0,6,Not Found,timeout,44 33 22 13 4,290.142
/home/ubuntu/Lustre-exp/kind2-benchmarks/FMCAD08/Int32/large/microwave17.lus,l1l2,1.789,1,78,6,0,0,Not Found,valid,6,29.946
/home/ubuntu/Lustre-exp/kind2-benchmarks/FMCAD08/Int32/large/microwave18.lus,base,1.412,1,66,5,0,0,Not Found,invalid,3,2.144
/home/ubuntu/Lustre-exp/kind2-benchmarks/FMCAD08/Int32/large/microwave20.lus,base,0.094,0,2,0,0,0,Not Found,invalid,Not Found,0.576
/home/ubuntu/Lustre-exp/kind2-benchmarks/FMCAD08/Int32/large/microwave19.lus,base,11.182,3,237,8,0,0,Not Found,valid,7 4,11.913
/home/ubuntu/Lustre-exp/kind2-benchmarks/FMCAD08/Int32/large/microwave07.lus,base,0.217,1,28,2,0,0,Not Found,timeout,2,290.138
/home/ubuntu/Lustre-exp/kind2-benchmarks/FMCAD08/Int32/large/microwave23.lus,l1l2,1.905,1,18,2,0,0,Not Found,invalid,0,2.304
/home/ubuntu/Lustre-exp/kind2-benchmarks/FMCAD08/Int32/large/microwave24.lus,base,31.435,3,241,9,0,0,Not Found,valid,7 5,32.166
/home/ubuntu/Lustre-exp/kind2-benchmarks/FMCAD08/Int32/large/microwave25.lus,l1l2,0.110,0,2,0,0,0,Not Found,invalid,Not Found,0.584
/home/ubuntu/Lustre-exp/kind2-benchmarks/FMCAD08/Int32/large/microwave08.lus,base,205.718,8,1797,16,1,0,Not Found,timeout,13 12 11 10 9 8 7 6,290.156
/home/ubuntu/Lustre-exp/kind2-benchmarks/FMCAD08/Int32/large/microwave09.lus,base,204.784,3,3243,38,1,0,Not Found,timeout,34 33 32,290.140
/home/ubuntu/Lustre-exp/kind2-benchmarks/FMCAD08/Int32/large/microwave28.lus,l1l2,3.758,1,68,5,0,0,Not Found,invalid,4,4.238
/home/ubuntu/Lustre-exp/kind2-benchmarks/FMCAD08/Int32/large/microwave10.lus,base,25.443,5,737,16,0,1,Not Found,timeout,5 4 3 2 1,290.165
/home/ubuntu/Lustre-exp/kind2-benchmarks/FMCAD08/Int32/large/microwave11.lus,base,1.262,2,85,4,0,0,Not Found,timeout,4 2,290.145
/home/ubuntu/Lustre-exp/kind2-benchmarks/FMCAD08/Int32/large/microwave13.lus,base,17.665,5,834,17,0,0,Not Found,timeout,6 4 3 2 1,290.166
/home/ubuntu/Lustre-exp/kind2-benchmarks/FMCAD08/Int32/large/microwave29.lus,l1l2,3.422,1,54,4,0,0,Not Found,valid,4,44.425
/home/ubuntu/Lustre-exp/kind2-benchmarks/FMCAD08/Int32/large/microwave21.lus,base,45.204,1,320,18,0,0,Not Found,timeout,18,290.117
/home/ubuntu/Lustre-exp/kind2-benchmarks/FMCAD08/Int32/large/microwave22.lus,base,Not Found,Not Found,Not Found,Not Found,Not Found,Not Found,Not Found,timeout,Not Found,290.120
/home/ubuntu/Lustre-exp/kind2-benchmarks/FMCAD08/Int32/large/microwave26.lus,base,Not Found,Not Found,Not Found,Not Found,Not Found,Not Found,Not Found,timeout,Not Found,290.118
/home/ubuntu/Lustre-exp/kind2-benchmarks/FMCAD08/Int32/large/microwave27.lus,base,Not Found,Not Found,Not Found,Not Found,Not Found,Not Found,Not Found,timeout,Not Found,290.117
/home/ubuntu/Lustre-exp/kind2-benchmarks/FMCAD08/Int32/large/microwave30.lus,base,Not Found,Not Found,Not Found,Not Found,Not Found,Not Found,Not Found,timeout,Not Found,290.116
/home/ubuntu/Lustre-exp/kind2-benchmarks/FMCAD08/Int32/large/microwave31.lus,base,Not Found,Not Found,Not Found,Not Found,Not Found,Not Found,Not Found,timeout,Not Found,290.119
/home/ubuntu/Lustre-exp/kind2-benchmarks/FMCAD08/Int32/large/microwave32.lus,base,Not Found,Not Found,Not Found,Not Found,Not Found,Not Found,Not Found,timeout,Not Found,290.117
/home/ubuntu/Lustre-exp/kind2-benchmarks/FMCAD08/Int32/large/microwave40.lus,l1l2,0.095,0,2,0,0,0,Not Found,invalid,Not Found,0.541
/home/ubuntu/Lustre-exp/kind2-benchmarks/FMCAD08/Int32/large/steam_boiler_no_arr1_e4_23904_e4_2384.lus,l1l2,0.421,2,12,0,0,0,Not Found,valid,0,0.945
/home/ubuntu/Lustre-exp/kind2-benchmarks/FMCAD08/Int32/large/steam_boiler_no_arr1.lus,l1l2,0.196,2,12,0,0,0,Not Found,valid,0,0.740
/home/ubuntu/Lustre-exp/kind2-benchmarks/FMCAD08/Int32/large/steam_boiler_no_arr2_e1_17214_e5_18600.lus,base,0.101,3,61,1,0,0,Not Found,valid,1 0,0.473
/home/ubuntu/Lustre-exp/kind2-benchmarks/FMCAD08/Int32/large/steam_boiler_no_arr2_e3_514_e4_11150.lus,l1l2,0.102,3,61,1,0,0,Not Found,valid,1 0,0.471
/home/ubuntu/Lustre-exp/kind2-benchmarks/FMCAD08/Int32/large/steam_boiler_no_arr2_e6_3003_e4_15091.lus,base,0.101,3,61,1,0,0,Not Found,valid,1 0,0.472
/home/ubuntu/Lustre-exp/kind2-benchmarks/FMCAD08/Int32/large/steam_boiler_no_arr2_e7_12307.lus,base,0.099,3,61,1,0,0,Not Found,valid,1 0,0.473
/home/ubuntu/Lustre-exp/kind2-benchmarks/FMCAD08/Int32/large/steam_boiler_no_arr2_e8_21449_e5_18210.lus,l1l2,0.114,3,61,1,0,0,Not Found,valid,1 0,0.491
/home/ubuntu/Lustre-exp/kind2-benchmarks/FMCAD08/Int32/large/steam_boiler_no_arr2.lus,base,0.099,3,61,1,0,0,Not Found,valid,1 0,0.461
/home/ubuntu/Lustre-exp/kind2-benchmarks/FMCAD08/Int32/large/microwave33.lus,base,Not Found,Not Found,Not Found,Not Found,Not Found,Not Found,Not Found,timeout,Not Found,290.118
/home/ubuntu/Lustre-exp/kind2-benchmarks/FMCAD08/Int32/memory1/DRAGON_10_e1_3587_e7_872.lus,l1l2,0.038,0,2,0,0,0,Not Found,invalid,Not Found,0.419
/home/ubuntu/Lustre-exp/kind2-benchmarks/FMCAD08/Int32/large/microwave34.lus,base,Not Found,Not Found,Not Found,Not Found,Not Found,Not Found,Not Found,timeout,Not Found,290.116
/home/ubuntu/Lustre-exp/kind2-benchmarks/FMCAD08/Int32/large/microwave35.lus,base,Not Found,Not Found,Not Found,Not Found,Not Found,Not Found,Not Found,timeout,Not Found,290.117
/home/ubuntu/Lustre-exp/kind2-benchmarks/FMCAD08/Int32/large/microwave36.lus,base,Not Found,Not Found,Not Found,Not Found,Not Found,Not Found,Not Found,timeout,Not Found,290.118
/home/ubuntu/Lustre-exp/kind2-benchmarks/FMCAD08/Int32/large/microwave37.lus,base,Not Found,Not Found,Not Found,Not Found,Not Found,Not Found,Not Found,timeout,Not Found,290.118
/home/ubuntu/Lustre-exp/kind2-benchmarks/FMCAD08/Int32/memory1/DRAGON_10_e3_144_e7_523.lus,base,0.042,0,2,0,0,0,Not Found,invalid,Not Found,0.437
/home/ubuntu/Lustre-exp/kind2-benchmarks/FMCAD08/Int32/large/microwave38.lus,base,Not Found,Not Found,Not Found,Not Found,Not Found,Not Found,Not Found,timeout,Not Found,290.118
/home/ubuntu/Lustre-exp/kind2-benchmarks/FMCAD08/Int32/memory1/DRAGON_10_e7_3861_e2_1020.lus,base,0.032,0,2,0,0,0,Not Found,invalid,Not Found,0.431
/home/ubuntu/Lustre-exp/kind2-benchmarks/FMCAD08/Int32/memory1/DRAGON_10_e7_3861_e7_2180.lus,l1l2,0.032,0,2,0,0,0,Not Found,invalid,Not Found,0.416
/home/ubuntu/Lustre-exp/kind2-benchmarks/FMCAD08/Int32/large/microwave39.lus,base,Not Found,Not Found,Not Found,Not Found,Not Found,Not Found,Not Found,timeout,Not Found,290.119
/home/ubuntu/Lustre-exp/kind2-benchmarks/FMCAD08/Int32/memory1/DRAGON_10_e1_3587_e3_2749.lus,base,0.307,1,86,6,0,0,Not Found,timeout,6,290.227
/home/ubuntu/Lustre-exp/kind2-benchmarks/FMCAD08/Int32/memory1/DRAGON_10_e1_998.lus,base,0.382,1,102,7,0,0,Not Found,timeout,7,290.119
/home/ubuntu/Lustre-exp/kind2-benchmarks/FMCAD08/Int32/memory1/DRAGON_10_e2_2785_e3_1744.lus,base,2.853,2,353,12,3,0,Not Found,timeout,15 8,290.118
/home/ubuntu/Lustre-exp/kind2-benchmarks/FMCAD08/Int32/memory1/DRAGON_11_e1_2450_e7_5791.lus,l1l2,0.043,0,2,0,0,0,Not Found,invalid,Not Found,0.419
/home/ubuntu/Lustre-exp/kind2-benchmarks/FMCAD08/Int32/memory1/DRAGON_10_e2_402.lus,base,2.895,2,356,12,3,0,Not Found,timeout,15 8,290.121
/home/ubuntu/Lustre-exp/kind2-benchmarks/FMCAD08/Int32/memory1/DRAGON_10_e3_144_e5_2046.lus,base,3.213,2,357,12,3,0,Not Found,timeout,15 8,290.121
/home/ubuntu/Lustre-exp/kind2-benchmarks/FMCAD08/Int32/memory1/DRAGON_10_e3_3429.lus,base,3.388,2,342,12,3,0,Not Found,timeout,15 8,290.117
/home/ubuntu/Lustre-exp/kind2-benchmarks/FMCAD08/Int32/memory1/DRAGON_10.lus,base,5.179,2,361,12,3,0,Not Found,timeout,15 8,290.116
/home/ubuntu/Lustre-exp/kind2-benchmarks/FMCAD08/Int32/memory1/DRAGON_11_e1_2450_e1_5887.lus,base,69.447,1,71,5,0,0,Not Found,timeout,5,290.118
/home/ubuntu/Lustre-exp/kind2-benchmarks/FMCAD08/Int32/memory1/DRAGON_11_e1_2450_e2_1483.lus,base,24.977,1,62,4,0,0,Not Found,timeout,4,290.118
/home/ubuntu/Lustre-exp/kind2-benchmarks/FMCAD08/Int32/memory1/DRAGON_12_e1_4640_e7_128.lus,l1l2,0.032,0,2,0,0,0,Not Found,invalid,Not Found,0.432
/home/ubuntu/Lustre-exp/kind2-benchmarks/FMCAD08/Int32/memory1/DRAGON_11_e1_2450_e3_2330.lus,base,39.829,1,77,5,0,0,Not Found,timeout,5,290.115
/home/ubuntu/Lustre-exp/kind2-benchmarks/FMCAD08/Int32/memory1/DRAGON_11_e1_2450.lus,base,42.314,1,87,6,0,0,Not Found,timeout,6,290.114
/home/ubuntu/Lustre-exp/kind2-benchmarks/FMCAD08/Int32/memory1/DRAGON_11_e2_1678_e1_3565.lus,base,22.226,1,61,4,0,0,Not Found,timeout,4,290.115
/home/ubuntu/Lustre-exp/kind2-benchmarks/FMCAD08/Int32/memory1/DRAGON_12_e2_1618_e7_4732.lus,base,0.030,0,2,0,0,0,Not Found,invalid,Not Found,0.419
/home/ubuntu/Lustre-exp/kind2-benchmarks/FMCAD08/Int32/memory1/DRAGON_11_e2_5396_e3_282.lus,base,20.464,1,63,5,0,0,Not Found,timeout,5,290.119
/home/ubuntu/Lustre-exp/kind2-benchmarks/FMCAD08/Int32/memory1/DRAGON_11_e3_382_e1_505.lus,base,84.998,1,76,6,0,0,Not Found,timeout,6,290.116
/home/ubuntu/Lustre-exp/kind2-benchmarks/FMCAD08/Int32/memory1/DRAGON_11_e3_382_e4_4421.lus,base,92.786,1,72,5,0,0,Not Found,timeout,5,290.115
/home/ubuntu/Lustre-exp/kind2-benchmarks/FMCAD08/Int32/memory1/DRAGON_13_e7_2336_e1_541.lus,l1l2,0.037,0,2,0,0,0,Not Found,invalid,Not Found,0.426
/home/ubuntu/Lustre-exp/kind2-benchmarks/FMCAD08/Int32/memory1/DRAGON_13_e7_2336_e2_1255.lus,base,0.031,0,2,0,0,0,Not Found,invalid,Not Found,0.426
/home/ubuntu/Lustre-exp/kind2-benchmarks/FMCAD08/Int32/memory1/DRAGON_13_e7_2336_e3_3117.lus,l1l2,0.044,0,2,0,0,0,Not Found,invalid,Not Found,0.426
/home/ubuntu/Lustre-exp/kind2-benchmarks/FMCAD08/Int32/memory1/DRAGON_13_e7_2336_e7_685.lus,base,0.030,0,2,0,0,0,Not Found,invalid,Not Found,0.427
/home/ubuntu/Lustre-exp/kind2-benchmarks/FMCAD08/Int32/memory1/DRAGON_13_e7_2336.lus,l1l2,0.038,0,2,0,0,0,Not Found,invalid,Not Found,0.424
/home/ubuntu/Lustre-exp/kind2-benchmarks/FMCAD08/Int32/memory1/DRAGON_11.lus,base,14.304,1,59,4,0,0,Not Found,timeout,4,290.116
/home/ubuntu/Lustre-exp/kind2-benchmarks/FMCAD08/Int32/memory1/DRAGON_12_e2_1618_e1_6030.lus,base,0.463,1,43,3,0,0,Not Found,timeout,3,290.117
/home/ubuntu/Lustre-exp/kind2-benchmarks/FMCAD08/Int32/memory1/DRAGON_12_e2_1618_e2_138.lus,base,0.447,1,39,3,0,0,Not Found,timeout,3,290.117
/home/ubuntu/Lustre-exp/kind2-benchmarks/FMCAD08/Int32/memory1/DRAGON_12_e2_1618_e3_2012.lus,base,0.637,1,50,4,0,0,Not Found,timeout,4,290.129
/home/ubuntu/Lustre-exp/kind2-benchmarks/FMCAD08/Int32/memory1/DRAGON_12_e2_1618.lus,base,0.529,1,54,4,0,0,Not Found,timeout,4,290.139
/home/ubuntu/Lustre-exp/kind2-benchmarks/FMCAD08/Int32/memory1/DRAGON_12.lus,base,0.410,1,41,3,0,0,Not Found,timeout,3,290.131
/home/ubuntu/Lustre-exp/kind2-benchmarks/FMCAD08/Int32/memory1/DRAGON_14_e7_3162_e1_3998.lus,l1l2,6.042,1,128,8,0,0,Not Found,invalid,8,87.787
/home/ubuntu/Lustre-exp/kind2-benchmarks/FMCAD08/Int32/memory1/DRAGON_13_e3_1418_e3_2761.lus,base,0.806,1,107,7,0,0,Not Found,timeout,7,290.186
/home/ubuntu/Lustre-exp/kind2-benchmarks/FMCAD08/Int32/memory1/DRAGON_14_e7_3162_e2_753.lus,base,25.767,2,211,10,1,0,Not Found,invalid,8 3,26.492
/home/ubuntu/Lustre-exp/kind2-benchmarks/FMCAD08/Int32/memory1/DRAGON_14_e7_3162_e3_4298.lus,l1l2,23.931,2,239,12,1,0,Not Found,invalid,9 2,24.232
/home/ubuntu/Lustre-exp/kind2-benchmarks/FMCAD08/Int32/memory1/DRAGON_14_e7_3162_e7_3528.lus,l1l2,2.538,1,75,6,0,0,Not Found,invalid,6,39.441
/home/ubuntu/Lustre-exp/kind2-benchmarks/FMCAD08/Int32/memory1/DRAGON_1_e1_14612_e1_268_e7_501.lus,base,0.172,2,23,1,0,0,Not Found,valid,1,0.541
/home/ubuntu/Lustre-exp/kind2-benchmarks/FMCAD08/Int32/memory1/DRAGON_1_e1_14612_e2_2653_e7_4370.lus,l1l2,0.178,2,30,1,0,0,Not Found,valid,1,0.488
/home/ubuntu/Lustre-exp/kind2-benchmarks/FMCAD08/Int32/memory1/DRAGON_1_e1_3184_e7_1888.lus,base,0.110,2,23,1,0,0,Not Found,valid,1,0.482
/home/ubuntu/Lustre-exp/kind2-benchmarks/FMCAD08/Int32/memory1/DRAGON_1_e1_5070.lus,base,0.146,2,45,2,0,0,Not Found,valid,2,0.549
/home/ubuntu/Lustre-exp/kind2-benchmarks/FMCAD08/Int32/memory1/DRAGON_1_e2_1997_e7_3613_e2_3409.lus,base,0.112,2,23,1,0,0,Not Found,valid,1,0.482
/home/ubuntu/Lustre-exp/kind2-benchmarks/FMCAD08/Int32/memory1/DRAGON_1_e2_1997.lus,base,0.142,2,28,1,0,0,Not Found,valid,1,0.622
/home/ubuntu/Lustre-exp/kind2-benchmarks/FMCAD08/Int32/memory1/DRAGON_1_e3_11891_e7_4569_e4_4881.lus,l1l2,0.287,2,47,2,0,0,Not Found,valid,2,0.581
/home/ubuntu/Lustre-exp/kind2-benchmarks/FMCAD08/Int32/memory1/DRAGON_1.lus,l1l2,0.145,2,36,2,0,0,Not Found,valid,2,0.491
/home/ubuntu/Lustre-exp/kind2-benchmarks/FMCAD08/Int32/memory1/DRAGON_14_e7_3162.lus,l1l2,2.040,1,88,6,0,0,Not Found,invalid,6,28.996
/home/ubuntu/Lustre-exp/kind2-benchmarks/FMCAD08/Int32/memory1/DRAGON_13.lus,base,0.679,1,95,7,0,0,Not Found,timeout,7,290.219
/home/ubuntu/Lustre-exp/kind2-benchmarks/FMCAD08/Int32/memory1/DRAGON_14_e1_5710.lus,base,6.516,1,117,7,0,0,Not Found,timeout,7,290.128
/home/ubuntu/Lustre-exp/kind2-benchmarks/FMCAD08/Int32/memory1/DRAGON_14_e2_3606.lus,base,93.593,2,384,13,3,0,Not Found,timeout,16 9,290.119
/home/ubuntu/Lustre-exp/kind2-benchmarks/FMCAD08/Int32/memory1/DRAGON_14_e3_1259_e1_5798.lus,base,3.367,1,93,6,0,0,Not Found,timeout,6,290.126
/home/ubuntu/Lustre-exp/kind2-benchmarks/FMCAD08/Int32/memory1/DRAGON_2_e7_25_e1_154.lus,base,0.034,0,2,0,0,0,Not Found,invalid,Not Found,0.443
/home/ubuntu/Lustre-exp/kind2-benchmarks/FMCAD08/Int32/memory1/DRAGON_2_e7_25_e2_5340.lus,base,0.035,0,2,0,0,0,Not Found,invalid,Not Found,0.429
/home/ubuntu/Lustre-exp/kind2-benchmarks/FMCAD08/Int32/memory1/DRAGON_2_e7_25_e3_829.lus,base,0.037,0,2,0,0,0,Not Found,invalid,Not Found,0.442
/home/ubuntu/Lustre-exp/kind2-benchmarks/FMCAD08/Int32/memory1/DRAGON_2_e7_25_e7_4469.lus,base,0.034,0,2,0,0,0,Not Found,invalid,Not Found,0.418
/home/ubuntu/Lustre-exp/kind2-benchmarks/FMCAD08/Int32/memory1/DRAGON_14_e3_5120.lus,base,98.608,2,412,13,2,0,Not Found,timeout,16 9,290.118
/home/ubuntu/Lustre-exp/kind2-benchmarks/FMCAD08/Int32/memory1/DRAGON_2_e7_25.lus,l1l2,0.031,0,2,0,0,0,Not Found,invalid,Not Found,0.427
/home/ubuntu/Lustre-exp/kind2-benchmarks/FMCAD08/Int32/memory1/DRAGON_14.lus,base,93.181,2,394,13,3,0,Not Found,timeout,16 9,290.116
/home/ubuntu/Lustre-exp/kind2-benchmarks/FMCAD08/Int32/memory1/DRAGON_2_e1_2316.lus,base,Not Found,Not Found,Not Found,Not Found,Not Found,Not Found,Not Found,timeout,Not Found,290.116
/home/ubuntu/Lustre-exp/kind2-benchmarks/FMCAD08/Int32/memory1/DRAGON_2_e2_3183_e1_2644.lus,base,Not Found,Not Found,Not Found,Not Found,Not Found,Not Found,Not Found,timeout,Not Found,290.116
/home/ubuntu/Lustre-exp/kind2-benchmarks/FMCAD08/Int32/memory1/DRAGON_2_e2_3183_e2_3580.lus,base,Not Found,Not Found,Not Found,Not Found,Not Found,Not Found,Not Found,timeout,Not Found,290.117
/home/ubuntu/Lustre-exp/kind2-benchmarks/FMCAD08/Int32/memory1/DRAGON_3_e1_4783_e7_4070.lus,base,0.076,0,2,0,0,0,Not Found,invalid,Not Found,0.482
/home/ubuntu/Lustre-exp/kind2-benchmarks/FMCAD08/Int32/memory1/DRAGON_2_e2_3183_e3_5972.lus,base,Not Found,Not Found,Not Found,Not Found,Not Found,Not Found,Not Found,timeout,Not Found,290.118
/home/ubuntu/Lustre-exp/kind2-benchmarks/FMCAD08/Int32/memory1/DRAGON_2_e2_4481.lus,base,Not Found,Not Found,Not Found,Not Found,Not Found,Not Found,Not Found,timeout,Not Found,290.116
/home/ubuntu/Lustre-exp/kind2-benchmarks/FMCAD08/Int32/memory1/DRAGON_2_e7_25_e8_3171.lus,base,Not Found,Not Found,Not Found,Not Found,Not Found,Not Found,Not Found,timeout,Not Found,290.114
/home/ubuntu/Lustre-exp/kind2-benchmarks/FMCAD08/Int32/memory1/DRAGON_2.lus,base,Not Found,Not Found,Not Found,Not Found,Not Found,Not Found,Not Found,timeout,Not Found,290.114
/home/ubuntu/Lustre-exp/kind2-benchmarks/FMCAD08/Int32/memory1/DRAGON_3_e1_4783_e1_3755.lus,base,Not Found,Not Found,Not Found,Not Found,Not Found,Not Found,Not Found,timeout,Not Found,290.115
/home/ubuntu/Lustre-exp/kind2-benchmarks/FMCAD08/Int32/memory1/DRAGON_3_e7_4884.lus,l1l2,0.082,0,2,0,0,0,Not Found,invalid,Not Found,0.471
/home/ubuntu/Lustre-exp/kind2-benchmarks/FMCAD08/Int32/memory1/DRAGON_3_e1_4783_e2_158.lus,base,Not Found,Not Found,Not Found,Not Found,Not Found,Not Found,Not Found,timeout,Not Found,290.116
/home/ubuntu/Lustre-exp/kind2-benchmarks/FMCAD08/Int32/memory1/DRAGON_3_e1_4783_e3_511.lus,base,Not Found,Not Found,Not Found,Not Found,Not Found,Not Found,Not Found,timeout,Not Found,290.115
/home/ubuntu/Lustre-exp/kind2-benchmarks/FMCAD08/Int32/memory1/DRAGON_3_e1_4783.lus,base,Not Found,Not Found,Not Found,Not Found,Not Found,Not Found,Not Found,timeout,Not Found,290.116
/home/ubuntu/Lustre-exp/kind2-benchmarks/FMCAD08/Int32/memory1/DRAGON_3_e2_5343_e1_988.lus,base,Not Found,Not Found,Not Found,Not Found,Not Found,Not Found,Not Found,timeout,Not Found,290.113
/home/ubuntu/Lustre-exp/kind2-benchmarks/FMCAD08/Int32/memory1/DRAGON_3_e3_3846.lus,base,Not Found,Not Found,Not Found,Not Found,Not Found,Not Found,Not Found,timeout,Not Found,290.114
/home/ubuntu/Lustre-exp/kind2-benchmarks/FMCAD08/Int32/memory1/DRAGON_4_e2_2799_e7_2499.lus,l1l2,0.356,1,43,4,0,0,Not Found,invalid,2,0.721
/home/ubuntu/Lustre-exp/kind2-benchmarks/FMCAD08/Int32/memory1/DRAGON_3_e3_5422_e1_2288.lus,base,Not Found,Not Found,Not Found,Not Found,Not Found,Not Found,Not Found,timeout,Not Found,290.115
/home/ubuntu/Lustre-exp/kind2-benchmarks/FMCAD08/Int32/memory1/DRAGON_3_e3_5422_e2_3135.lus,base,Not Found,Not Found,Not Found,Not Found,Not Found,Not Found,Not Found,timeout,Not Found,290.114
/home/ubuntu/Lustre-exp/kind2-benchmarks/FMCAD08/Int32/memory1/DRAGON_3.lus,base,Not Found,Not Found,Not Found,Not Found,Not Found,Not Found,Not Found,timeout,Not Found,290.115
/home/ubuntu/Lustre-exp/kind2-benchmarks/FMCAD08/Int32/memory1/DRAGON_4_e7_2329_e3_4574.lus,base,0.257,1,52,5,0,0,Not Found,invalid,3,0.658
/home/ubuntu/Lustre-exp/kind2-benchmarks/FMCAD08/Int32/memory1/DRAGON_4_e7_2329_e7_3856.lus,l1l2,0.375,1,56,6,0,0,Not Found,invalid,4,0.747
/home/ubuntu/Lustre-exp/kind2-benchmarks/FMCAD08/Int32/memory1/DRAGON_4_e7_2329.lus,l1l2,0.140,1,24,2,0,0,Not Found,invalid,0,0.538
/home/ubuntu/Lustre-exp/kind2-benchmarks/FMCAD08/Int32/memory1/DRAGON_4_e1_4312.lus,base,134.871,2,11215,79,3,0,Not Found,timeout,136 60,290.176
/home/ubuntu/Lustre-exp/kind2-benchmarks/FMCAD08/Int32/memory1/DRAGON_4_e2_2799_e1_1303.lus,base,128.816,2,12400,85,3,0,Not Found,timeout,116 34,290.214
/home/ubuntu/Lustre-exp/kind2-benchmarks/FMCAD08/Int32/memory1/DRAGON_4_e2_2799_e2_2251.lus,base,31.753,2,3453,44,3,0,Not Found,timeout,53 13,290.226
/home/ubuntu/Lustre-exp/kind2-benchmarks/FMCAD08/Int32/memory1/DRAGON_5_e7_2017_e1_5832.lus,base,0.389,1,45,4,0,0,Not Found,invalid,2,0.793
/home/ubuntu/Lustre-exp/kind2-benchmarks/FMCAD08/Int32/memory1/DRAGON_5_e7_2017_e2_664.lus,base,0.488,1,48,4,0,0,Not Found,invalid,2,0.882
/home/ubuntu/Lustre-exp/kind2-benchmarks/FMCAD08/Int32/memory1/DRAGON_5_e7_2017_e3_1763.lus,l1l2,0.229,1,22,2,0,0,Not Found,invalid,0,0.634
/home/ubuntu/Lustre-exp/kind2-benchmarks/FMCAD08/Int32/memory1/DRAGON_5_e7_2017_e7_2326.lus,l1l2,0.335,1,47,4,0,0,Not Found,invalid,3,0.658
/home/ubuntu/Lustre-exp/kind2-benchmarks/FMCAD08/Int32/memory1/DRAGON_5_e7_2017.lus,l1l2,0.156,1,12,1,0,0,Not Found,invalid,0,0.523
/home/ubuntu/Lustre-exp/kind2-benchmarks/FMCAD08/Int32/memory1/DRAGON_4_e2_2799_e3_1915.lus,base,46.938,2,7569,66,3,0,Not Found,timeout,92 30,290.228
/home/ubuntu/Lustre-exp/kind2-benchmarks/FMCAD08/Int32/memory1/DRAGON_6_e7_5046_e7_3623.lus,l1l2,0.086,1,14,1,0,0,Not Found,valid,1,2.083
/home/ubuntu/Lustre-exp/kind2-benchmarks/FMCAD08/Int32/memory1/DRAGON_6.lus,l1l2,0.150,2,27,1,0,0,Not Found,valid,1,0.501
/home/ubuntu/Lustre-exp/kind2-benchmarks/FMCAD08/Int32/memory1/DRAGON_4_e2_2799.lus,base,252.296,3,4887,42,5,0,Not Found,timeout,55 25 5,290.228
/home/ubuntu/Lustre-exp/kind2-benchmarks/FMCAD08/Int32/memory1/DRAGON_4_e3_1540_e1_5048.lus,base,0.203,1,53,4,0,0,Not Found,timeout,4,290.198
/home/ubuntu/Lustre-exp/kind2-benchmarks/FMCAD08/Int32/memory1/DRAGON_4_e3_4133.lus,base,0.216,1,53,4,0,0,Not Found,timeout,4,290.242
/home/ubuntu/Lustre-exp/kind2-benchmarks/FMCAD08/Int32/memory1/DRAGON_5.lus,base,131.203,3,290,7,1,0,Not Found,timeout,8 6 3,180.087
/home/ubuntu/Lustre-exp/kind2-benchmarks/FMCAD08/Int32/memory1/DRAGON_4.lus,base,0.363,1,85,6,0,0,Not Found,timeout,6,290.259
/home/ubuntu/Lustre-exp/kind2-benchmarks/FMCAD08/Int32/memory1/DRAGON_5_e1_1835.lus,base,266.530,3,384,8,2,0,Not Found,timeout,8 6 3,290.143
/home/ubuntu/Lustre-exp/kind2-benchmarks/FMCAD08/Int32/memory1/DRAGON_5_e2_3018_e2_936.lus,base,10.371,2,134,5,0,0,Not Found,timeout,5 3,290.152
/home/ubuntu/Lustre-exp/kind2-benchmarks/FMCAD08/Int32/memory1/DRAGON_7_e2_2872_e2_5844.lus,base,9.350,1,43,3,0,0,Not Found,timeout,3,290.118
/home/ubuntu/Lustre-exp/kind2-benchmarks/FMCAD08/Int32/memory1/DRAGON_7_e2_2872_e3_2640.lus,base,3.820,1,43,3,0,0,Not Found,timeout,3,290.119
/home/ubuntu/Lustre-exp/kind2-benchmarks/FMCAD08/Int32/memory1/DRAGON_7_e7_3157_e2_2082.lus,base,12.572,1,43,3,0,0,Not Found,timeout,3,290.122
/home/ubuntu/Lustre-exp/kind2-benchmarks/FMCAD08/Int32/memory1/DRAGON_7.lus,base,84.700,2,251,8,1,0,Not Found,timeout,11 6,290.120
/home/ubuntu/Lustre-exp/kind2-benchmarks/FMCAD08/Int32/memory1/DRAGON_8_e2_3896_e3_3125.lus,base,248.752,2,2711,37,1,0,Not Found,timeout,44 9,290.141
/home/ubuntu/Lustre-exp/kind2-benchmarks/FMCAD08/Int32/memory1/DRAGON_8_e3_786_e7_4541.lus,base,0.170,1,30,2,0,0,Not Found,timeout,2,290.171
/home/ubuntu/Lustre-exp/kind2-benchmarks/FMCAD08/Int32/memory1/DRAGON_8_e3_786.lus,base,0.260,1,30,2,0,0,Not Found,timeout,2,290.141
/home/ubuntu/Lustre-exp/kind2-benchmarks/FMCAD08/Int32/memory1/DRAGON_8_e7_3752.lus,base,0.149,1,30,2,0,0,Not Found,timeout,2,290.198
/home/ubuntu/Lustre-exp/kind2-benchmarks/FMCAD08/Int32/memory1/DRAGON_all2_e2_2073_e8_3691.lus,base,0.098,0,2,0,0,0,Not Found,invalid,Not Found,0.540
/home/ubuntu/Lustre-exp/kind2-benchmarks/FMCAD08/Int32/memory1/DRAGON_8.lus,base,1.650,2,146,5,1,0,Not Found,timeout,7 4,290.121
/home/ubuntu/Lustre-exp/kind2-benchmarks/FMCAD08/Int32/memory1/DRAGON_9_e7_1843_e1_5434.lus,base,0.133,1,27,2,0,0,Not Found,timeout,2,290.141
/home/ubuntu/Lustre-exp/kind2-benchmarks/FMCAD08/Int32/memory1/DRAGON_9_e7_1843_e2_1145.lus,base,5.397,3,279,5,1,0,Not Found,timeout,6 5 3,290.132
/home/ubuntu/Lustre-exp/kind2-benchmarks/FMCAD08/Int32/memory1/DRAGON_9_e7_1843_e3_5316.lus,base,0.151,1,30,2,0,0,Not Found,timeout,2,290.148
/home/ubuntu/Lustre-exp/kind2-benchmarks/FMCAD08/Int32/memory1/DRAGON_9_e7_1843_e7_2225.lus,base,54.930,8,1572,11,1,0,Not Found,timeout,10 8 7 6 5 4 3 2,290.145
/home/ubuntu/Lustre-exp/kind2-benchmarks/FMCAD08/Int32/memory1/DRAGON_all2_e3_4612_e8_5861.lus,base,0.045,0,2,0,0,0,Not Found,invalid,Not Found,0.463
/home/ubuntu/Lustre-exp/kind2-benchmarks/FMCAD08/Int32/memory1/DRAGON_all2_e7_5406_e1_6690.lus,base,0.059,0,2,0,0,0,Not Found,invalid,Not Found,0.476
/home/ubuntu/Lustre-exp/kind2-benchmarks/FMCAD08/Int32/memory1/DRAGON_all2_e7_5406_e2_3084.lus,l1l2,0.055,0,2,0,0,0,Not Found,invalid,Not Found,0.474
/home/ubuntu/Lustre-exp/kind2-benchmarks/FMCAD08/Int32/memory1/DRAGON_all2_e7_5406_e3_506.lus,l1l2,0.059,0,2,0,0,0,Not Found,invalid,Not Found,0.452
/home/ubuntu/Lustre-exp/kind2-benchmarks/FMCAD08/Int32/memory1/DRAGON_all2_e7_5406_e7_6697.lus,l1l2,0.042,0,2,0,0,0,Not Found,invalid,Not Found,0.463
/home/ubuntu/Lustre-exp/kind2-benchmarks/FMCAD08/Int32/memory1/DRAGON_all2_e7_5406.lus,base,0.090,0,2,0,0,0,Not Found,invalid,Not Found,0.520
/home/ubuntu/Lustre-exp/kind2-benchmarks/FMCAD08/Int32/memory1/DRAGON_all2_e8_4626.lus,l1l2,0.058,0,2,0,0,0,Not Found,invalid,Not Found,0.474
/home/ubuntu/Lustre-exp/kind2-benchmarks/FMCAD08/Int32/memory1/DRAGON_all2_e8_5504_e1_4719.lus,base,0.090,0,2,0,0,0,Not Found,invalid,Not Found,0.516
/home/ubuntu/Lustre-exp/kind2-benchmarks/FMCAD08/Int32/memory1/DRAGON_all2_e8_5504_e7_579.lus,l1l2,0.050,0,2,0,0,0,Not Found,invalid,Not Found,0.461
/home/ubuntu/Lustre-exp/kind2-benchmarks/FMCAD08/Int32/memory1/DRAGON_9_e7_1843.lus,base,0.145,1,32,2,0,0,Not Found,timeout,2,290.149
/home/ubuntu/Lustre-exp/kind2-benchmarks/FMCAD08/Int32/memory1/DRAGON_9.lus,base,0.114,1,30,2,0,0,Not Found,timeout,2,290.204
/home/ubuntu/Lustre-exp/kind2-benchmarks/FMCAD08/Int32/memory1/DRAGON_all2_e3_4612_e1_6463.lus,base,60.545,1,397,17,0,0,Not Found,timeout,17,290.116
/home/ubuntu/Lustre-exp/kind2-benchmarks/FMCAD08/Int32/memory1/DRAGON_all2_e3_4612_e2_5774.lus,base,40.976,1,310,14,0,0,Not Found,timeout,14,290.118
/home/ubuntu/Lustre-exp/kind2-benchmarks/FMCAD08/Int32/memory1/DRAGON_all_e1_4022_e7_2886.lus,base,0.047,0,2,0,0,0,Not Found,invalid,Not Found,0.443
/home/ubuntu/Lustre-exp/kind2-benchmarks/FMCAD08/Int32/memory1/DRAGON_all2_e3_4612_e3_1543.lus,base,41.292,1,357,15,0,0,Not Found,timeout,15,290.119
/home/ubuntu/Lustre-exp/kind2-benchmarks/FMCAD08/Int32/memory1/DRAGON_all2_e3_4612_e4_3719.lus,base,69.255,1,319,15,0,0,Not Found,timeout,15,290.119
/home/ubuntu/Lustre-exp/kind2-benchmarks/FMCAD08/Int32/memory1/DRAGON_all2_e3_4612_e5_3642.lus,base,47.954,1,292,13,0,0,Not Found,timeout,13,290.119
/home/ubuntu/Lustre-exp/kind2-benchmarks/FMCAD08/Int32/memory1/DRAGON_all2.lus,base,77.867,1,305,14,0,0,Not Found,timeout,14,290.117
/home/ubuntu/Lustre-exp/kind2-benchmarks/FMCAD08/Int32/memory1/DRAGON_all_e1_4022_e1_1759.lus,base,Not Found,Not Found,Not Found,Not Found,Not Found,Not Found,Not Found,timeout,Not Found,290.119
/home/ubuntu/Lustre-exp/kind2-benchmarks/FMCAD08/Int32/memory1/DRAGON_all_e1_4022_e2_267.lus,base,Not Found,Not Found,Not Found,Not Found,Not Found,Not Found,Not Found,timeout,Not Found,290.117
/home/ubuntu/Lustre-exp/kind2-benchmarks/FMCAD08/Int32/memory1/DRAGON_all_e1_4022_e3_3628.lus,base,Not Found,Not Found,Not Found,Not Found,Not Found,Not Found,Not Found,timeout,Not Found,290.116
/home/ubuntu/Lustre-exp/kind2-benchmarks/FMCAD08/Int32/memory1/DRAGON_all_e1_4037.lus,base,Not Found,Not Found,Not Found,Not Found,Not Found,Not Found,Not Found,timeout,Not Found,290.115
/home/ubuntu/Lustre-exp/kind2-benchmarks/FMCAD08/Int32/memory1/DRAGON_all_e2_6104_e1_6205.lus,base,Not Found,Not Found,Not Found,Not Found,Not Found,Not Found,Not Found,timeout,Not Found,290.116
/home/ubuntu/Lustre-exp/kind2-benchmarks/FMCAD08/Int32/memory1/DRAGON_all_e2_6104_e2_3308.lus,base,Not Found,Not Found,Not Found,Not Found,Not Found,Not Found,Not Found,timeout,Not Found,290.116
/home/ubuntu/Lustre-exp/kind2-benchmarks/FMCAD08/Int32/memory1/DRAGON_all_e7_1941_e2_6086.lus,l1l2,0.035,0,2,0,0,0,Not Found,invalid,Not Found,0.435
/home/ubuntu/Lustre-exp/kind2-benchmarks/FMCAD08/Int32/memory1/DRAGON_all_e7_4065.lus,base,0.034,0,2,0,0,0,Not Found,invalid,Not Found,0.432
/home/ubuntu/Lustre-exp/kind2-benchmarks/FMCAD08/Int32/memory1/DRAGON_all_e2_6104_e3_2607.lus,base,Not Found,Not Found,Not Found,Not Found,Not Found,Not Found,Not Found,timeout,Not Found,290.116
/home/ubuntu/Lustre-exp/kind2-benchmarks/FMCAD08/Int32/memory1/DRAGON_all_e2_6104.lus,base,Not Found,Not Found,Not Found,Not Found,Not Found,Not Found,Not Found,timeout,Not Found,290.117
/home/ubuntu/Lustre-exp/kind2-benchmarks/FMCAD08/Int32/memory1/DRAGON_all_e3_4821_e1_1318.lus,base,Not Found,Not Found,Not Found,Not Found,Not Found,Not Found,Not Found,timeout,Not Found,290.118
/home/ubuntu/Lustre-exp/kind2-benchmarks/FMCAD08/Int32/memory1/DRAGON_all_e3_4821_e2_1089.lus,base,Not Found,Not Found,Not Found,Not Found,Not Found,Not Found,Not Found,timeout,Not Found,290.116
/home/ubuntu/Lustre-exp/kind2-benchmarks/FMCAD08/Int32/memory1/DRAGON_all_e3_4821_e4_1791.lus,base,Not Found,Not Found,Not Found,Not Found,Not Found,Not Found,Not Found,timeout,Not Found,290.116
/home/ubuntu/Lustre-exp/kind2-benchmarks/FMCAD08/Int32/memory1/DRAGON_all_e3_4821_e5_1536.lus,base,Not Found,Not Found,Not Found,Not Found,Not Found,Not Found,Not Found,timeout,Not Found,290.115
/home/ubuntu/Lustre-exp/kind2-benchmarks/FMCAD08/Int32/memory1/DRAGON_all_e3_5957.lus,base,Not Found,Not Found,Not Found,Not Found,Not Found,Not Found,Not Found,timeout,Not Found,290.115
/home/ubuntu/Lustre-exp/kind2-benchmarks/FMCAD08/Int32/memory1/DRAGON_all.lus,base,Not Found,Not Found,Not Found,Not Found,Not Found,Not Found,Not Found,timeout,Not Found,290.116
/home/ubuntu/Lustre-exp/kind2-benchmarks/FMCAD08/Int32/memory1/FIREFLY_10_e7_919_e2_3192.lus,base,264.473,9,19130,69,1,0,Not Found,timeout,70 69 67 65 63 62 61 60 59,290.182
/home/ubuntu/Lustre-exp/kind2-benchmarks/FMCAD08/Int32/memory1/FIREFLY_1_e1_1092_e7_1119.lus,l1l2,0.028,0,2,0,0,0,Not Found,invalid,Not Found,0.396
/home/ubuntu/Lustre-exp/kind2-benchmarks/FMCAD08/Int32/memory1/FIREFLY_1_e1_1092_e1_1486.lus,l1l2,97.947,1,31,3,0,0,Not Found,invalid,1,98.627
/home/ubuntu/Lustre-exp/kind2-benchmarks/FMCAD08/Int32/memory1/FIREFLY_1_e1_1092_e3_389.lus,l1l2,90.261,1,33,3,0,0,Not Found,invalid,1,90.939
/home/ubuntu/Lustre-exp/kind2-benchmarks/FMCAD08/Int32/memory1/FIREFLY_1_e1_1092.lus,base,76.299,1,31,3,0,0,Not Found,invalid,1,76.972
/home/ubuntu/Lustre-exp/kind2-benchmarks/FMCAD08/Int32/memory1/FIREFLY_2_e3_151_e3_1540.lus,base,45.518,1,30,3,0,0,Not Found,invalid,1,46.206
/home/ubuntu/Lustre-exp/kind2-benchmarks/FMCAD08/Int32/memory1/FIREFLY_10.lus,base,0.169,2,94,4,1,0,Not Found,timeout,5 3,290.153
/home/ubuntu/Lustre-exp/kind2-benchmarks/FMCAD08/Int32/memory1/FIREFLY_11_e1_3457.lus,base,0.146,1,41,3,0,0,Not Found,timeout,3,290.204
/home/ubuntu/Lustre-exp/kind2-benchmarks/FMCAD08/Int32/memory1/FIREFLY_3_e2_2236_e3_2657.lus,base,0.097,1,22,2,0,0,Not Found,invalid,0,0.470
/home/ubuntu/Lustre-exp/kind2-benchmarks/FMCAD08/Int32/memory1/FIREFLY_11_e3_2076_e1_1270.lus,base,0.083,1,26,2,0,0,Not Found,timeout,2,290.198
/home/ubuntu/Lustre-exp/kind2-benchmarks/FMCAD08/Int32/memory1/FIREFLY_11.lus,base,0.093,1,26,2,0,0,Not Found,timeout,2,290.172
/home/ubuntu/Lustre-exp/kind2-benchmarks/FMCAD08/Int32/memory1/FIREFLY_1_e1_1092_e2_1853.lus,base,Not Found,Not Found,Not Found,Not Found,Not Found,Not Found,Not Found,timeout,Not Found,290.115
/home/ubuntu/Lustre-exp/kind2-benchmarks/FMCAD08/Int32/memory1/FIREFLY_1.lus,base,278.186,1,27,2,0,0,Not Found,timeout,2,290.118
/home/ubuntu/Lustre-exp/kind2-benchmarks/FMCAD08/Int32/memory1/FIREFLY_2.lus,base,Not Found,Not Found,Not Found,Not Found,Not Found,Not Found,Not Found,timeout,Not Found,290.116
/home/ubuntu/Lustre-exp/kind2-benchmarks/FMCAD08/Int32/memory1/FIREFLY_3_e2_2236_e1_2305.lus,base,32.427,2,459,13,2,0,Not Found,timeout,18 9,290.145
/home/ubuntu/Lustre-exp/kind2-benchmarks/FMCAD08/Int32/memory1/FIREFLY_3_e2_2236_e2_1058.lus,base,200.133,2,663,15,2,0,Not Found,timeout,23 12,290.125
/home/ubuntu/Lustre-exp/kind2-benchmarks/FMCAD08/Int32/memory1/FIREFLY_3_e2_2236_e7_3681.lus,base,214.821,3,1437,20,2,0,Not Found,timeout,22 19 11,290.125
/home/ubuntu/Lustre-exp/kind2-benchmarks/FMCAD08/Int32/memory1/FIREFLY_4_e3_3511_e7_3568.lus,l1l2,0.074,0,2,0,0,0,Not Found,invalid,Not Found,0.447
/home/ubuntu/Lustre-exp/kind2-benchmarks/FMCAD08/Int32/memory1/FIREFLY_3_e2_2236.lus,base,51.100,2,433,12,2,0,Not Found,timeout,17 9,290.131
/home/ubuntu/Lustre-exp/kind2-benchmarks/FMCAD08/Int32/memory1/FIREFLY_3.lus,base,46.928,2,470,13,2,0,Not Found,timeout,19 10,290.128
/home/ubuntu/Lustre-exp/kind2-benchmarks/FMCAD08/Int32/memory1/FIREFLY_4_e3_3511_e1_2375.lus,base,Not Found,Not Found,Not Found,Not Found,Not Found,Not Found,Not Found,timeout,Not Found,290.117
/home/ubuntu/Lustre-exp/kind2-benchmarks/FMCAD08/Int32/memory1/FIREFLY_4_e3_3511_e2_1923.lus,base,Not Found,Not Found,Not Found,Not Found,Not Found,Not Found,Not Found,timeout,Not Found,290.117
/home/ubuntu/Lustre-exp/kind2-benchmarks/FMCAD08/Int32/memory1/FIREFLY_4_e3_3511_e3_422.lus,base,Not Found,Not Found,Not Found,Not Found,Not Found,Not Found,Not Found,timeout,Not Found,290.117
/home/ubuntu/Lustre-exp/kind2-benchmarks/FMCAD08/Int32/memory1/FIREFLY_4_e3_3511_e4_1464.lus,base,Not Found,Not Found,Not Found,Not Found,Not Found,Not Found,Not Found,timeout,Not Found,290.117
/home/ubuntu/Lustre-exp/kind2-benchmarks/FMCAD08/Int32/memory1/FIREFLY_4_e3_3511_e5_3248.lus,base,Not Found,Not Found,Not Found,Not Found,Not Found,Not Found,Not Found,timeout,Not Found,290.117
/home/ubuntu/Lustre-exp/kind2-benchmarks/FMCAD08/Int32/memory1/FIREFLY_4_e3_3511.lus,base,Not Found,Not Found,Not Found,Not Found,Not Found,Not Found,Not Found,timeout,Not Found,290.116
/home/ubuntu/Lustre-exp/kind2-benchmarks/FMCAD08/Int32/memory1/FIREFLY_4.lus,base,Not Found,Not Found,Not Found,Not Found,Not Found,Not Found,Not Found,timeout,Not Found,290.116
/home/ubuntu/Lustre-exp/kind2-benchmarks/FMCAD08/Int32/memory1/FIREFLY_5_e1_2552_e7_1169.lus,base,0.077,1,30,2,0,0,Not Found,timeout,2,290.159
/home/ubuntu/Lustre-exp/kind2-benchmarks/FMCAD08/Int32/memory1/FIREFLY_6.lus,base,5.232,5,742,12,2,3,Not Found,valid,16 14 10 5,5.831
/home/ubuntu/Lustre-exp/kind2-benchmarks/FMCAD08/Int32/memory1/FIREFLY_5_e2_2229.lus,base,0.070,1,27,2,0,0,Not Found,timeout,2,290.194
/home/ubuntu/Lustre-exp/kind2-benchmarks/FMCAD08/Int32/memory1/FIREFLY_8_e2_1711_e1_1489.lus,base,0.064,2,27,1,0,0,Not Found,valid,1,0.414
/home/ubuntu/Lustre-exp/kind2-benchmarks/FMCAD08/Int32/memory1/FIREFLY_8_e2_1711_e2_2673.lus,base,0.057,2,27,1,0,0,Not Found,valid,1,0.411
/home/ubuntu/Lustre-exp/kind2-benchmarks/FMCAD08/Int32/memory1/FIREFLY_8_e2_1711_e3_1753.lus,l1l2,0.066,2,27,1,0,0,Not Found,valid,1,0.422
/home/ubuntu/Lustre-exp/kind2-benchmarks/FMCAD08/Int32/memory1/FIREFLY_8_e2_1711_e7_1962.lus,base,0.019,0,2,0,0,0,Not Found,invalid,Not Found,0.383
/home/ubuntu/Lustre-exp/kind2-benchmarks/FMCAD08/Int32/memory1/FIREFLY_8_e2_1711.lus,l1l2,0.066,2,27,1,0,0,Not Found,valid,1,0.411
/home/ubuntu/Lustre-exp/kind2-benchmarks/FMCAD08/Int32/memory1/FIREFLY_8.lus,l1l2,0.072,2,27,1,0,0,Not Found,valid,1,0.419
/home/ubuntu/Lustre-exp/kind2-benchmarks/FMCAD08/Int32/memory1/FIREFLY_9_e7_170_e3_3647.lus,base,0.381,2,25,1,0,0,Not Found,valid,1,0.735
/home/ubuntu/Lustre-exp/kind2-benchmarks/FMCAD08/Int32/memory1/FIREFLY_9.lus,base,0.460,2,31,1,0,0,Not Found,valid,1,0.817
/home/ubuntu/Lustre-exp/kind2-benchmarks/FMCAD08/Int32/memory1/FIREFLY_a3_e1_3233_e1_3123.lus,l1l2,78.824,1,69,6,0,0,Not Found,invalid,4,79.522
/home/ubuntu/Lustre-exp/kind2-benchmarks/FMCAD08/Int32/memory1/FIREFLY_5_e2_2884_e1_2678.lus,base,0.087,1,27,2,0,0,Not Found,timeout,2,290.173
/home/ubuntu/Lustre-exp/kind2-benchmarks/FMCAD08/Int32/memory1/FIREFLY_5_e2_2884_e2_1492.lus,base,0.085,1,27,2,0,0,Not Found,timeout,2,290.199
/home/ubuntu/Lustre-exp/kind2-benchmarks/FMCAD08/Int32/memory1/FIREFLY_a3_e1_3233_e7_906.lus,base,0.025,0,2,0,0,0,Not Found,invalid,Not Found,0.405
/home/ubuntu/Lustre-exp/kind2-benchmarks/FMCAD08/Int32/memory1/FIREFLY_5_e2_2884_e3_1882.lus,base,0.083,1,27,2,0,0,Not Found,timeout,2,290.218
/home/ubuntu/Lustre-exp/kind2-benchmarks/FMCAD08/Int32/memory1/FIREFLY_5_e2_2884_e7_3594.lus,base,236.699,6,6376,46,1,0,Not Found,timeout,45 44 43 42 41 40,290.166
/home/ubuntu/Lustre-exp/kind2-benchmarks/FMCAD08/Int32/memory1/FIREFLY_a3_e1_3233.lus,l1l2,41.088,1,183,10,0,0,Not Found,invalid,8,41.788
/home/ubuntu/Lustre-exp/kind2-benchmarks/FMCAD08/Int32/memory1/FIREFLY_5.lus,base,0.075,1,27,2,0,0,Not Found,timeout,2,290.200
/home/ubuntu/Lustre-exp/kind2-benchmarks/FMCAD08/Int32/memory1/FIREFLY_a3_e2_2086_e7_2614.lus,l1l2,0.034,0,2,0,0,0,Not Found,invalid,Not Found,0.404
/home/ubuntu/Lustre-exp/kind2-benchmarks/FMCAD08/Int32/memory1/FIREFLY_6_e2_3302.lus,base,94.883,4,700,10,2,0,Not Found,timeout,11 8 5 2,290.176
/home/ubuntu/Lustre-exp/kind2-benchmarks/FMCAD08/Int32/memory1/FIREFLY_7.lus,base,1.155,1,62,4,0,0,Not Found,timeout,4,290.133
/home/ubuntu/Lustre-exp/kind2-benchmarks/FMCAD08/Int32/memory1/FIREFLY_a3_e1_3233_e2_2392.lus,base,Not Found,Not Found,Not Found,Not Found,Not Found,Not Found,Not Found,timeout,Not Found,290.116
/home/ubuntu/Lustre-exp/kind2-benchmarks/FMCAD08/Int32/memory1/FIREFLY_a3_e1_3233_e3_2970.lus,base,Not Found,Not Found,Not Found,Not Found,Not Found,Not Found,Not Found,timeout,Not Found,290.119
/home/ubuntu/Lustre-exp/kind2-benchmarks/FMCAD08/Int32/memory1/FIREFLY_a3_e2_2086_e1_3235.lus,base,Not Found,Not Found,Not Found,Not Found,Not Found,Not Found,Not Found,timeout,Not Found,290.119
/home/ubuntu/Lustre-exp/kind2-benchmarks/FMCAD08/Int32/memory1/FIREFLY_all_e1_1207_e1_1201.lus,l1l2,0.240,1,23,2,0,0,Not Found,invalid,0,0.597
/home/ubuntu/Lustre-exp/kind2-benchmarks/FMCAD08/Int32/memory1/FIREFLY_a3_e2_2086_e2_2689.lus,base,Not Found,Not Found,Not Found,Not Found,Not Found,Not Found,Not Found,timeout,Not Found,290.115
/home/ubuntu/Lustre-exp/kind2-benchmarks/FMCAD08/Int32/memory1/FIREFLY_a3_e2_2086_e3_2542.lus,base,Not Found,Not Found,Not Found,Not Found,Not Found,Not Found,Not Found,timeout,Not Found,290.117
/home/ubuntu/Lustre-exp/kind2-benchmarks/FMCAD08/Int32/memory1/FIREFLY_all_e1_1207_e7_156.lus,l1l2,0.034,0,2,0,0,0,Not Found,invalid,Not Found,0.409
/home/ubuntu/Lustre-exp/kind2-benchmarks/FMCAD08/Int32/memory1/FIREFLY_a3_e2_2952.lus,base,Not Found,Not Found,Not Found,Not Found,Not Found,Not Found,Not Found,timeout,Not Found,290.116
/home/ubuntu/Lustre-exp/kind2-benchmarks/FMCAD08/Int32/memory1/FIREFLY_a3_e3_314_e1_1979.lus,base,Not Found,Not Found,Not Found,Not Found,Not Found,Not Found,Not Found,timeout,Not Found,290.117
/home/ubuntu/Lustre-exp/kind2-benchmarks/FMCAD08/Int32/memory1/FIREFLY_a3_e3_314_e2_2812.lus,base,Not Found,Not Found,Not Found,Not Found,Not Found,Not Found,Not Found,timeout,Not Found,290.116
/home/ubuntu/Lustre-exp/kind2-benchmarks/FMCAD08/Int32/memory1/FIREFLY_all_e1_1207_e3_1928.lus,l1l2,107.508,1,81,6,0,0,Not Found,invalid,4,108.183
/home/ubuntu/Lustre-exp/kind2-benchmarks/FMCAD08/Int32/memory1/FIREFLY_all_e2_2924_e7_3371.lus,l1l2,0.025,0,2,0,0,0,Not Found,invalid,Not Found,0.396
/home/ubuntu/Lustre-exp/kind2-benchmarks/FMCAD08/Int32/memory1/FIREFLY_a3_e3_314_e4_897.lus,base,Not Found,Not Found,Not Found,Not Found,Not Found,Not Found,Not Found,timeout,Not Found,290.116
/home/ubuntu/Lustre-exp/kind2-benchmarks/FMCAD08/Int32/memory1/FIREFLY_a3.lus,base,Not Found,Not Found,Not Found,Not Found,Not Found,Not Found,Not Found,timeout,Not Found,290.116
/home/ubuntu/Lustre-exp/kind2-benchmarks/FMCAD08/Int32/memory1/FIREFLY_all_e2_3678.lus,l1l2,126.329,1,196,10,0,0,Not Found,invalid,8,127.013
/home/ubuntu/Lustre-exp/kind2-benchmarks/FMCAD08/Int32/memory1/FIREFLY_all_e3_1600_e1_667.lus,l1l2,37.769,1,70,5,0,0,Not Found,invalid,3,38.468
/home/ubuntu/Lustre-exp/kind2-benchmarks/FMCAD08/Int32/memory1/FIREFLY_all_e3_1600_e3_2055.lus,base,2.962,1,77,5,0,0,Not Found,invalid,3,3.650
/home/ubuntu/Lustre-exp/kind2-benchmarks/FMCAD08/Int32/memory1/FIREFLY_all_e3_1600_e2_676.lus,base,69.018,1,86,6,0,0,Not Found,invalid,4,69.691
/home/ubuntu/Lustre-exp/kind2-benchmarks/FMCAD08/Int32/memory1/FIREFLY_all_e3_1600_e7_1607.lus,base,0.025,0,2,0,0,0,Not Found,invalid,Not Found,0.397
/home/ubuntu/Lustre-exp/kind2-benchmarks/FMCAD08/Int32/memory1/FIREFLY_all_e1_1207_e2_3220.lus,base,Not Found,Not Found,Not Found,Not Found,Not Found,Not Found,Not Found,timeout,Not Found,290.115
/home/ubuntu/Lustre-exp/kind2-benchmarks/FMCAD08/Int32/memory1/FIREFLY_all_e7_1909.lus,base,0.030,0,2,0,0,0,Not Found,invalid,Not Found,0.397
/home/ubuntu/Lustre-exp/kind2-benchmarks/FMCAD08/Int32/memory1/FIREFLY_all_e1_3406.lus,base,Not Found,Not Found,Not Found,Not Found,Not Found,Not Found,Not Found,timeout,Not Found,290.116
/home/ubuntu/Lustre-exp/kind2-benchmarks/FMCAD08/Int32/memory1/FIREFLY_all_e2_2924_e1_768.lus,base,Not Found,Not Found,Not Found,Not Found,Not Found,Not Found,Not Found,timeout,Not Found,290.117
/home/ubuntu/Lustre-exp/kind2-benchmarks/FMCAD08/Int32/memory1/FIREFLY_all_e2_2924_e2_1767.lus,base,Not Found,Not Found,Not Found,Not Found,Not Found,Not Found,Not Found,timeout,Not Found,290.116
/home/ubuntu/Lustre-exp/kind2-benchmarks/FMCAD08/Int32/memory1/FIREFLY_all_e2_2924_e3_3946.lus,base,Not Found,Not Found,Not Found,Not Found,Not Found,Not Found,Not Found,timeout,Not Found,290.116
/home/ubuntu/Lustre-exp/kind2-benchmarks/FMCAD08/Int32/memory1/FIREFLY_all_e3_3496.lus,l1l2,72.061,1,106,7,0,0,Not Found,invalid,5,72.736
/home/ubuntu/Lustre-exp/kind2-benchmarks/FMCAD08/Int32/memory1/FIREFLY_all_e3_1600_e4_2415.lus,base,229.230,1,135,8,0,0,Not Found,invalid,6,229.918
/home/ubuntu/Lustre-exp/kind2-benchmarks/FMCAD08/Int32/memory1/FIREFLY_all_e3_1600_e5_84.lus,base,Not Found,Not Found,Not Found,Not Found,Not Found,Not Found,Not Found,timeout,Not Found,290.116
/home/ubuntu/Lustre-exp/kind2-benchmarks/FMCAD08/Int32/memory1/FIREFLY_all.lus,base,Not Found,Not Found,Not Found,Not Found,Not Found,Not Found,Not Found,timeout,Not Found,290.115
/home/ubuntu/Lustre-exp/kind2-benchmarks/FMCAD08/Int32/memory1/FIREFLY_luke_1a_e2_284_e1_2924.lus,base,0.088,1,26,2,0,0,Not Found,timeout,2,290.209
/home/ubuntu/Lustre-exp/kind2-benchmarks/FMCAD08/Int32/memory1/FIREFLY_luke_1a_e2_284_e2_2755.lus,base,0.128,1,41,3,0,0,Not Found,timeout,3,290.193
/home/ubuntu/Lustre-exp/kind2-benchmarks/FMCAD08/Int32/memory1/FIREFLY_luke_1b_e1_1139_e3_1839.lus,base,14.420,1,33,3,0,0,Not Found,invalid,1,15.106
/home/ubuntu/Lustre-exp/kind2-benchmarks/FMCAD08/Int32/memory1/FIREFLY_luke_1a_e2_284_e3_3091.lus,base,0.086,1,26,2,0,0,Not Found,timeout,2,290.199
/home/ubuntu/Lustre-exp/kind2-benchmarks/FMCAD08/Int32/memory1/FIREFLY_luke_1b_e1_1139_e1_1565.lus,l1l2,102.826,1,33,3,0,0,Not Found,invalid,1,103.513
/home/ubuntu/Lustre-exp/kind2-benchmarks/FMCAD08/Int32/memory1/FIREFLY_luke_1a_e2_284_e7_998.lus,base,0.094,1,21,2,0,0,Not Found,timeout,2,290.178
/home/ubuntu/Lustre-exp/kind2-benchmarks/FMCAD08/Int32/memory1/FIREFLY_luke_1a_e7_3042_e3_1213.lus,base,0.093,1,28,2,0,0,Not Found,timeout,2,290.194
/home/ubuntu/Lustre-exp/kind2-benchmarks/FMCAD08/Int32/memory1/FIREFLY_luke_1b_e3_671_e1_725.lus,l1l2,0.463,1,24,2,0,0,Not Found,invalid,0,1.137
/home/ubuntu/Lustre-exp/kind2-benchmarks/FMCAD08/Int32/memory1/FIREFLY_luke_1b_e1_1691.lus,base,130.629,1,33,3,0,0,Not Found,invalid,1,131.311
/home/ubuntu/Lustre-exp/kind2-benchmarks/FMCAD08/Int32/memory1/FIREFLY_luke_1b_e2_3049_e3_2697.lus,l1l2,114.743,1,29,3,0,0,Not Found,invalid,1,115.427
/home/ubuntu/Lustre-exp/kind2-benchmarks/FMCAD08/Int32/memory1/FIREFLY_luke_1a.lus,base,0.131,1,41,3,0,0,Not Found,timeout,3,290.203
/home/ubuntu/Lustre-exp/kind2-benchmarks/FMCAD08/Int32/memory1/FIREFLY_luke_1b_e3_671_e4_147.lus,base,8.778,1,26,2,0,0,Not Found,invalid,0,9.458
/home/ubuntu/Lustre-exp/kind2-benchmarks/FMCAD08/Int32/memory1/FIREFLY_luke_1b_e3_671_e3_941.lus,base,37.438,1,33,3,0,0,Not Found,invalid,1,38.119
/home/ubuntu/Lustre-exp/kind2-benchmarks/FMCAD08/Int32/memory1/FIREFLY_luke_1b_e3_671_e7_1882.lus,l1l2,0.023,0,2,0,0,0,Not Found,invalid,Not Found,0.394
/home/ubuntu/Lustre-exp/kind2-benchmarks/FMCAD08/Int32/memory1/FIREFLY_luke_1b_e3_671.lus,l1l2,19.543,1,24,2,0,0,Not Found,invalid,0,20.225
/home/ubuntu/Lustre-exp/kind2-benchmarks/FMCAD08/Int32/memory1/FIREFLY_luke_1b_e7_2574.lus,l1l2,0.028,0,2,0,0,0,Not Found,invalid,Not Found,0.383
/home/ubuntu/Lustre-exp/kind2-benchmarks/FMCAD08/Int32/memory1/FIREFLY_luke_1b_e7_3191_e1_1303.lus,base,0.022,0,2,0,0,0,Not Found,invalid,Not Found,0.383
/home/ubuntu/Lustre-exp/kind2-benchmarks/FMCAD08/Int32/memory1/FIREFLY_luke_1b_e7_3191_e2_1864.lus,base,0.022,0,2,0,0,0,Not Found,invalid,Not Found,0.384
/home/ubuntu/Lustre-exp/kind2-benchmarks/FMCAD08/Int32/memory1/FIREFLY_luke_1b_e7_3191_e7_2146.lus,base,0.021,0,2,0,0,0,Not Found,invalid,Not Found,0.384
/home/ubuntu/Lustre-exp/kind2-benchmarks/FMCAD08/Int32/memory1/FIREFLY_luke_1b_e2_3049.lus,l1l2,160.184,1,33,3,0,0,Not Found,invalid,1,160.874
/home/ubuntu/Lustre-exp/kind2-benchmarks/FMCAD08/Int32/memory1/FIREFLY_luke_1b_e2_3049_e2_698.lus,l1l2,168.812,1,33,3,0,0,Not Found,invalid,1,169.496
/home/ubuntu/Lustre-exp/kind2-benchmarks/FMCAD08/Int32/memory1/FIREFLY_luke_2_e2_1375_e1_418.lus,base,7.362,5,750,12,2,3,Not Found,valid,16 14 10 5,8.013
/home/ubuntu/Lustre-exp/kind2-benchmarks/FMCAD08/Int32/memory1/FIREFLY_luke_2_e7_1826_e8_126.lus,base,7.601,5,746,12,2,3,Not Found,valid,16 14 10 5,8.267
/home/ubuntu/Lustre-exp/kind2-benchmarks/FMCAD08/Int32/memory1/FIREFLY_luke_2.lus,base,7.061,5,746,12,2,3,Not Found,valid,16 14 10 5,7.656
/home/ubuntu/Lustre-exp/kind2-benchmarks/FMCAD08/Int32/memory1/FIREFLY_luke_1b_e1_1139_e2_2893.lus,base,Not Found,Not Found,Not Found,Not Found,Not Found,Not Found,Not Found,timeout,Not Found,290.117
/home/ubuntu/Lustre-exp/kind2-benchmarks/FMCAD08/Int32/memory1/FIREFLY_luke_1b_e2_3049_e1_946.lus,base,Not Found,Not Found,Not Found,Not Found,Not Found,Not Found,Not Found,timeout,Not Found,290.116
/home/ubuntu/Lustre-exp/kind2-benchmarks/FMCAD08/Int32/memory1/FIREFLY_luke_1b_e3_671_e2_2131.lus,base,Not Found,Not Found,Not Found,Not Found,Not Found,Not Found,Not Found,timeout,Not Found,290.115
/home/ubuntu/Lustre-exp/kind2-benchmarks/FMCAD08/Int32/memory1/FIREFLY_luke_1b_e3_671_e5_1637.lus,l1l2,215.238,1,63,5,0,0,Not Found,invalid,3,215.916
/home/ubuntu/Lustre-exp/kind2-benchmarks/FMCAD08/Int32/memory1/FIREFLY_luke_rt_e1_913_e1_1993.lus,base,0.143,1,12,1,0,0,Not Found,invalid,0,0.515
/home/ubuntu/Lustre-exp/kind2-benchmarks/FMCAD08/Int32/memory1/FIREFLY_luke_1b_e3_671_e6_1974.lus,base,Not Found,Not Found,Not Found,Not Found,Not Found,Not Found,Not Found,timeout,Not Found,290.115
/home/ubuntu/Lustre-exp/kind2-benchmarks/FMCAD08/Int32/memory1/FIREFLY_luke_1b.lus,base,Not Found,Not Found,Not Found,Not Found,Not Found,Not Found,Not Found,timeout,Not Found,290.115
/home/ubuntu/Lustre-exp/kind2-benchmarks/FMCAD08/Int32/memory1/FIREFLY_luke_rt_e1_913_e7_1403.lus,base,0.024,0,2,0,0,0,Not Found,invalid,Not Found,0.398
/home/ubuntu/Lustre-exp/kind2-benchmarks/FMCAD08/Int32/memory1/FIREFLY_luke_rt_e1_913_e3_2128.lus,base,48.539,1,25,2,0,0,Not Found,invalid,0,49.156
/home/ubuntu/Lustre-exp/kind2-benchmarks/FMCAD08/Int32/memory1/FIREFLY_luke_3_e1_2217_e3_1200.lus,base,1.086,2,190,7,0,0,Not Found,timeout,9 5,291.021
/home/ubuntu/Lustre-exp/kind2-benchmarks/FMCAD08/Int32/memory1/FIREFLY_luke_3.lus,base,78.960,4,884,14,1,1,Not Found,timeout,16 13 10 5,290.122
/home/ubuntu/Lustre-exp/kind2-benchmarks/FMCAD08/Int32/memory1/FIREFLY_luke_rt_e2_3460_e3_1333.lus,base,13.864,1,38,3,0,0,Not Found,invalid,1,14.543
/home/ubuntu/Lustre-exp/kind2-benchmarks/FMCAD08/Int32/memory1/FIREFLY_luke_rt_e2_3460_e7_471.lus,base,0.025,0,2,0,0,0,Not Found,invalid,Not Found,0.396
/home/ubuntu/Lustre-exp/kind2-benchmarks/FMCAD08/Int32/memory1/FIREFLY_luke_rt_e2_3460.lus,base,1.250,1,38,3,0,0,Not Found,invalid,1,1.933
/home/ubuntu/Lustre-exp/kind2-benchmarks/FMCAD08/Int32/memory1/FIREFLY_luke_rt_e1_913.lus,l1l2,36.662,1,38,3,0,0,Not Found,invalid,1,37.343
/home/ubuntu/Lustre-exp/kind2-benchmarks/FMCAD08/Int32/memory1/FIREFLY_luke_rt_e3_1549.lus,base,21.929,1,31,2,0,0,Not Found,invalid,0,22.613
/home/ubuntu/Lustre-exp/kind2-benchmarks/FMCAD08/Int32/memory1/FIREFLY_luke_4_e2_325.lus,base,0.090,1,26,2,0,0,Not Found,timeout,2,290.173
/home/ubuntu/Lustre-exp/kind2-benchmarks/FMCAD08/Int32/memory1/FIREFLY_luke_rt_e2_3460_e2_2670.lus,base,71.756,1,33,3,0,0,Not Found,invalid,1,72.437
/home/ubuntu/Lustre-exp/kind2-benchmarks/FMCAD08/Int32/memory1/FIREFLY_luke_4.lus,base,0.113,1,41,3,0,0,Not Found,timeout,3,290.172
/home/ubuntu/Lustre-exp/kind2-benchmarks/FMCAD08/Int32/memory1/FIREFLY_u1_e7_3318.lus,l1l2,0.073,1,12,1,0,0,Not Found,invalid,0,0.453
/home/ubuntu/Lustre-exp/kind2-benchmarks/FMCAD08/Int32/memory1/FIREFLY_u1.lus,base,6.810,5,822,13,2,3,Not Found,valid,17 15 11 6,7.260
/home/ubuntu/Lustre-exp/kind2-benchmarks/FMCAD08/Int32/memory2/ILLINOIS_1.lus,l1l2,0.239,3,93,3,0,0,Not Found,valid,1 0,0.598
/home/ubuntu/Lustre-exp/kind2-benchmarks/FMCAD08/Int32/memory2/ILLINOIS_2_e1_834_e1_1895.lus,l1l2,0.027,0,2,0,0,0,Not Found,invalid,Not Found,0.400
/home/ubuntu/Lustre-exp/kind2-benchmarks/FMCAD08/Int32/memory1/FIREFLY_luke_5.lus,base,Not Found,Not Found,Not Found,Not Found,Not Found,Not Found,Not Found,timeout,Not Found,290.115
/home/ubuntu/Lustre-exp/kind2-benchmarks/FMCAD08/Int32/memory2/ILLINOIS_2_e1_834_e3_2931.lus,l1l2,0.038,0,2,0,0,0,Not Found,invalid,Not Found,0.406
/home/ubuntu/Lustre-exp/kind2-benchmarks/FMCAD08/Int32/memory2/ILLINOIS_2_e1_834_e7_3738.lus,l1l2,0.027,0,2,0,0,0,Not Found,invalid,Not Found,0.397
/home/ubuntu/Lustre-exp/kind2-benchmarks/FMCAD08/Int32/memory2/ILLINOIS_2_e1_834.lus,base,0.035,0,2,0,0,0,Not Found,invalid,Not Found,0.404
/home/ubuntu/Lustre-exp/kind2-benchmarks/FMCAD08/Int32/memory1/FIREFLY_luke_rt_e1_913_e2_3353.lus,base,Not Found,Not Found,Not Found,Not Found,Not Found,Not Found,Not Found,timeout,Not Found,290.117
/home/ubuntu/Lustre-exp/kind2-benchmarks/FMCAD08/Int32/memory2/ILLINOIS_2_e2_2367_e2_1561.lus,base,0.025,0,2,0,0,0,Not Found,invalid,Not Found,0.398
/home/ubuntu/Lustre-exp/kind2-benchmarks/FMCAD08/Int32/memory2/ILLINOIS_2_e2_2367_e3_1601.lus,base,0.028,0,2,0,0,0,Not Found,invalid,Not Found,0.398
/home/ubuntu/Lustre-exp/kind2-benchmarks/FMCAD08/Int32/memory2/ILLINOIS_2_e2_2367_e7_2728.lus,l1l2,0.033,0,2,0,0,0,Not Found,invalid,Not Found,0.397
/home/ubuntu/Lustre-exp/kind2-benchmarks/FMCAD08/Int32/memory2/ILLINOIS_2_e2_876.lus,base,0.032,0,2,0,0,0,Not Found,invalid,Not Found,0.398
/home/ubuntu/Lustre-exp/kind2-benchmarks/FMCAD08/Int32/memory1/FIREFLY_luke_rt_e2_3460_e1_1455.lus,base,Not Found,Not Found,Not Found,Not Found,Not Found,Not Found,Not Found,timeout,Not Found,290.118
/home/ubuntu/Lustre-exp/kind2-benchmarks/FMCAD08/Int32/memory2/ILLINOIS_3_e3_2581_e1_1130.lus,l1l2,0.018,0,1,0,0,0,Not Found,invalid,Not Found,0.382
/home/ubuntu/Lustre-exp/kind2-benchmarks/FMCAD08/Int32/memory2/ILLINOIS_3_e3_2581_e2_2545.lus,l1l2,0.019,0,1,0,0,0,Not Found,invalid,Not Found,0.381
/home/ubuntu/Lustre-exp/kind2-benchmarks/FMCAD08/Int32/memory2/ILLINOIS_3_e3_2581_e3_979.lus,l1l2,0.037,0,2,0,0,0,Not Found,invalid,Not Found,0.398
/home/ubuntu/Lustre-exp/kind2-benchmarks/FMCAD08/Int32/memory2/ILLINOIS_3_e3_2581_e4_958.lus,l1l2,0.018,0,1,0,0,0,Not Found,invalid,Not Found,0.380
/home/ubuntu/Lustre-exp/kind2-benchmarks/FMCAD08/Int32/memory2/ILLINOIS_3_e3_2581_e5_4006.lus,base,0.015,0,1,0,0,0,Not Found,invalid,Not Found,0.390
/home/ubuntu/Lustre-exp/kind2-benchmarks/FMCAD08/Int32/memory2/ILLINOIS_3_e3_2581_e7_3447.lus,l1l2,0.026,0,2,0,0,0,Not Found,invalid,Not Found,0.397
/home/ubuntu/Lustre-exp/kind2-benchmarks/FMCAD08/Int32/memory2/ILLINOIS_3_e3_2581.lus,base,0.027,0,2,0,0,0,Not Found,invalid,Not Found,0.404
/home/ubuntu/Lustre-exp/kind2-benchmarks/FMCAD08/Int32/memory1/FIREFLY_luke_rt.lus,base,Not Found,Not Found,Not Found,Not Found,Not Found,Not Found,Not Found,timeout,Not Found,290.115
/home/ubuntu/Lustre-exp/kind2-benchmarks/FMCAD08/Int32/memory1/FIREFLY_rt_e3_1770_e2_637.lus,base,8.089,2,3191,39,2,0,Not Found,timeout,70 36,290.200
/home/ubuntu/Lustre-exp/kind2-benchmarks/FMCAD08/Int32/memory1/FIREFLY_rt.lus,base,0.821,2,285,10,2,0,Not Found,timeout,12 7,290.205
/home/ubuntu/Lustre-exp/kind2-benchmarks/FMCAD08/Int32/memory2/ILLINOIS_5_e7_692_e7_2865.lus,base,0.112,2,37,2,0,0,Not Found,valid,2,0.464
/home/ubuntu/Lustre-exp/kind2-benchmarks/FMCAD08/Int32/memory2/ILLINOIS_5.lus,l1l2,0.110,2,37,2,0,0,Not Found,valid,2,0.452
/home/ubuntu/Lustre-exp/kind2-benchmarks/FMCAD08/Int32/memory2/ILLINOIS_a1.lus,base,3.673,4,527,12,3,1,Not Found,valid,13 9 4,4.237
/home/ubuntu/Lustre-exp/kind2-benchmarks/FMCAD08/Int32/memory1/FIREFLY_u1_e2_3403_e2_957.lus,base,12.156,3,569,9,1,0,Not Found,timeout,13 9 4,290.138
/home/ubuntu/Lustre-exp/kind2-benchmarks/FMCAD08/Int32/memory2/ILLINOIS_2_e1_834_e2_3395.lus,base,Not Found,Not Found,Not Found,Not Found,Not Found,Not Found,Not Found,timeout,Not Found,290.115
/home/ubuntu/Lustre-exp/kind2-benchmarks/FMCAD08/Int32/memory2/MESI_1_e2_162_e7_1545.lus,base,0.970,4,274,5,1,0,Not Found,valid,5 4 2,1.327
/home/ubuntu/Lustre-exp/kind2-benchmarks/FMCAD08/Int32/memory2/MESI_1.lus,l1l2,0.232,4,157,2,0,0,Not Found,valid,2 1 0,0.569
/home/ubuntu/Lustre-exp/kind2-benchmarks/FMCAD08/Int32/memory2/MESI_2.lus,base,0.041,2,27,1,0,0,Not Found,valid,1,0.378
/home/ubuntu/Lustre-exp/kind2-benchmarks/FMCAD08/Int32/memory2/ILLINOIS_2_e2_2367_e1_3182.lus,base,Not Found,Not Found,Not Found,Not Found,Not Found,Not Found,Not Found,timeout,Not Found,290.115
/home/ubuntu/Lustre-exp/kind2-benchmarks/FMCAD08/Int32/memory2/ILLINOIS_2.lus,base,Not Found,Not Found,Not Found,Not Found,Not Found,Not Found,Not Found,timeout,Not Found,290.118
/home/ubuntu/Lustre-exp/kind2-benchmarks/FMCAD08/Int32/memory2/MESI_3_e2_819_e2_562.lus,l1l2,0.023,0,2,0,0,0,Not Found,invalid,Not Found,0.382
/home/ubuntu/Lustre-exp/kind2-benchmarks/FMCAD08/Int32/memory2/MESI_3_e2_819_e3_2698.lus,base,0.029,0,2,0,0,0,Not Found,invalid,Not Found,0.380
/home/ubuntu/Lustre-exp/kind2-benchmarks/FMCAD08/Int32/memory2/ILLINOIS_3.lus,base,Not Found,Not Found,Not Found,Not Found,Not Found,Not Found,Not Found,timeout,Not Found,290.114
/home/ubuntu/Lustre-exp/kind2-benchmarks/FMCAD08/Int32/memory2/MESI_3_e2_819_e5_2554.lus,l1l2,0.023,0,2,0,0,0,Not Found,invalid,Not Found,0.392
/home/ubuntu/Lustre-exp/kind2-benchmarks/FMCAD08/Int32/memory2/ILLINOIS_4_e7_2651_e7_2847.lus,base,0.083,1,23,2,0,0,Not Found,timeout,2,290.146
/home/ubuntu/Lustre-exp/kind2-benchmarks/FMCAD08/Int32/memory2/MESI_3_e2_819_e7_1665.lus,l1l2,0.032,0,2,0,0,0,Not Found,invalid,Not Found,0.387
/home/ubuntu/Lustre-exp/kind2-benchmarks/FMCAD08/Int32/memory2/MESI_3_e2_819_e8_1896.lus,l1l2,0.029,0,2,0,0,0,Not Found,invalid,Not Found,0.379
/home/ubuntu/Lustre-exp/kind2-benchmarks/FMCAD08/Int32/memory2/MESI_3_e2_819.lus,base,0.024,0,2,0,0,0,Not Found,invalid,Not Found,0.390
/home/ubuntu/Lustre-exp/kind2-benchmarks/FMCAD08/Int32/memory2/ILLINOIS_4.lus,base,0.075,1,27,2,0,0,Not Found,timeout,2,290.177
/home/ubuntu/Lustre-exp/kind2-benchmarks/FMCAD08/Int32/memory2/ILLINOIS_all.lus,base,Not Found,Not Found,Not Found,Not Found,Not Found,Not Found,Not Found,timeout,Not Found,290.117
/home/ubuntu/Lustre-exp/kind2-benchmarks/FMCAD08/Int32/memory2/ILLINOIS_r4a.lus,base,32.467,3,459,12,1,0,Not Found,timeout,11 7 3,290.239
/home/ubuntu/Lustre-exp/kind2-benchmarks/FMCAD08/Int32/memory2/MESI_4.lus,base,0.200,4,148,2,0,0,Not Found,valid,2 1 0,0.545
/home/ubuntu/Lustre-exp/kind2-benchmarks/FMCAD08/Int32/memory2/MESI_all_e4_1147_e7_497.lus,l1l2,11.626,3,773,18,1,0,Not Found,valid,15 14 13,12.747
/home/ubuntu/Lustre-exp/kind2-benchmarks/FMCAD08/Int32/memory2/MESI_all.lus,l1l2,0.294,4,209,4,0,0,Not Found,valid,3 2 0,0.615
/home/ubuntu/Lustre-exp/kind2-benchmarks/FMCAD08/Int32/memory2/MESI_i1_e2_1758_e8_12.lus,base,0.019,0,2,0,0,0,Not Found,invalid,Not Found,0.376
/home/ubuntu/Lustre-exp/kind2-benchmarks/FMCAD08/Int32/memory2/MESI_i1_e2_2656.lus,l1l2,0.024,0,2,0,0,0,Not Found,invalid,Not Found,0.386
/home/ubuntu/Lustre-exp/kind2-benchmarks/FMCAD08/Int32/memory2/MESI_i1_e3_2145_e1_2667.lus,l1l2,0.024,0,2,0,0,0,Not Found,invalid,Not Found,0.365
/home/ubuntu/Lustre-exp/kind2-benchmarks/FMCAD08/Int32/memory2/MESI_i1_e3_2145_e2_2228.lus,l1l2,0.024,0,2,0,0,0,Not Found,invalid,Not Found,0.366
/home/ubuntu/Lustre-exp/kind2-benchmarks/FMCAD08/Int32/memory2/MESI_i1_e3_2145_e3_977.lus,l1l2,0.025,0,2,0,0,0,Not Found,invalid,Not Found,0.366
/home/ubuntu/Lustre-exp/kind2-benchmarks/FMCAD08/Int32/memory2/MESI_i1_e3_2145_e4_1717.lus,l1l2,0.018,0,2,0,0,0,Not Found,invalid,Not Found,0.368
/home/ubuntu/Lustre-exp/kind2-benchmarks/FMCAD08/Int32/memory2/MESI_i1_e3_2145_e5_2391.lus,base,0.018,0,2,0,0,0,Not Found,invalid,Not Found,0.376
/home/ubuntu/Lustre-exp/kind2-benchmarks/FMCAD08/Int32/memory2/MESI_i1_e3_2145_e7_1847.lus,base,0.020,0,2,0,0,0,Not Found,invalid,Not Found,0.367
/home/ubuntu/Lustre-exp/kind2-benchmarks/FMCAD08/Int32/memory2/MESI_i1_e3_2145_e8_2325.lus,base,0.020,0,2,0,0,0,Not Found,invalid,Not Found,0.366
/home/ubuntu/Lustre-exp/kind2-benchmarks/FMCAD08/Int32/memory2/MESI_i1_e3_2145.lus,base,0.020,0,2,0,0,0,Not Found,invalid,Not Found,0.363
/home/ubuntu/Lustre-exp/kind2-benchmarks/FMCAD08/Int32/memory2/MESI_i1_e4_1986_e1_1519.lus,base,0.779,1,25,2,0,0,Not Found,invalid,0,1.429
/home/ubuntu/Lustre-exp/kind2-benchmarks/FMCAD08/Int32/memory2/MESI_i1_e4_1986.lus,base,0.018,0,2,0,0,0,Not Found,invalid,Not Found,0.366
/home/ubuntu/Lustre-exp/kind2-benchmarks/FMCAD08/Int32/memory2/MESI_i1.lus,l1l2,0.026,0,2,0,0,0,Not Found,invalid,Not Found,0.367
/home/ubuntu/Lustre-exp/kind2-benchmarks/FMCAD08/Int32/memory2/MESI_i2.lus,base,0.061,1,22,2,0,0,Not Found,invalid,0,0.408
/home/ubuntu/Lustre-exp/kind2-benchmarks/FMCAD08/Int32/memory2/MESI_4_e7_1140_e7_433.lus,base,37.602,8,1247,9,2,0,Not Found,valid,7 6 5 4 3 2 1,38.363
/home/ubuntu/Lustre-exp/kind2-benchmarks/FMCAD08/Int32/memory2/MESI_i3_e1_447_e2_1098.lus,l1l2,0.015,0,2,0,0,0,Not Found,invalid,Not Found,0.362
/home/ubuntu/Lustre-exp/kind2-benchmarks/FMCAD08/Int32/memory2/MESI_i3_e1_447_e3_1180.lus,base,6.106,2,41,2,0,0,Not Found,valid,2,6.753
/home/ubuntu/Lustre-exp/kind2-benchmarks/FMCAD08/Int32/memory2/MESI_i3_e1_447_e5_2444.lus,l1l2,0.016,0,2,0,0,0,Not Found,invalid,Not Found,0.366
/home/ubuntu/Lustre-exp/kind2-benchmarks/FMCAD08/Int32/memory2/MESI_3_e1_2517_e8_2163.lus,base,35.286,1,142,9,0,0,Not Found,timeout,9,290.117
/home/ubuntu/Lustre-exp/kind2-benchmarks/FMCAD08/Int32/memory2/MESI_i3_e1_447_e7_2194.lus,l1l2,1.371,2,47,2,0,0,Not Found,invalid,2 1,1.657
/home/ubuntu/Lustre-exp/kind2-benchmarks/FMCAD08/Int32/memory2/MESI_i3_e1_447.lus,l1l2,1.496,2,42,2,0,0,Not Found,invalid,2,1.749
/home/ubuntu/Lustre-exp/kind2-benchmarks/FMCAD08/Int32/memory2/MESI_i3.lus,l1l2,0.016,0,2,0,0,0,Not Found,invalid,Not Found,0.366
/home/ubuntu/Lustre-exp/kind2-benchmarks/FMCAD08/Int32/memory2/MESI_i4_e4_1689.lus,base,9.486,2,71,5,1,0,Not Found,invalid,2 1,9.961
/home/ubuntu/Lustre-exp/kind2-benchmarks/FMCAD08/Int32/memory2/MESI_3_e2_819_e1_1145.lus,base,Not Found,Not Found,Not Found,Not Found,Not Found,Not Found,Not Found,timeout,Not Found,290.117
/home/ubuntu/Lustre-exp/kind2-benchmarks/FMCAD08/Int32/memory2/MESI_3_e2_819_e4_1595.lus,base,288.289,1,160,10,0,0,Not Found,timeout,10,290.117
/home/ubuntu/Lustre-exp/kind2-benchmarks/FMCAD08/Int32/memory2/MESI_i4_e8_1381_e1_1837.lus,l1l2,0.767,1,36,3,0,0,Not Found,invalid,3,24.578
/home/ubuntu/Lustre-exp/kind2-benchmarks/FMCAD08/Int32/memory2/MESI_i4_e8_1381_e4_313.lus,l1l2,0.762,1,36,3,0,0,Not Found,invalid,3,25.560
/home/ubuntu/Lustre-exp/kind2-benchmarks/FMCAD08/Int32/memory2/MESI_i4.lus,l1l2,0.898,1,38,3,0,0,Not Found,invalid,3,22.076
/home/ubuntu/Lustre-exp/kind2-benchmarks/FMCAD08/Int32/memory2/MOESI_1_e2_982_e7_492.lus,l1l2,0.157,2,34,2,0,0,Not Found,valid,2,0.482
/home/ubuntu/Lustre-exp/kind2-benchmarks/FMCAD08/Int32/memory2/MOESI_1_e3_1884_e7_1875.lus,l1l2,0.087,2,36,2,0,0,Not Found,valid,2,0.432
/home/ubuntu/Lustre-exp/kind2-benchmarks/FMCAD08/Int32/memory2/MOESI_1.lus,base,0.054,2,23,1,0,0,Not Found,valid,1,0.410
/home/ubuntu/Lustre-exp/kind2-benchmarks/FMCAD08/Int32/memory2/MOESI_2_e1_1753_e1_1510.lus,l1l2,0.058,0,2,0,0,0,Not Found,invalid,Not Found,0.402
/home/ubuntu/Lustre-exp/kind2-benchmarks/FMCAD08/Int32/memory2/MOESI_2_e1_1753_e2_615.lus,base,0.021,0,2,0,0,0,Not Found,invalid,Not Found,0.372
/home/ubuntu/Lustre-exp/kind2-benchmarks/FMCAD08/Int32/memory2/MOESI_2_e1_1753_e3_2021.lus,base,11.989,1,24,2,0,0,Not Found,invalid,0,12.645
/home/ubuntu/Lustre-exp/kind2-benchmarks/FMCAD08/Int32/memory2/MESI_3_e2_819_e6_1459.lus,base,48.033,1,141,9,0,0,Not Found,timeout,9,290.118
/home/ubuntu/Lustre-exp/kind2-benchmarks/FMCAD08/Int32/memory2/MESI_3_e3_2669.lus,base,131.427,1,130,9,0,0,Not Found,timeout,9,290.117
/home/ubuntu/Lustre-exp/kind2-benchmarks/FMCAD08/Int32/memory2/MOESI_2_e2_1599_e1_2383.lus,base,0.062,0,2,0,0,0,Not Found,invalid,Not Found,0.413
/home/ubuntu/Lustre-exp/kind2-benchmarks/FMCAD08/Int32/memory2/MOESI_2_e2_1599_e2_1815.lus,base,0.021,0,2,0,0,0,Not Found,invalid,Not Found,0.371
/home/ubuntu/Lustre-exp/kind2-benchmarks/FMCAD08/Int32/memory2/MOESI_2_e2_1599_e3_1658.lus,l1l2,0.133,1,12,1,0,0,Not Found,invalid,0,0.487
/home/ubuntu/Lustre-exp/kind2-benchmarks/FMCAD08/Int32/memory2/MESI_3.lus,base,74.801,1,138,9,0,0,Not Found,timeout,9,290.117
/home/ubuntu/Lustre-exp/kind2-benchmarks/FMCAD08/Int32/memory2/MOESI_2_e3_929_e1_2319.lus,base,0.049,0,2,0,0,0,Not Found,invalid,Not Found,0.400
/home/ubuntu/Lustre-exp/kind2-benchmarks/FMCAD08/Int32/memory2/MOESI_2_e3_929_e2_2421.lus,base,0.022,0,2,0,0,0,Not Found,invalid,Not Found,0.369
/home/ubuntu/Lustre-exp/kind2-benchmarks/FMCAD08/Int32/memory2/MOESI_2_e3_929_e3_2294.lus,base,0.511,1,24,2,0,0,Not Found,invalid,0,0.869
/home/ubuntu/Lustre-exp/kind2-benchmarks/FMCAD08/Int32/memory2/MESI_i3_e1_447_e1_1292.lus,base,0.305,1,30,2,0,0,Not Found,timeout,2,290.120
/home/ubuntu/Lustre-exp/kind2-benchmarks/FMCAD08/Int32/memory2/MESI_i3_e1_447_e6_2281.lus,base,0.252,1,30,2,0,0,Not Found,timeout,2,290.122
/home/ubuntu/Lustre-exp/kind2-benchmarks/FMCAD08/Int32/memory2/MESI_i4_e6_2175.lus,base,0.842,1,28,2,0,0,Not Found,timeout,2,290.118
/home/ubuntu/Lustre-exp/kind2-benchmarks/FMCAD08/Int32/memory2/MOESI_2_e3_929_e7_619.lus,l1l2,0.024,0,2,0,0,0,Not Found,invalid,Not Found,0.382
/home/ubuntu/Lustre-exp/kind2-benchmarks/FMCAD08/Int32/memory2/MESI_i4_e7_1017_e6_1132.lus,base,0.495,1,26,2,0,0,Not Found,timeout,2,290.116
/home/ubuntu/Lustre-exp/kind2-benchmarks/FMCAD08/Int32/memory2/MOESI_2_e1_1753.lus,base,Not Found,Not Found,Not Found,Not Found,Not Found,Not Found,Not Found,timeout,Not Found,290.115
/home/ubuntu/Lustre-exp/kind2-benchmarks/FMCAD08/Int32/memory2/MOESI_2_e7_2607.lus,l1l2,0.037,0,2,0,0,0,Not Found,invalid,Not Found,0.378
/home/ubuntu/Lustre-exp/kind2-benchmarks/FMCAD08/Int32/memory2/MOESI_2_e7_2910_e1_1021.lus,l1l2,0.028,0,2,0,0,0,Not Found,invalid,Not Found,0.378
/home/ubuntu/Lustre-exp/kind2-benchmarks/FMCAD08/Int32/memory2/MOESI_2_e7_2910_e2_611.lus,l1l2,0.027,0,2,0,0,0,Not Found,invalid,Not Found,0.379
/home/ubuntu/Lustre-exp/kind2-benchmarks/FMCAD08/Int32/memory2/MOESI_2_e7_2910_e7_1804.lus,l1l2,0.021,0,2,0,0,0,Not Found,invalid,Not Found,0.380
/home/ubuntu/Lustre-exp/kind2-benchmarks/FMCAD08/Int32/memory2/MOESI_2_e2_155.lus,base,Not Found,Not Found,Not Found,Not Found,Not Found,Not Found,Not Found,timeout,Not Found,290.116
/home/ubuntu/Lustre-exp/kind2-benchmarks/FMCAD08/Int32/memory2/MOESI_2_e2_1599_e8_1334.lus,base,Not Found,Not Found,Not Found,Not Found,Not Found,Not Found,Not Found,timeout,Not Found,290.116
/home/ubuntu/Lustre-exp/kind2-benchmarks/FMCAD08/Int32/memory2/MOESI_2_e8_926_e7_961.lus,l1l2,0.028,0,2,0,0,0,Not Found,invalid,Not Found,0.378
/home/ubuntu/Lustre-exp/kind2-benchmarks/FMCAD08/Int32/memory2/MOESI_2_e3_929_e4_578.lus,base,Not Found,Not Found,Not Found,Not Found,Not Found,Not Found,Not Found,timeout,Not Found,290.115
/home/ubuntu/Lustre-exp/kind2-benchmarks/FMCAD08/Int32/memory2/MOESI_2_e3_929_e5_1826.lus,base,Not Found,Not Found,Not Found,Not Found,Not Found,Not Found,Not Found,timeout,Not Found,290.116
/home/ubuntu/Lustre-exp/kind2-benchmarks/FMCAD08/Int32/memory2/MOESI_all_e3_2032_e3_2788.lus,l1l2,0.598,1,20,2,0,0,Not Found,invalid,0,0.858
/home/ubuntu/Lustre-exp/kind2-benchmarks/FMCAD08/Int32/memory2/MOESI_2_e3_929_e6_2707.lus,base,Not Found,Not Found,Not Found,Not Found,Not Found,Not Found,Not Found,timeout,Not Found,290.117
/home/ubuntu/Lustre-exp/kind2-benchmarks/FMCAD08/Int32/memory2/SYNAPSE_123_e2_1653.lus,base,0.029,0,2,0,0,0,Not Found,invalid,Not Found,0.378
/home/ubuntu/Lustre-exp/kind2-benchmarks/FMCAD08/Int32/memory2/SYNAPSE_123_e3_302_e1_1141.lus,l1l2,1.180,1,51,4,0,0,Not Found,invalid,2,1.835
/home/ubuntu/Lustre-exp/kind2-benchmarks/FMCAD08/Int32/memory2/SYNAPSE_123_e3_302.lus,l1l2,0.265,1,22,2,0,0,Not Found,invalid,0,0.624
/home/ubuntu/Lustre-exp/kind2-benchmarks/FMCAD08/Int32/memory2/SYNAPSE_123_e7_837_e2_1394.lus,base,0.028,0,2,0,0,0,Not Found,invalid,Not Found,0.376
/home/ubuntu/Lustre-exp/kind2-benchmarks/FMCAD08/Int32/memory2/SYNAPSE_123_e7_837_e3_135.lus,base,0.270,1,20,2,0,0,Not Found,invalid,0,0.633
/home/ubuntu/Lustre-exp/kind2-benchmarks/FMCAD08/Int32/memory2/MOESI_2_e3_929_e8_1167.lus,base,Not Found,Not Found,Not Found,Not Found,Not Found,Not Found,Not Found,timeout,Not Found,290.115
/home/ubuntu/Lustre-exp/kind2-benchmarks/FMCAD08/Int32/memory2/MOESI_2_e3_929.lus,base,Not Found,Not Found,Not Found,Not Found,Not Found,Not Found,Not Found,timeout,Not Found,290.116
/home/ubuntu/Lustre-exp/kind2-benchmarks/FMCAD08/Int32/memory2/SYNAPSE_123_e8_953_e1_1128.lus,l1l2,0.022,0,2,0,0,0,Not Found,invalid,Not Found,0.379
/home/ubuntu/Lustre-exp/kind2-benchmarks/FMCAD08/Int32/memory2/SYNAPSE_123_e8_953_e2_458.lus,l1l2,0.017,0,2,0,0,0,Not Found,invalid,Not Found,0.368
/home/ubuntu/Lustre-exp/kind2-benchmarks/FMCAD08/Int32/memory2/SYNAPSE_123_e8_953_e3_271.lus,l1l2,1.517,1,51,4,0,0,Not Found,invalid,2,2.177
/home/ubuntu/Lustre-exp/kind2-benchmarks/FMCAD08/Int32/memory2/MOESI_2_e8_101.lus,base,Not Found,Not Found,Not Found,Not Found,Not Found,Not Found,Not Found,timeout,Not Found,290.115
/home/ubuntu/Lustre-exp/kind2-benchmarks/FMCAD08/Int32/memory2/SYNAPSE_123_e7_837_e7_1262.lus,l1l2,60.739,1,44,3,0,0,Not Found,valid,3,147.064
/home/ubuntu/Lustre-exp/kind2-benchmarks/FMCAD08/Int32/memory2/SYNAPSE_123_e7_856.lus,l1l2,61.827,1,38,3,0,0,Not Found,valid,3,164.952
/home/ubuntu/Lustre-exp/kind2-benchmarks/FMCAD08/Int32/memory2/MOESI_2_e8_926_e1_1065.lus,base,Not Found,Not Found,Not Found,Not Found,Not Found,Not Found,Not Found,timeout,Not Found,290.116
/home/ubuntu/Lustre-exp/kind2-benchmarks/FMCAD08/Int32/memory2/SYNAPSE_1.lus,base,0.038,2,28,1,0,0,Not Found,valid,1,0.377
/home/ubuntu/Lustre-exp/kind2-benchmarks/FMCAD08/Int32/memory2/SYNAPSE_2_e1_1239_e1_1331.lus,base,0.020,0,2,0,0,0,Not Found,invalid,Not Found,0.363
/home/ubuntu/Lustre-exp/kind2-benchmarks/FMCAD08/Int32/memory2/SYNAPSE_2_e1_1239_e2_74.lus,l1l2,0.015,0,2,0,0,0,Not Found,invalid,Not Found,0.363
/home/ubuntu/Lustre-exp/kind2-benchmarks/FMCAD08/Int32/memory2/SYNAPSE_2_e1_1239.lus,l1l2,0.015,0,2,0,0,0,Not Found,invalid,Not Found,0.363
/home/ubuntu/Lustre-exp/kind2-benchmarks/FMCAD08/Int32/memory2/SYNAPSE_2_e3_216.lus,l1l2,0.471,1,22,2,0,0,Not Found,invalid,0,0.820
/home/ubuntu/Lustre-exp/kind2-benchmarks/FMCAD08/Int32/memory2/SYNAPSE_2_e8_1118_e1_667.lus,l1l2,0.015,0,2,0,0,0,Not Found,invalid,Not Found,0.363
/home/ubuntu/Lustre-exp/kind2-benchmarks/FMCAD08/Int32/memory2/SYNAPSE_2_e8_1118_e2_237.lus,l1l2,0.015,0,2,0,0,0,Not Found,invalid,Not Found,0.364
/home/ubuntu/Lustre-exp/kind2-benchmarks/FMCAD08/Int32/memory2/SYNAPSE_2_e8_1118_e3_1216.lus,l1l2,3.215,1,20,2,0,0,Not Found,invalid,0,3.508
/home/ubuntu/Lustre-exp/kind2-benchmarks/FMCAD08/Int32/memory2/SYNAPSE_123_e8_953_e7_1465.lus,l1l2,105.428,1,40,3,0,0,Not Found,valid,3,175.633
/home/ubuntu/Lustre-exp/kind2-benchmarks/FMCAD08/Int32/memory2/SYNAPSE_2_e8_1118_e7_1043.lus,base,20.624,2,30,1,0,0,Not Found,valid,1,21.275
/home/ubuntu/Lustre-exp/kind2-benchmarks/FMCAD08/Int32/memory2/SYNAPSE_2_e8_1118_e8_1177.lus,l1l2,12.740,1,20,1,0,0,Not Found,valid,1,17.605
/home/ubuntu/Lustre-exp/kind2-benchmarks/FMCAD08/Int32/memory2/MOESI_2_e8_926_e8_2138.lus,base,Not Found,Not Found,Not Found,Not Found,Not Found,Not Found,Not Found,timeout,Not Found,290.115
/home/ubuntu/Lustre-exp/kind2-benchmarks/FMCAD08/Int32/memory2/SYNAPSE_3_e1_1416_e1_1675.lus,l1l2,0.015,0,2,0,0,0,Not Found,invalid,Not Found,0.365
/home/ubuntu/Lustre-exp/kind2-benchmarks/FMCAD08/Int32/memory2/SYNAPSE_3_e1_1416_e2_753.lus,l1l2,0.016,0,2,0,0,0,Not Found,invalid,Not Found,0.374
/home/ubuntu/Lustre-exp/kind2-benchmarks/FMCAD08/Int32/memory2/SYNAPSE_3_e1_1416_e3_1191.lus,l1l2,0.018,0,2,0,0,0,Not Found,invalid,Not Found,0.365
/home/ubuntu/Lustre-exp/kind2-benchmarks/FMCAD08/Int32/memory2/SYNAPSE_3_e1_1416_e7_193.lus,base,0.025,0,2,0,0,0,Not Found,invalid,Not Found,0.375
/home/ubuntu/Lustre-exp/kind2-benchmarks/FMCAD08/Int32/memory2/SYNAPSE_3_e1_1416.lus,l1l2,0.021,0,2,0,0,0,Not Found,invalid,Not Found,0.364
/home/ubuntu/Lustre-exp/kind2-benchmarks/FMCAD08/Int32/memory2/SYNAPSE_3_e3_1041.lus,base,0.120,1,12,1,0,0,Not Found,invalid,0,0.469
/home/ubuntu/Lustre-exp/kind2-benchmarks/FMCAD08/Int32/memory2/SYNAPSE_2.lus,l1l2,12.588,2,29,1,0,0,Not Found,valid,1,13.229
/home/ubuntu/Lustre-exp/kind2-benchmarks/FMCAD08/Int32/memory2/MOESI_2.lus,base,Not Found,Not Found,Not Found,Not Found,Not Found,Not Found,Not Found,timeout,Not Found,290.116
/home/ubuntu/Lustre-exp/kind2-benchmarks/FMCAD08/Int32/memory2/SYNAPSE_3_e8_1329_e1_1270.lus,l1l2,0.020,0,2,0,0,0,Not Found,invalid,Not Found,0.364
/home/ubuntu/Lustre-exp/kind2-benchmarks/FMCAD08/Int32/memory2/SYNAPSE_3_e8_1329_e2_236.lus,l1l2,0.016,0,2,0,0,0,Not Found,invalid,Not Found,0.363
/home/ubuntu/Lustre-exp/kind2-benchmarks/FMCAD08/Int32/memory2/SYNAPSE_3_e8_1329_e3_421.lus,l1l2,0.308,1,24,2,0,0,Not Found,invalid,0,0.628
/home/ubuntu/Lustre-exp/kind2-benchmarks/FMCAD08/Int32/memory2/SYNAPSE_2_e8_656.lus,base,21.575,2,29,1,0,0,Not Found,valid,1,22.219
/home/ubuntu/Lustre-exp/kind2-benchmarks/FMCAD08/Int32/memory2/SYNAPSE_3_e8_1329_e7_1062.lus,l1l2,14.652,1,16,1,0,0,Not Found,valid,1,16.790
/home/ubuntu/Lustre-exp/kind2-benchmarks/FMCAD08/Int32/memory2/SYNAPSE_3_e7_1444_e7_638.lus,base,41.690,2,29,1,0,0,Not Found,valid,1,42.330
/home/ubuntu/Lustre-exp/kind2-benchmarks/FMCAD08/Int32/memory2/SYNAPSE_3_e8_1329_e8_320.lus,base,27.352,2,29,1,0,0,Not Found,valid,1,27.987
/home/ubuntu/Lustre-exp/kind2-benchmarks/FMCAD08/Int32/memory2/SYNAPSE_4_e8_420_e7_572.lus,l1l2,0.053,2,27,1,0,0,Not Found,valid,1,0.374
/home/ubuntu/Lustre-exp/kind2-benchmarks/FMCAD08/Int32/memory2/SYNAPSE_4_e8_420_e8_1525.lus,base,0.044,2,31,1,0,0,Not Found,valid,1,0.395
/home/ubuntu/Lustre-exp/kind2-benchmarks/FMCAD08/Int32/memory2/SYNAPSE_4_e8_974.lus,l1l2,0.045,2,31,1,0,0,Not Found,valid,1,0.385
/home/ubuntu/Lustre-exp/kind2-benchmarks/FMCAD08/Int32/memory2/SYNAPSE_4.lus,base,0.046,2,31,1,0,0,Not Found,valid,1,0.385
/home/ubuntu/Lustre-exp/kind2-benchmarks/FMCAD08/Int32/memory2/SYNAPSE_5_e1_811_e1_823.lus,l1l2,0.054,1,22,2,0,0,Not Found,invalid,0,0.406
/home/ubuntu/Lustre-exp/kind2-benchmarks/FMCAD08/Int32/memory2/SYNAPSE_5_e1_811_e2_1026.lus,l1l2,0.067,1,35,3,0,0,Not Found,invalid,1,0.405
/home/ubuntu/Lustre-exp/kind2-benchmarks/FMCAD08/Int32/memory2/SYNAPSE_5_e1_811.lus,l1l2,0.086,1,33,3,0,0,Not Found,invalid,1,0.425
/home/ubuntu/Lustre-exp/kind2-benchmarks/FMCAD08/Int32/memory2/SYNAPSE_3_e7_425.lus,base,46.052,2,29,1,0,0,Not Found,valid,1,46.643
/home/ubuntu/Lustre-exp/kind2-benchmarks/FMCAD08/Int32/memory2/SYNAPSE_3_e8_1708.lus,base,28.415,2,29,1,0,0,Not Found,valid,1,28.752
/home/ubuntu/Lustre-exp/kind2-benchmarks/FMCAD08/Int32/memory2/MOESI_all.lus,base,Not Found,Not Found,Not Found,Not Found,Not Found,Not Found,Not Found,timeout,Not Found,290.113
/home/ubuntu/Lustre-exp/kind2-benchmarks/FMCAD08/Int32/memory2/SYNAPSE_123.lus,l1l2,101.736,2,58,3,0,0,Not Found,valid,3,102.376
/home/ubuntu/Lustre-exp/kind2-benchmarks/FMCAD08/Int32/memory2/SYNAPSE_123_e8_953.lus,base,151.257,2,62,3,0,0,Not Found,valid,3,151.904
/home/ubuntu/Lustre-exp/kind2-benchmarks/FMCAD08/Int32/memory2/SYNAPSE_123_e8_953_e8_941.lus,l1l2,97.638,1,49,3,0,0,Not Found,valid,3,160.734
/home/ubuntu/Lustre-exp/kind2-benchmarks/FMCAD08/Int32/memory2/SYNAPSE_3.lus,l1l2,59.869,1,20,1,0,0,Not Found,valid,1,106.531
/home/ubuntu/Lustre-exp/kind2-benchmarks/FMCAD08/Int32/memory2/SYNAPSE_all_e3_1750.lus,l1l2,0.375,1,24,2,0,0,Not Found,invalid,0,0.692
/home/ubuntu/Lustre-exp/kind2-benchmarks/FMCAD08/Int32/memory2/SYNAPSE_all_e3_1864_e3_495.lus,base,11.590,1,53,4,0,0,Not Found,invalid,2,12.251
/home/ubuntu/Lustre-exp/kind2-benchmarks/FMCAD08/Int32/memory2/SYNAPSE_all_e3_1864_e4_34.lus,l1l2,0.023,0,2,0,0,0,Not Found,invalid,Not Found,0.376
/home/ubuntu/Lustre-exp/kind2-benchmarks/FMCAD08/Int32/memory2/SYNAPSE_all_e3_1864_e5_1637.lus,base,0.018,0,2,0,0,0,Not Found,invalid,Not Found,0.367
/home/ubuntu/Lustre-exp/kind2-benchmarks/FMCAD08/Int32/memory2/SYNAPSE_all_e3_1864_e7_251.lus,l1l2,1.152,1,35,3,0,0,Not Found,invalid,1,1.817
/home/ubuntu/Lustre-exp/kind2-benchmarks/FMCAD08/Int32/memory2/SYNAPSE_5_e2_1525.lus,base,0.188,1,41,3,0,0,Not Found,timeout,3,290.116
/home/ubuntu/Lustre-exp/kind2-benchmarks/FMCAD08/Int32/memory2/SYNAPSE_5.lus,base,0.201,1,43,3,0,0,Not Found,timeout,3,290.116
/home/ubuntu/Lustre-exp/kind2-benchmarks/FMCAD08/Int32/memory2/SYNAPSE_all_e8_251_e1_1852.lus,base,0.022,0,2,0,0,0,Not Found,invalid,Not Found,0.365
/home/ubuntu/Lustre-exp/kind2-benchmarks/FMCAD08/Int32/memory2/SYNAPSE_all_e8_251_e2_1053.lus,base,0.023,0,2,0,0,0,Not Found,invalid,Not Found,0.376
/home/ubuntu/Lustre-exp/kind2-benchmarks/FMCAD08/Int32/memory2/SYNAPSE_all_e8_251_e3_1472.lus,l1l2,1.790,1,51,4,0,0,Not Found,invalid,2,2.457
/home/ubuntu/Lustre-exp/kind2-benchmarks/FMCAD08/Int32/memory2/SYNAPSE_6_e2_1439_e1_954.lus,base,13.897,1,66,4,0,0,Not Found,timeout,4,290.115
/home/ubuntu/Lustre-exp/kind2-benchmarks/FMCAD08/Int32/memory2/SYNAPSE_6_e3_1666_e5_1558.lus,base,11.331,1,48,3,0,0,Not Found,timeout,3,290.118
/home/ubuntu/Lustre-exp/kind2-benchmarks/FMCAD08/Int32/memory2/SYNAPSE_i1.lus,l1l2,0.018,0,2,0,0,0,Not Found,invalid,Not Found,0.363
/home/ubuntu/Lustre-exp/kind2-benchmarks/FMCAD08/Int32/misc/_6countern.lus,base,0.004,0,1,0,0,0,Not Found,invalid,Not Found,0.351
/home/ubuntu/Lustre-exp/kind2-benchmarks/FMCAD08/Int32/memory2/SYNAPSE_all_e7_907_e7_1363.lus,base,192.160,2,77,4,0,0,Not Found,valid,4,192.805
/home/ubuntu/Lustre-exp/kind2-benchmarks/FMCAD08/Int32/memory2/SYNAPSE_6_e7_938_e2_1012.lus,base,27.864,1,63,4,0,0,Not Found,timeout,4,290.117
/home/ubuntu/Lustre-exp/kind2-benchmarks/FMCAD08/Int32/misc/_6counters_e8_371_e2_80.lus,l1l2,0.012,2,12,0,0,0,Not Found,valid,0,0.353
/home/ubuntu/Lustre-exp/kind2-benchmarks/FMCAD08/Int32/memory2/SYNAPSE_6_e8_1147_e2_1326.lus,base,4.841,1,49,3,0,0,Not Found,timeout,3,290.116
/home/ubuntu/Lustre-exp/kind2-benchmarks/FMCAD08/Int32/misc/_6counters_e8_371_e7_304.lus,base,0.060,2,59,5,1,0,Not Found,invalid,2 0,0.397
/home/ubuntu/Lustre-exp/kind2-benchmarks/FMCAD08/Int32/misc/_6counters.lus,base,5.651,9,5260,46,3,12,Not Found,invalid,35 32 28 24 22 20 16 13 9,6.006
/home/ubuntu/Lustre-exp/kind2-benchmarks/FMCAD08/Int32/misc/durationThm_1_e1_350.lus,base,0.011,0,2,0,0,0,Not Found,invalid,Not Found,0.346
/home/ubuntu/Lustre-exp/kind2-benchmarks/FMCAD08/Int32/misc/durationThm_1_e2_3.lus,base,0.010,0,2,0,0,0,Not Found,invalid,Not Found,0.356
/home/ubuntu/Lustre-exp/kind2-benchmarks/FMCAD08/Int32/memory2/SYNAPSE_6.lus,base,6.252,1,49,3,0,0,Not Found,timeout,3,290.114
/home/ubuntu/Lustre-exp/kind2-benchmarks/FMCAD08/Int32/misc/durationThm_1_e3_389_e4_294.lus,l1l2,0.013,0,2,0,0,0,Not Found,invalid,Not Found,0.357
/home/ubuntu/Lustre-exp/kind2-benchmarks/FMCAD08/Int32/misc/durationThm_1_e3_389_e5_5.lus,l1l2,0.011,0,2,0,0,0,Not Found,invalid,Not Found,0.346
/home/ubuntu/Lustre-exp/kind2-benchmarks/FMCAD08/Int32/misc/durationThm_1_e3_389.lus,l1l2,0.011,0,2,0,0,0,Not Found,invalid,Not Found,0.346
/home/ubuntu/Lustre-exp/kind2-benchmarks/FMCAD08/Int32/misc/durationThm_1_e7_217_e1_89.lus,l1l2,0.011,0,2,0,0,0,Not Found,invalid,Not Found,0.346
/home/ubuntu/Lustre-exp/kind2-benchmarks/FMCAD08/Int32/misc/durationThm_1_e7_217_e2_352.lus,l1l2,0.010,0,2,0,0,0,Not Found,invalid,Not Found,0.347
/home/ubuntu/Lustre-exp/kind2-benchmarks/FMCAD08/Int32/misc/durationThm_1_e7_217_e3_132.lus,l1l2,0.012,0,2,0,0,0,Not Found,invalid,Not Found,0.357
/home/ubuntu/Lustre-exp/kind2-benchmarks/FMCAD08/Int32/misc/durationThm_1_e7_217_e7_31.lus,l1l2,0.010,0,2,0,0,0,Not Found,invalid,Not Found,0.345
/home/ubuntu/Lustre-exp/kind2-benchmarks/FMCAD08/Int32/misc/durationThm_1_e7_217.lus,l1l2,0.012,0,2,0,0,0,Not Found,invalid,Not Found,0.357
/home/ubuntu/Lustre-exp/kind2-benchmarks/FMCAD08/Int32/misc/durationThm_1.lus,l1l2,0.012,0,2,0,0,0,Not Found,invalid,Not Found,0.357
/home/ubuntu/Lustre-exp/kind2-benchmarks/FMCAD08/Int32/misc/durationThm_2_e2_63.lus,base,0.101,2,38,2,0,0,Not Found,valid,2,0.434
/home/ubuntu/Lustre-exp/kind2-benchmarks/FMCAD08/Int32/misc/durationThm_2_e3_329_e4_1.lus,base,0.099,2,38,2,0,0,Not Found,valid,2,0.446
/home/ubuntu/Lustre-exp/kind2-benchmarks/FMCAD08/Int32/memory2/SYNAPSE_all_e7_907.lus,l1l2,61.194,1,55,4,0,0,Not Found,valid,4,101.832
/home/ubuntu/Lustre-exp/kind2-benchmarks/FMCAD08/Int32/memory2/SYNAPSE_all.lus,l1l2,116.190,1,66,4,0,0,Not Found,valid,4,142.086
/home/ubuntu/Lustre-exp/kind2-benchmarks/FMCAD08/Int32/misc/durationThm_2_e7_145_e1_343.lus,l1l2,0.011,0,2,0,0,0,Not Found,invalid,Not Found,0.348
/home/ubuntu/Lustre-exp/kind2-benchmarks/FMCAD08/Int32/misc/durationThm_2_e7_145_e2_169.lus,base,0.099,2,50,3,0,0,Not Found,valid,3,0.444
/home/ubuntu/Lustre-exp/kind2-benchmarks/FMCAD08/Int32/memory2/SYNAPSE_all_e8_251.lus,base,151.365,2,81,4,0,0,Not Found,valid,4,152.001
/home/ubuntu/Lustre-exp/kind2-benchmarks/FMCAD08/Int32/misc/durationThm_2_e7_145_e7_154.lus,l1l2,0.015,0,2,0,0,0,Not Found,invalid,Not Found,0.358
/home/ubuntu/Lustre-exp/kind2-benchmarks/FMCAD08/Int32/misc/_6counters_e3_140_e8_149.lus,base,0.160,3,288,7,1,0,Not Found,timeout,7 5 3,290.325
/home/ubuntu/Lustre-exp/kind2-benchmarks/FMCAD08/Int32/misc/durationThm_2_e7_149.lus,l1l2,0.012,0,2,0,0,0,Not Found,invalid,Not Found,0.346
/home/ubuntu/Lustre-exp/kind2-benchmarks/FMCAD08/Int32/misc/_6counters_e8_371_e1_448.lus,base,0.397,4,623,12,2,1,Not Found,timeout,11 9 7 4,290.303
/home/ubuntu/Lustre-exp/kind2-benchmarks/FMCAD08/Int32/misc/durationThm_3_e1_36.lus,l1l2,0.011,0,1,0,0,0,Not Found,invalid,Not Found,0.345
/home/ubuntu/Lustre-exp/kind2-benchmarks/FMCAD08/Int32/misc/_6counters_e8_371_e3_224.lus,base,0.189,3,288,7,1,0,Not Found,timeout,7 5 3,290.316
/home/ubuntu/Lustre-exp/kind2-benchmarks/FMCAD08/Int32/misc/durationThm_3_e2_63.lus,l1l2,0.009,0,1,0,0,0,Not Found,invalid,Not Found,0.347
/home/ubuntu/Lustre-exp/kind2-benchmarks/FMCAD08/Int32/misc/durationThm_3_e3_207.lus,base,0.009,0,1,0,0,0,Not Found,invalid,Not Found,0.348
/home/ubuntu/Lustre-exp/kind2-benchmarks/FMCAD08/Int32/misc/durationThm_3_e3_442_e4_165.lus,l1l2,0.010,0,1,0,0,0,Not Found,invalid,Not Found,0.347
/home/ubuntu/Lustre-exp/kind2-benchmarks/FMCAD08/Int32/misc/durationThm_3_e3_442_e5_260.lus,l1l2,0.010,0,1,0,0,0,Not Found,invalid,Not Found,0.348
/home/ubuntu/Lustre-exp/kind2-benchmarks/FMCAD08/Int32/misc/durationThm_3_e7_334_e1_431.lus,l1l2,0.009,0,1,0,0,0,Not Found,invalid,Not Found,0.349
/home/ubuntu/Lustre-exp/kind2-benchmarks/FMCAD08/Int32/misc/durationThm_3_e7_334_e2_62.lus,base,0.009,0,1,0,0,0,Not Found,invalid,Not Found,0.346
/home/ubuntu/Lustre-exp/kind2-benchmarks/FMCAD08/Int32/misc/durationThm_3_e7_334_e3_42.lus,l1l2,0.011,0,1,0,0,0,Not Found,invalid,Not Found,0.358
/home/ubuntu/Lustre-exp/kind2-benchmarks/FMCAD08/Int32/misc/durationThm_3_e7_334_e7_118.lus,base,0.009,0,1,0,0,0,Not Found,invalid,Not Found,0.346
/home/ubuntu/Lustre-exp/kind2-benchmarks/FMCAD08/Int32/misc/durationThm_3_e7_334.lus,l1l2,0.009,0,1,0,0,0,Not Found,invalid,Not Found,0.349
/home/ubuntu/Lustre-exp/kind2-benchmarks/FMCAD08/Int32/misc/durationThm_3.lus,l1l2,0.009,0,1,0,0,0,Not Found,invalid,Not Found,0.347
/home/ubuntu/Lustre-exp/kind2-benchmarks/FMCAD08/Int32/misc/ex8_e7_74_e7_740.lus,base,0.010,0,2,0,0,0,Not Found,invalid,Not Found,0.349
/home/ubuntu/Lustre-exp/kind2-benchmarks/FMCAD08/Int32/misc/ex8_e7_74_e8_302.lus,base,0.010,0,2,0,0,0,Not Found,invalid,Not Found,0.349
/home/ubuntu/Lustre-exp/kind2-benchmarks/FMCAD08/Int32/misc/ex8_e7_74.lus,l1l2,0.010,0,2,0,0,0,Not Found,invalid,Not Found,0.352
/home/ubuntu/Lustre-exp/kind2-benchmarks/FMCAD08/Int32/misc/ex8_e8_220_e7_249.lus,base,0.010,0,2,0,0,0,Not Found,invalid,Not Found,0.350
/home/ubuntu/Lustre-exp/kind2-benchmarks/FMCAD08/Int32/misc/ex8_e8_220.lus,l1l2,0.010,0,2,0,0,0,Not Found,invalid,Not Found,0.349
/home/ubuntu/Lustre-exp/kind2-benchmarks/FMCAD08/Int32/misc/ex8.lus,l1l2,0.009,0,2,0,0,0,Not Found,invalid,Not Found,0.352
/home/ubuntu/Lustre-exp/kind2-benchmarks/FMCAD08/Int32/misc/ticket3i_1_e7_1669.lus,l1l2,0.114,2,44,3,0,0,Not Found,valid,3,0.455
/home/ubuntu/Lustre-exp/kind2-benchmarks/FMCAD08/Int32/misc/ticket3i_1.lus,base,0.107,2,44,3,0,0,Not Found,valid,3,0.476
/home/ubuntu/Lustre-exp/kind2-benchmarks/FMCAD08/Int32/misc/ticket3i_2.lus,base,0.262,2,126,8,2,0,Not Found,invalid,6 2,0.649
/home/ubuntu/Lustre-exp/kind2-benchmarks/FMCAD08/Int32/misc/ticket3i_3_e7_1312_e7_1495.lus,l1l2,0.021,0,2,0,0,0,Not Found,invalid,Not Found,0.388
/home/ubuntu/Lustre-exp/kind2-benchmarks/FMCAD08/Int32/misc/ticket3i_3_e7_1312_e8_1916.lus,l1l2,0.023,0,2,0,0,0,Not Found,invalid,Not Found,0.396
/home/ubuntu/Lustre-exp/kind2-benchmarks/FMCAD08/Int32/misc/ticket3i_3_e7_99.lus,l1l2,0.021,0,2,0,0,0,Not Found,invalid,Not Found,0.386
/home/ubuntu/Lustre-exp/kind2-benchmarks/FMCAD08/Int32/misc/ticket3i_3_e8_1703_e7_3491.lus,l1l2,0.022,0,2,0,0,0,Not Found,invalid,Not Found,0.388
/home/ubuntu/Lustre-exp/kind2-benchmarks/FMCAD08/Int32/misc/ticket3i_3_e8_1703_e8_2560.lus,base,0.020,0,2,0,0,0,Not Found,invalid,Not Found,0.387
/home/ubuntu/Lustre-exp/kind2-benchmarks/FMCAD08/Int32/misc/ticket3i_3_e8_1703.lus,l1l2,0.021,0,2,0,0,0,Not Found,invalid,Not Found,0.395
/home/ubuntu/Lustre-exp/kind2-benchmarks/FMCAD08/Int32/misc/ticket3i_3.lus,l1l2,0.019,0,2,0,0,0,Not Found,invalid,Not Found,0.389
/home/ubuntu/Lustre-exp/kind2-benchmarks/FMCAD08/Int32/misc/ticket3i_4_e7_1775_e7_3320.lus,l1l2,0.100,2,32,2,0,0,Not Found,valid,2,0.442
/home/ubuntu/Lustre-exp/kind2-benchmarks/FMCAD08/Int32/misc/ticket3i_4.lus,base,0.074,2,32,2,0,0,Not Found,valid,2,0.422
/home/ubuntu/Lustre-exp/kind2-benchmarks/FMCAD08/Int32/misc/ticket3i_5_e7_3307.lus,base,0.075,2,32,2,0,0,Not Found,valid,2,0.423
/home/ubuntu/Lustre-exp/kind2-benchmarks/FMCAD08/Int32/misc/ticket3i_5.lus,l1l2,0.093,2,32,2,0,0,Not Found,valid,2,0.422
/home/ubuntu/Lustre-exp/kind2-benchmarks/FMCAD08/Int32/misc/ticket3i_6_e7_1096_e7_2688.lus,l1l2,0.089,2,34,2,0,0,Not Found,valid,2,0.436
/home/ubuntu/Lustre-exp/kind2-benchmarks/FMCAD08/Int32/misc/ticket3i_6.lus,base,0.084,2,32,2,0,0,Not Found,valid,2,0.438
/home/ubuntu/Lustre-exp/kind2-benchmarks/FMCAD08/Int32/misc/ticket3i_7_e1_2192_e1_1852.lus,base,0.337,2,121,8,0,0,Not Found,valid,8,0.686
/home/ubuntu/Lustre-exp/kind2-benchmarks/FMCAD08/Int32/misc/ticket3i_7_e2_2724_e7_524.lus,l1l2,0.244,2,84,6,0,0,Not Found,valid,6,0.597
/home/ubuntu/Lustre-exp/kind2-benchmarks/FMCAD08/Int32/misc/ticket3i_7_e3_59_e7_2122.lus,l1l2,0.240,2,90,6,0,0,Not Found,valid,6,0.597
/home/ubuntu/Lustre-exp/kind2-benchmarks/FMCAD08/Int32/misc/ticket3i_7_e7_3176_e1_2924.lus,base,0.271,2,114,7,0,0,Not Found,valid,7,0.635
/home/ubuntu/Lustre-exp/kind2-benchmarks/FMCAD08/Int32/misc/ticket3i_7_e7_3176.lus,base,0.260,2,98,6,0,0,Not Found,valid,6,0.616
/home/ubuntu/Lustre-exp/kind2-benchmarks/FMCAD08/Int32/misc/ticket3i_7_e8_2126_e7_78.lus,base,0.236,2,105,6,0,0,Not Found,valid,6,0.598
/home/ubuntu/Lustre-exp/kind2-benchmarks/FMCAD08/Int32/misc/ticket3i_7.lus,l1l2,0.240,2,84,6,0,0,Not Found,valid,6,0.574
/home/ubuntu/Lustre-exp/kind2-benchmarks/FMCAD08/Int32/misc/ticket3i_all_e1_2706_e7_1776.lus,base,0.242,2,88,6,0,0,Not Found,valid,6,0.596
/home/ubuntu/Lustre-exp/kind2-benchmarks/FMCAD08/Int32/misc/ticket3i_all_e2_1117_e7_553.lus,base,0.321,3,146,7,0,0,Not Found,valid,1 0,0.680
/home/ubuntu/Lustre-exp/kind2-benchmarks/FMCAD08/Int32/misc/ticket3i_all_e3_557_e7_3464.lus,l1l2,0.269,1,85,6,0,0,Not Found,valid,5,0.610
/home/ubuntu/Lustre-exp/kind2-benchmarks/FMCAD08/Int32/misc/ticket3i_all_e7_591.lus,l1l2,0.225,2,82,6,0,0,Not Found,valid,6,0.575
/home/ubuntu/Lustre-exp/kind2-benchmarks/FMCAD08/Int32/misc/ticket3i_all_e8_505_e7_2450.lus,base,0.259,2,107,7,0,0,Not Found,valid,7,0.617
/home/ubuntu/Lustre-exp/kind2-benchmarks/FMCAD08/Int32/misc/ticket3i_all.lus,base,0.278,3,140,7,0,0,Not Found,valid,1 0,0.649
/home/ubuntu/Lustre-exp/kind2-benchmarks/FMCAD08/Int32/misc/traffic_e7_46_e7_171.lus,l1l2,0.007,0,1,0,0,0,Not Found,invalid,Not Found,0.346
/home/ubuntu/Lustre-exp/kind2-benchmarks/FMCAD08/Int32/misc/traffic_e7_46.lus,l1l2,0.007,0,1,0,0,0,Not Found,invalid,Not Found,0.348
/home/ubuntu/Lustre-exp/kind2-benchmarks/FMCAD08/Int32/misc/durationThm_2_e1_301.lus,base,0.699,1,52,4,0,0,Not Found,timeout,4,290.124
/home/ubuntu/Lustre-exp/kind2-benchmarks/FMCAD08/Int32/misc/durationThm_2_e3_329_e5_124.lus,base,0.118,1,35,3,0,0,Not Found,timeout,3,290.122
/home/ubuntu/Lustre-exp/kind2-benchmarks/FMCAD08/Int32/misc/two_counters_e1_268.lus,l1l2,0.008,0,2,0,0,0,Not Found,invalid,Not Found,0.347
/home/ubuntu/Lustre-exp/kind2-benchmarks/FMCAD08/Int32/misc/two_counters_e2_3.lus,l1l2,0.021,1,12,1,0,0,Not Found,invalid,0,0.355
/home/ubuntu/Lustre-exp/kind2-benchmarks/FMCAD08/Int32/misc/two_counters_e3_325.lus,l1l2,0.022,1,12,1,0,0,Not Found,invalid,0,0.369
/home/ubuntu/Lustre-exp/kind2-benchmarks/FMCAD08/Int32/misc/two_counters_e7_222.lus,base,0.007,0,2,0,0,0,Not Found,invalid,Not Found,0.343
/home/ubuntu/Lustre-exp/kind2-benchmarks/FMCAD08/Int32/misc/twisted_counters.lus,base,3.490,9,3727,29,3,9,Not Found,valid,32 29 25 22 20 18 15 8,3.829
/home/ubuntu/Lustre-exp/kind2-benchmarks/FMCAD08/Int32/misc/two_counters.lus,l1l2,1.114,6,1505,20,4,5,Not Found,valid,25 23 18 15 9,1.406
/home/ubuntu/Lustre-exp/kind2-benchmarks/FMCAD08/Int32/protocol/peterson_1.lus,l1l2,0.311,4,153,2,0,0,Not Found,valid,2 1 0,0.653
/home/ubuntu/Lustre-exp/kind2-benchmarks/FMCAD08/Int32/protocol/peterson_2.lus,base,0.259,4,153,2,0,0,Not Found,valid,2 1 0,0.631
/home/ubuntu/Lustre-exp/kind2-benchmarks/FMCAD08/Int32/protocol/peterson_3.lus,base,0.260,4,153,2,0,0,Not Found,valid,2 1 0,0.634
/home/ubuntu/Lustre-exp/kind2-benchmarks/FMCAD08/Int32/protocol/peterson_4.lus,base,0.258,4,153,2,0,0,Not Found,valid,2 1 0,0.634
/home/ubuntu/Lustre-exp/kind2-benchmarks/FMCAD08/Int32/protocol/peterson_all.lus,l1l2,1.360,4,407,8,0,0,Not Found,valid,8 4 0,1.724
/home/ubuntu/Lustre-exp/kind2-benchmarks/FMCAD08/Int32/misc/durationThm_2_e3_99.lus,base,0.104,1,25,2,0,0,Not Found,timeout,2,290.121
/home/ubuntu/Lustre-exp/kind2-benchmarks/FMCAD08/Int32/misc/durationThm_2_e7_145_e3_222.lus,base,0.228,1,60,5,0,0,Not Found,timeout,5,290.120
/home/ubuntu/Lustre-exp/kind2-benchmarks/FMCAD08/Int32/misc/durationThm_2_e7_145_e8_73.lus,base,1.989,1,52,4,0,0,Not Found,timeout,4,290.124
/home/ubuntu/Lustre-exp/kind2-benchmarks/FMCAD08/Int32/protocol/rtp_10.lus,base,0.220,4,153,2,0,0,Not Found,valid,2 1 0,0.590
/home/ubuntu/Lustre-exp/kind2-benchmarks/FMCAD08/Int32/protocol/rtp_1.lus,l1l2,0.066,2,23,1,0,0,Not Found,valid,1,0.436
/home/ubuntu/Lustre-exp/kind2-benchmarks/FMCAD08/Int32/protocol/rtp_2.lus,base,0.129,2,58,3,0,0,Not Found,valid,3,0.497
/home/ubuntu/Lustre-exp/kind2-benchmarks/FMCAD08/Int32/protocol/rtp_3.lus,l1l2,0.243,4,153,2,0,0,Not Found,valid,2 1 0,0.575
/home/ubuntu/Lustre-exp/kind2-benchmarks/FMCAD08/Int32/protocol/rtp_4.lus,l1l2,0.239,4,153,2,0,0,Not Found,valid,2 1 0,0.585
/home/ubuntu/Lustre-exp/kind2-benchmarks/FMCAD08/Int32/misc/durationThm_2.lus,base,1.969,1,52,4,0,0,Not Found,timeout,4,290.124
/home/ubuntu/Lustre-exp/kind2-benchmarks/FMCAD08/Int32/protocol/rtp_5.lus,l1l2,0.248,4,153,2,0,0,Not Found,valid,2 1 0,0.610
/home/ubuntu/Lustre-exp/kind2-benchmarks/FMCAD08/Int32/protocol/rtp_6.lus,base,0.238,4,153,2,0,0,Not Found,valid,2 1 0,0.599
/home/ubuntu/Lustre-exp/kind2-benchmarks/FMCAD08/Int32/protocol/rtp_7.lus,base,0.231,4,153,2,0,0,Not Found,valid,2 1 0,0.599
/home/ubuntu/Lustre-exp/kind2-benchmarks/FMCAD08/Int32/protocol/rtp_8.lus,base,0.232,4,153,2,0,0,Not Found,valid,2 1 0,0.600
/home/ubuntu/Lustre-exp/kind2-benchmarks/FMCAD08/Int32/protocol/rtp_9.lus,base,0.244,4,153,2,0,0,Not Found,valid,2 1 0,0.616
/home/ubuntu/Lustre-exp/kind2-benchmarks/FMCAD08/Int32/misc/ex3.lus,base,0.426,2,210,8,0,0,Not Found,timeout,12 7,290.138
/home/ubuntu/Lustre-exp/kind2-benchmarks/FMCAD08/Int32/protocol/rtp_all.lus,base,4.492,4,936,19,0,0,Not Found,valid,16 8 0,5.046
/home/ubuntu/Lustre-exp/kind2-benchmarks/FMCAD08/Int32/misc/traffic.lus,base,Not Found,Not Found,Not Found,Not Found,Not Found,Not Found,Not Found,timeout,Not Found,290.117
/home/ubuntu/Lustre-exp/kind2-benchmarks/FMCAD08/Int32/protocol/peterson_1_e7_4234.lus,base,0.111,1,26,2,0,0,Not Found,timeout,2,290.176
/home/ubuntu/Lustre-exp/kind2-benchmarks/FMCAD08/Int32/protocol/peterson_vt.lus,base,Not Found,Not Found,Not Found,Not Found,Not Found,Not Found,Not Found,timeout,Not Found,290.117
/home/ubuntu/Lustre-exp/kind2-benchmarks/FMCAD08/Int32/protocol/swimmingpool_2.lus,base,0.020,0,2,0,0,0,Not Found,invalid,Not Found,0.378
/home/ubuntu/Lustre-exp/kind2-benchmarks/FMCAD08/Int32/protocol/swimmingpool_3.lus,l1l2,0.063,1,12,1,0,0,Not Found,invalid,0,0.434
/home/ubuntu/Lustre-exp/kind2-benchmarks/FMCAD08/Int32/protocol/swimmingpool_4_e7_2197.lus,l1l2,0.157,2,48,4,1,0,Not Found,invalid,2 1,0.534
/home/ubuntu/Lustre-exp/kind2-benchmarks/FMCAD08/Int32/protocol/swimmingpool_4.lus,base,0.132,2,48,4,1,0,Not Found,invalid,2 1,0.503
/home/ubuntu/Lustre-exp/kind2-benchmarks/FMCAD08/Int32/protocol/swimmingpool_5.lus,base,0.316,2,72,6,1,0,Not Found,invalid,3 2,0.692
/home/ubuntu/Lustre-exp/kind2-benchmarks/FMCAD08/Int32/protocol/swimmingpool_6_e7_10_e7_341.lus,base,16.303,4,633,11,2,0,Not Found,invalid,9 7 5 1,17.002
/home/ubuntu/Lustre-exp/kind2-benchmarks/FMCAD08/Int32/protocol/swimmingpool_6_e7_399.lus,base,14.906,3,568,16,2,0,Not Found,invalid,12 11 8,15.609
/home/ubuntu/Lustre-exp/kind2-benchmarks/FMCAD08/Int32/protocol/swimmingpool_6.lus,base,0.291,2,68,6,1,0,Not Found,invalid,3 1,0.683
/home/ubuntu/Lustre-exp/kind2-benchmarks/FMCAD08/Int32/protocol/swimmingpool_7.lus,l1l2,0.722,3,169,7,1,0,Not Found,invalid,4 2 0,1.118
/home/ubuntu/Lustre-exp/kind2-benchmarks/FMCAD08/Int32/protocol/swimmingpool_8.lus,l1l2,0.668,3,122,8,0,0,Not Found,invalid,4 1 0,1.066
/home/ubuntu/Lustre-exp/kind2-benchmarks/FMCAD08/Int32/protocol/readwrit.lus,base,0.098,1,28,2,0,0,Not Found,timeout,2,290.174
/home/ubuntu/Lustre-exp/kind2-benchmarks/FMCAD08/Int32/protocol/rtp_10_e7_106_e7_2564.lus,base,0.099,1,21,2,0,0,Not Found,timeout,2,290.171
/home/ubuntu/Lustre-exp/kind2-benchmarks/FMCAD08/Int32/simulation/car_1.lus,base,0.191,4,153,2,0,0,Not Found,valid,2 1 0,0.530
/home/ubuntu/Lustre-exp/kind2-benchmarks/FMCAD08/Int32/simulation/car_2_e7_1027_e1_1047.lus,base,0.174,3,75,2,0,0,Not Found,valid,3 2,0.518
/home/ubuntu/Lustre-exp/kind2-benchmarks/FMCAD08/Int32/simulation/car_2_e7_1027_e7_359.lus,base,0.460,4,167,4,0,0,Not Found,valid,5 4 2,0.798
/home/ubuntu/Lustre-exp/kind2-benchmarks/FMCAD08/Int32/simulation/car_2_e8_491_e7_826.lus,l1l2,0.165,3,75,2,0,0,Not Found,valid,3 2,0.496
/home/ubuntu/Lustre-exp/kind2-benchmarks/FMCAD08/Int32/simulation/car_2.lus,base,0.322,4,149,2,0,0,Not Found,valid,2 1 0,0.670
/home/ubuntu/Lustre-exp/kind2-benchmarks/FMCAD08/Int32/simulation/car_3_e1_586.lus,l1l2,0.043,1,12,1,0,0,Not Found,invalid,0,0.380
/home/ubuntu/Lustre-exp/kind2-benchmarks/FMCAD08/Int32/simulation/car_3_e2_695.lus,base,0.037,2,28,1,0,0,Not Found,valid,1,0.377
/home/ubuntu/Lustre-exp/kind2-benchmarks/FMCAD08/Int32/simulation/car_3_e7_626_e1_305.lus,l1l2,0.049,1,18,2,0,0,Not Found,invalid,0,0.391
/home/ubuntu/Lustre-exp/kind2-benchmarks/FMCAD08/Int32/simulation/car_3_e7_626.lus,base,0.135,3,74,2,0,0,Not Found,valid,2 1,0.475
/home/ubuntu/Lustre-exp/kind2-benchmarks/FMCAD08/Int32/simulation/car_3_e8_33_e1_856.lus,base,0.035,1,12,1,0,0,Not Found,invalid,0,0.382
/home/ubuntu/Lustre-exp/kind2-benchmarks/FMCAD08/Int32/simulation/car_3_e8_33_e2_1010.lus,base,0.044,2,28,1,0,0,Not Found,valid,1,0.384
/home/ubuntu/Lustre-exp/kind2-benchmarks/FMCAD08/Int32/simulation/car_3_e8_33_e7_220.lus,base,0.133,3,74,2,0,0,Not Found,valid,2 1,0.479
/home/ubuntu/Lustre-exp/kind2-benchmarks/FMCAD08/Int32/simulation/car_3_e8_33.lus,l1l2,0.150,3,76,2,0,0,Not Found,valid,2 1,0.488
/home/ubuntu/Lustre-exp/kind2-benchmarks/FMCAD08/Int32/simulation/car_3.lus,l1l2,0.226,3,104,3,0,0,Not Found,valid,3 1,0.548
/home/ubuntu/Lustre-exp/kind2-benchmarks/FMCAD08/Int32/simulation/car_4_e3_57_e4_1047.lus,l1l2,0.033,2,27,1,0,0,Not Found,valid,1,0.378
/home/ubuntu/Lustre-exp/kind2-benchmarks/FMCAD08/Int32/simulation/car_4_e3_57_e5_999.lus,l1l2,0.011,0,2,0,0,0,Not Found,invalid,Not Found,0.348
/home/ubuntu/Lustre-exp/kind2-benchmarks/FMCAD08/Int32/simulation/car_4_e3_57_e6_784.lus,l1l2,0.185,4,155,2,0,0,Not Found,valid,2 1 0,0.500
/home/ubuntu/Lustre-exp/kind2-benchmarks/FMCAD08/Int32/simulation/car_4_e3_57.lus,l1l2,0.010,0,2,0,0,0,Not Found,invalid,Not Found,0.349
/home/ubuntu/Lustre-exp/kind2-benchmarks/FMCAD08/Int32/simulation/car_4_e7_592_e3_442.lus,base,0.011,0,2,0,0,0,Not Found,invalid,Not Found,0.351
/home/ubuntu/Lustre-exp/kind2-benchmarks/FMCAD08/Int32/simulation/car_4_e7_592_e7_265.lus,l1l2,0.191,4,168,4,0,0,Not Found,valid,5 4 2,0.530
/home/ubuntu/Lustre-exp/kind2-benchmarks/FMCAD08/Int32/simulation/car_4_e7_592.lus,l1l2,0.099,3,73,2,0,0,Not Found,valid,2 1,0.428
/home/ubuntu/Lustre-exp/kind2-benchmarks/FMCAD08/Int32/simulation/car_4_e8_118_e3_514.lus,l1l2,0.011,0,2,0,0,0,Not Found,invalid,Not Found,0.360
/home/ubuntu/Lustre-exp/kind2-benchmarks/FMCAD08/Int32/simulation/car_4_e8_118_e7_178.lus,l1l2,0.101,3,76,2,0,0,Not Found,valid,2 1,0.447
/home/ubuntu/Lustre-exp/kind2-benchmarks/FMCAD08/Int32/protocol/rtp_5_e7_3972.lus,base,0.419,2,129,5,1,0,Not Found,timeout,6 3,290.174
/home/ubuntu/Lustre-exp/kind2-benchmarks/FMCAD08/Int32/simulation/car_4_e8_118.lus,base,0.106,3,81,2,0,0,Not Found,valid,2 1,0.448
/home/ubuntu/Lustre-exp/kind2-benchmarks/FMCAD08/Int32/simulation/car_4.lus,l1l2,0.151,4,155,2,0,0,Not Found,valid,2 1 0,0.491
/home/ubuntu/Lustre-exp/kind2-benchmarks/FMCAD08/Int32/simulation/car_5_e2_405_e2_1083.lus,base,0.315,2,142,11,0,0,Not Found,invalid,9 2,0.679
/home/ubuntu/Lustre-exp/kind2-benchmarks/FMCAD08/Int32/simulation/car_5_e2_405_e3_473.lus,l1l2,0.336,2,156,12,0,0,Not Found,invalid,10 3,0.686
/home/ubuntu/Lustre-exp/kind2-benchmarks/FMCAD08/Int32/simulation/car_5_e2_405_e8_1055.lus,l1l2,0.294,2,141,11,0,0,Not Found,invalid,8 1,0.654
/home/ubuntu/Lustre-exp/kind2-benchmarks/FMCAD08/Int32/simulation/car_5_e3_11_e1_429.lus,base,0.932,2,174,12,0,0,Not Found,invalid,10 2,1.288
/home/ubuntu/Lustre-exp/kind2-benchmarks/FMCAD08/Int32/simulation/car_5_e3_11_e5_24.lus,l1l2,0.828,2,180,12,0,0,Not Found,invalid,11 1,1.153
/home/ubuntu/Lustre-exp/kind2-benchmarks/FMCAD08/Int32/simulation/car_5_e3_661.lus,base,0.740,2,129,10,0,0,Not Found,invalid,8 1,1.089
/home/ubuntu/Lustre-exp/kind2-benchmarks/FMCAD08/Int32/simulation/car_5_e7_244_e2_693.lus,base,0.356,2,154,12,0,0,Not Found,invalid,10 3,0.714
/home/ubuntu/Lustre-exp/kind2-benchmarks/FMCAD08/Int32/simulation/car_5_e7_244_e3_1071.lus,l1l2,0.792,2,148,11,0,0,Not Found,invalid,9 1,1.116
/home/ubuntu/Lustre-exp/kind2-benchmarks/FMCAD08/Int32/protocol/rtp_all_e7_2500.lus,base,1.340,1,382,19,0,0,Not Found,timeout,19,290.190
/home/ubuntu/Lustre-exp/kind2-benchmarks/FMCAD08/Int32/protocol/rtp_vt.lus,base,223.992,5,2912,39,6,4,Not Found,timeout,41 40 38 33 17,290.123
/home/ubuntu/Lustre-exp/kind2-benchmarks/FMCAD08/Int32/protocol/swimmingpool_1_e7_1621.lus,base,Not Found,Not Found,Not Found,Not Found,Not Found,Not Found,Not Found,timeout,Not Found,290.116
/home/ubuntu/Lustre-exp/kind2-benchmarks/FMCAD08/Int32/protocol/swimmingpool_1.lus,base,Not Found,Not Found,Not Found,Not Found,Not Found,Not Found,Not Found,timeout,Not Found,290.118
/home/ubuntu/Lustre-exp/kind2-benchmarks/FMCAD08/Int32/simulation/car_6_e2_589_e2_506.lus,l1l2,0.295,2,191,14,0,0,Not Found,invalid,12 3,0.623
/home/ubuntu/Lustre-exp/kind2-benchmarks/FMCAD08/Int32/simulation/car_6_e2_589_e3_349.lus,base,0.416,2,177,13,0,0,Not Found,invalid,11 2,0.766
/home/ubuntu/Lustre-exp/kind2-benchmarks/FMCAD08/Int32/simulation/car_6_e2_893.lus,l1l2,0.345,2,175,13,0,0,Not Found,invalid,11 2,0.670
/home/ubuntu/Lustre-exp/kind2-benchmarks/FMCAD08/Int32/simulation/car_6_e3_294_e1_956.lus,l1l2,0.894,2,219,15,0,0,Not Found,invalid,14 3,1.212
/home/ubuntu/Lustre-exp/kind2-benchmarks/FMCAD08/Int32/simulation/car_6_e3_294_e3_47.lus,l1l2,0.804,2,175,13,0,0,Not Found,invalid,11 2,1.068
/home/ubuntu/Lustre-exp/kind2-benchmarks/FMCAD08/Int32/simulation/car_6_e3_294_e5_979.lus,base,0.693,2,175,13,0,0,Not Found,invalid,11 2,1.049
/home/ubuntu/Lustre-exp/kind2-benchmarks/FMCAD08/Int32/protocol/swimmingpool_9.lus,base,142.600,4,1613,30,1,0,Not Found,timeout,42 39 27 14,290.129
/home/ubuntu/Lustre-exp/kind2-benchmarks/FMCAD08/Int32/simulation/car_all_e1_618_e3_303.lus,l1l2,0.047,1,12,1,0,0,Not Found,invalid,0,0.393
/home/ubuntu/Lustre-exp/kind2-benchmarks/FMCAD08/Int32/simulation/car_all_e1_618.lus,l1l2,0.081,1,35,3,0,0,Not Found,invalid,1,0.432
/home/ubuntu/Lustre-exp/kind2-benchmarks/FMCAD08/Int32/simulation/car_all_e2_142_e7_209.lus,base,0.517,3,182,7,0,0,Not Found,valid,5 3,0.862
/home/ubuntu/Lustre-exp/kind2-benchmarks/FMCAD08/Int32/simulation/car_all_e2_142.lus,l1l2,2.327,6,512,7,1,0,Not Found,valid,5 4 3 2 1,2.600
/home/ubuntu/Lustre-exp/kind2-benchmarks/FMCAD08/Int32/simulation/car_all_e3_1068_e1_178.lus,l1l2,0.016,0,2,0,0,0,Not Found,invalid,Not Found,0.364
/home/ubuntu/Lustre-exp/kind2-benchmarks/FMCAD08/Int32/simulation/car_all_e3_1068_e2_13.lus,l1l2,0.014,0,2,0,0,0,Not Found,invalid,Not Found,0.382
/home/ubuntu/Lustre-exp/kind2-benchmarks/FMCAD08/Int32/simulation/car_all_e3_1068_e3_163.lus,l1l2,0.014,0,2,0,0,0,Not Found,invalid,Not Found,0.360
/home/ubuntu/Lustre-exp/kind2-benchmarks/FMCAD08/Int32/simulation/car_all_e3_1068_e4_275.lus,base,2.337,6,557,7,1,0,Not Found,valid,5 4 3 2 1,2.681
/home/ubuntu/Lustre-exp/kind2-benchmarks/FMCAD08/Int32/simulation/car_all_e3_1068_e5_882.lus,l1l2,0.013,0,2,0,0,0,Not Found,invalid,Not Found,0.359
/home/ubuntu/Lustre-exp/kind2-benchmarks/FMCAD08/Int32/simulation/car_all_e3_1068.lus,l1l2,0.015,0,2,0,0,0,Not Found,invalid,Not Found,0.362
/home/ubuntu/Lustre-exp/kind2-benchmarks/FMCAD08/Int32/simulation/car_1_e7_184_e3_299.lus,base,0.051,1,21,2,0,0,Not Found,timeout,2,290.230
/home/ubuntu/Lustre-exp/kind2-benchmarks/FMCAD08/Int32/simulation/car_all_e8_856_e1_217.lus,l1l2,0.047,1,12,1,0,0,Not Found,invalid,0,0.398
/home/ubuntu/Lustre-exp/kind2-benchmarks/FMCAD08/Int32/simulation/car_all_e7_188_e7_743.lus,l1l2,1.592,4,400,11,0,0,Not Found,valid,9 6 4,1.864
/home/ubuntu/Lustre-exp/kind2-benchmarks/FMCAD08/Int32/simulation/car_all_e8_856_e3_180.lus,l1l2,0.013,0,2,0,0,0,Not Found,invalid,Not Found,0.359
/home/ubuntu/Lustre-exp/kind2-benchmarks/FMCAD08/Int32/simulation/car_all_e8_856_e7_578.lus,l1l2,0.824,2,200,9,0,0,Not Found,valid,9 7,1.135
/home/ubuntu/Lustre-exp/kind2-benchmarks/FMCAD08/Int32/simulation/car_all_e8_856_e2_585.lus,base,2.161,6,559,7,1,0,Not Found,valid,5 4 3 2 1,2.507
/home/ubuntu/Lustre-exp/kind2-benchmarks/FMCAD08/Int32/simulation/car_all.lus,base,1.730,5,439,7,1,0,Not Found,valid,5 3 2 1,2.148
/home/ubuntu/Lustre-exp/kind2-benchmarks/FMCAD08/Int32/simulation/car_all_e8_856.lus,base,6.619,6,850,10,2,0,Not Found,valid,10 8 6 4 2,6.969
/home/ubuntu/Lustre-exp/kind2-benchmarks/FMCAD08/Int32/simulation/car_5_e7_244_e1_823.lus,base,74.811,8,1485,10,0,0,Not Found,timeout,9 8 7 6 5 4 3 2,290.163
/home/ubuntu/Lustre-exp/kind2-benchmarks/FMCAD08/Int32/simulation/car_5_e7_244.lus,base,75.058,8,1671,11,0,0,Not Found,timeout,10 8 7 6 5 4 3 2,290.161
/home/ubuntu/Lustre-exp/kind2-benchmarks/FMCAD08/Int32/simulation/fast_1_e7_2044_e7_1287.lus,l1l2,0.016,0,2,0,0,0,Not Found,invalid,Not Found,0.375
/home/ubuntu/Lustre-exp/kind2-benchmarks/FMCAD08/Int32/simulation/fast_1_e7_2044.lus,base,0.018,0,2,0,0,0,Not Found,invalid,Not Found,0.368
/home/ubuntu/Lustre-exp/kind2-benchmarks/FMCAD08/Int32/simulation/fast_1_e8_747_e7_692.lus,l1l2,0.018,0,2,0,0,0,Not Found,invalid,Not Found,0.364
/home/ubuntu/Lustre-exp/kind2-benchmarks/FMCAD08/Int32/simulation/fast_1_e8_747_e8_1041.lus,base,0.107,3,93,3,0,0,Not Found,valid,1 0,0.461
/home/ubuntu/Lustre-exp/kind2-benchmarks/FMCAD08/Int32/simulation/fast_1_e8_751.lus,base,0.133,3,110,4,0,0,Not Found,valid,1 0,0.481
/home/ubuntu/Lustre-exp/kind2-benchmarks/FMCAD08/Int32/simulation/fast_1.lus,l1l2,0.132,3,110,4,0,0,Not Found,valid,1 0,0.462
/home/ubuntu/Lustre-exp/kind2-benchmarks/FMCAD08/Int32/simulation/fast_2_e7_2526_e7_2736.lus,l1l2,0.020,0,2,0,0,0,Not Found,invalid,Not Found,0.381
/home/ubuntu/Lustre-exp/kind2-benchmarks/FMCAD08/Int32/simulation/fast_2_e7_2526.lus,l1l2,0.026,0,2,0,0,0,Not Found,invalid,Not Found,0.368
/home/ubuntu/Lustre-exp/kind2-benchmarks/FMCAD08/Int32/simulation/fast_2_e8_460_e7_43.lus,base,0.023,0,2,0,0,0,Not Found,invalid,Not Found,0.370
/home/ubuntu/Lustre-exp/kind2-benchmarks/FMCAD08/Int32/simulation/fast_2_e8_460_e8_1920.lus,l1l2,0.250,3,211,9,0,0,Not Found,valid,3 1,0.565
/home/ubuntu/Lustre-exp/kind2-benchmarks/FMCAD08/Int32/simulation/fast_2_e8_976.lus,l1l2,0.231,3,202,9,0,0,Not Found,valid,2 1,0.580
/home/ubuntu/Lustre-exp/kind2-benchmarks/FMCAD08/Int32/simulation/fast_2.lus,l1l2,0.212,2,118,7,0,0,Not Found,valid,7,0.525
/home/ubuntu/Lustre-exp/kind2-benchmarks/FMCAD08/Int32/simulation/car_5.lus,base,56.047,8,1470,10,0,0,Not Found,timeout,9 8 7 6 5 4 3 2,290.180
/home/ubuntu/Lustre-exp/kind2-benchmarks/FMCAD08/Int32/simulation/hysteresis_1.lus,l1l2,0.016,2,12,0,0,0,Not Found,valid,0,0.353
/home/ubuntu/Lustre-exp/kind2-benchmarks/FMCAD08/Int32/simulation/hysteresis_2.lus,l1l2,0.146,3,115,4,0,0,Not Found,valid,4 3,0.464
/home/ubuntu/Lustre-exp/kind2-benchmarks/FMCAD08/Int32/simulation/hysteresis_3.lus,l1l2,0.104,3,75,3,0,0,Not Found,valid,3 2,0.414
/home/ubuntu/Lustre-exp/kind2-benchmarks/FMCAD08/Int32/simulation/hysteresis_all.lus,base,0.249,3,203,7,0,0,Not Found,valid,7 3,0.601
/home/ubuntu/Lustre-exp/kind2-benchmarks/FMCAD08/Int32/simulation/car_6_e1_152_e1_391.lus,base,159.246,9,1995,13,0,0,Not Found,timeout,10 9 8 7 6 5 4 3 2,290.151
/home/ubuntu/Lustre-exp/kind2-benchmarks/FMCAD08/Int32/simulation/car_6_e1_152.lus,base,115.484,9,1979,12,0,0,Not Found,timeout,10 9 8 7 6 5 4 3 2,290.141
/home/ubuntu/Lustre-exp/kind2-benchmarks/FMCAD08/Int32/simulation/car_6.lus,base,81.501,9,1973,13,0,0,Not Found,timeout,10 9 8 7 6 5 4 3 2,290.262
/home/ubuntu/Lustre-exp/kind2-benchmarks/FMCAD08/Int32/simulation/cd_e7_621_e7_669.lus,base,Not Found,Not Found,Not Found,Not Found,Not Found,Not Found,Not Found,timeout,Not Found,290.116
/home/ubuntu/Lustre-exp/kind2-benchmarks/FMCAD08/Int32/simulation/cd_e7_8.lus,base,Not Found,Not Found,Not Found,Not Found,Not Found,Not Found,Not Found,timeout,Not Found,290.116
/home/ubuntu/Lustre-exp/kind2-benchmarks/FMCAD08/Int32/simulation/metros_1_e2_1102_e1_317.lus,base,45.755,4,933,20,0,0,Not Found,valid,9 3 2,46.409
/home/ubuntu/Lustre-exp/kind2-benchmarks/FMCAD08/Int32/simulation/cd.lus,base,200.159,5,734,14,0,1,Not Found,timeout,5 4 3 2 1,290.176
/home/ubuntu/Lustre-exp/kind2-benchmarks/FMCAD08/Int32/simulation/Gas.lus,base,199.749,3,2276,30,1,0,Not Found,timeout,30 28 26,290.140
/home/ubuntu/Lustre-exp/kind2-benchmarks/FMCAD08/Int32/simulation/metros_1_e1_846_e3_1060.lus,l1l2,51.590,2,389,15,0,0,Not Found,valid,17 14,194.574
/home/ubuntu/Lustre-exp/kind2-benchmarks/FMCAD08/Int32/simulation/metros_1_e2_627.lus,l1l2,78.558,2,486,18,0,0,Not Found,valid,18 15,80.181
/home/ubuntu/Lustre-exp/kind2-benchmarks/FMCAD08/Int32/simulation/metros_1_e2_1102_e2_943.lus,l1l2,99.716,2,489,18,0,0,Not Found,valid,17 14,163.900
/home/ubuntu/Lustre-exp/kind2-benchmarks/FMCAD08/Int32/simulation/metros_1_e8_725_e1_919.lus,l1l2,0.120,2,26,1,0,0,Not Found,valid,1,0.420
/home/ubuntu/Lustre-exp/kind2-benchmarks/FMCAD08/Int32/simulation/metros_1_e8_725_e2_1144.lus,base,0.081,2,26,1,0,0,Not Found,valid,1,0.421
/home/ubuntu/Lustre-exp/kind2-benchmarks/FMCAD08/Int32/simulation/metros_1_e8_725_e3_556.lus,base,0.089,2,26,1,0,0,Not Found,valid,1,0.438
/home/ubuntu/Lustre-exp/kind2-benchmarks/FMCAD08/Int32/simulation/metros_1_e8_725.lus,base,0.075,2,26,1,0,0,Not Found,valid,1,0.416
/home/ubuntu/Lustre-exp/kind2-benchmarks/FMCAD08/Int32/simulation/metros_1_e1_846_e1_1317.lus,l1l2,0.866,2,197,8,0,0,Not Found,valid,11 6,270.232
/home/ubuntu/Lustre-exp/kind2-benchmarks/FMCAD08/Int32/simulation/metros_1_e1_846_e2_1394.lus,base,172.683,2,787,25,0,0,Not Found,timeout,25 20,290.120
/home/ubuntu/Lustre-exp/kind2-benchmarks/FMCAD08/Int32/simulation/metros_1_e1_846_e7_397.lus,base,1.754,2,294,11,0,0,Not Found,timeout,16 10,290.121
/home/ubuntu/Lustre-exp/kind2-benchmarks/FMCAD08/Int32/simulation/metros_1_e2_1102_e3_961.lus,base,201.223,4,645,17,0,0,Not Found,valid,9 6 4,201.873
/home/ubuntu/Lustre-exp/kind2-benchmarks/FMCAD08/Int32/simulation/metros_2_e1_1116_e3_287.lus,l1l2,23.443,2,341,15,0,0,Not Found,invalid,15 5,23.762
/home/ubuntu/Lustre-exp/kind2-benchmarks/FMCAD08/Int32/simulation/metros_2_e1_1116_e7_1440.lus,l1l2,0.149,1,40,3,0,0,Not Found,invalid,3,45.818
/home/ubuntu/Lustre-exp/kind2-benchmarks/FMCAD08/Int32/simulation/metros_1_e2_1102_e7_1163.lus,base,3.530,2,176,8,0,0,Not Found,timeout,10 7,290.120
/home/ubuntu/Lustre-exp/kind2-benchmarks/FMCAD08/Int32/simulation/metros_1_e7_1255_e7_12.lus,base,9.497,2,298,12,0,0,Not Found,timeout,14 8,290.119
/home/ubuntu/Lustre-exp/kind2-benchmarks/FMCAD08/Int32/simulation/metros_1_e7_606.lus,base,4.090,2,238,9,0,0,Not Found,timeout,13 8,290.120
/home/ubuntu/Lustre-exp/kind2-benchmarks/FMCAD08/Int32/simulation/metros_1.lus,base,191.146,3,683,19,0,0,Not Found,timeout,15 13 8,290.121
/home/ubuntu/Lustre-exp/kind2-benchmarks/FMCAD08/Int32/simulation/metros_2_e1_1116_e1_556.lus,base,266.670,2,682,19,0,0,Not Found,timeout,26 15,290.120
/home/ubuntu/Lustre-exp/kind2-benchmarks/FMCAD08/Int32/simulation/metros_2_e1_1116_e2_617.lus,base,229.371,3,521,14,0,0,Not Found,timeout,7 5 4,290.121
/home/ubuntu/Lustre-exp/kind2-benchmarks/FMCAD08/Int32/simulation/metros_2_e2_704_e3_76.lus,l1l2,0.196,1,52,4,0,0,Not Found,invalid,4,97.194
/home/ubuntu/Lustre-exp/kind2-benchmarks/FMCAD08/Int32/simulation/metros_2_e1_190.lus,base,47.153,2,352,12,0,0,Not Found,timeout,17 9,290.122
/home/ubuntu/Lustre-exp/kind2-benchmarks/FMCAD08/Int32/simulation/metros_2_e2_704_e1_389.lus,base,214.964,2,588,18,0,0,Not Found,timeout,22 12,290.120
/home/ubuntu/Lustre-exp/kind2-benchmarks/FMCAD08/Int32/simulation/metros_2_e2_704_e7_810.lus,l1l2,0.102,1,27,2,0,0,Not Found,invalid,2,179.013
/home/ubuntu/Lustre-exp/kind2-benchmarks/FMCAD08/Int32/simulation/metros_2_e2_704_e2_13.lus,base,102.143,2,536,17,0,0,Not Found,timeout,22 11,290.120
/home/ubuntu/Lustre-exp/kind2-benchmarks/FMCAD08/Int32/simulation/metros_2_e2_968.lus,base,246.664,2,586,19,0,0,Not Found,timeout,21 11,290.122
/home/ubuntu/Lustre-exp/kind2-benchmarks/FMCAD08/Int32/simulation/metros_2_e3_112.lus,base,282.819,2,689,21,0,0,Not Found,timeout,22 12,290.121
/home/ubuntu/Lustre-exp/kind2-benchmarks/FMCAD08/Int32/simulation/metros_2.lus,base,202.415,2,665,20,0,0,Not Found,timeout,26 15,290.122
/home/ubuntu/Lustre-exp/kind2-benchmarks/FMCAD08/Int32/simulation/metros_3_e3_1275_e1_1350.lus,base,0.669,1,56,5,0,0,Not Found,timeout,5,290.121
/home/ubuntu/Lustre-exp/kind2-benchmarks/FMCAD08/Int32/simulation/metros_3_e3_1275_e2_454.lus,base,0.242,1,24,2,0,0,Not Found,timeout,2,290.122
/home/ubuntu/Lustre-exp/kind2-benchmarks/FMCAD08/Int32/simulation/metros_3_e3_1275_e3_640.lus,base,0.407,1,34,3,0,0,Not Found,timeout,3,290.119
/home/ubuntu/Lustre-exp/kind2-benchmarks/FMCAD08/Int32/simulation/metros_3_e3_1275_e4_164.lus,base,0.182,1,14,1,0,0,Not Found,timeout,1,290.120
/home/ubuntu/Lustre-exp/kind2-benchmarks/FMCAD08/Int32/simulation/metros_3_e3_1275_e5_846.lus,base,0.395,1,36,3,0,0,Not Found,timeout,3,290.120
/home/ubuntu/Lustre-exp/kind2-benchmarks/FMCAD08/Int32/simulation/metros_3_e3_1275_e6_1315.lus,base,285.079,2,364,11,1,0,Not Found,timeout,17 7,290.119
/home/ubuntu/Lustre-exp/kind2-benchmarks/FMCAD08/Int32/simulation/metros_3_e3_1275_e7_529.lus,base,0.369,1,39,3,0,0,Not Found,timeout,3,290.119
/home/ubuntu/Lustre-exp/kind2-benchmarks/FMCAD08/Int32/simulation/metros_3_e3_1275.lus,base,0.300,1,35,3,0,0,Not Found,timeout,3,290.120
/home/ubuntu/Lustre-exp/kind2-benchmarks/FMCAD08/Int32/simulation/metros_3_e4_987_e1_1115.lus,base,0.529,1,32,3,0,0,Not Found,timeout,3,290.119
/home/ubuntu/Lustre-exp/kind2-benchmarks/FMCAD08/Int32/simulation/metros_3_e4_987_e2_80.lus,base,0.588,1,66,5,0,0,Not Found,timeout,5,290.121
/home/ubuntu/Lustre-exp/kind2-benchmarks/FMCAD08/Int32/simulation/metros_3_e4_987_e3_291.lus,base,0.395,1,34,3,0,0,Not Found,timeout,3,290.120
/home/ubuntu/Lustre-exp/kind2-benchmarks/FMCAD08/Int32/simulation/metros_3_e4_987.lus,base,0.463,1,45,4,0,0,Not Found,timeout,4,290.118
/home/ubuntu/Lustre-exp/kind2-benchmarks/FMCAD08/Int32/simulation/metros_3.lus,base,279.311,2,364,11,1,0,Not Found,timeout,17 7,290.120
/home/ubuntu/Lustre-exp/kind2-benchmarks/FMCAD08/Int32/simulation/metros_4_e1_821_e5_911.lus,base,0.219,1,16,1,0,0,Not Found,timeout,1,290.119
/home/ubuntu/Lustre-exp/kind2-benchmarks/FMCAD08/Int32/simulation/metros_4_e1_917.lus,base,0.611,1,77,6,0,0,Not Found,timeout,6,290.120
/home/ubuntu/Lustre-exp/kind2-benchmarks/FMCAD08/Int32/simulation/metros_4_e2_968_e1_956.lus,base,0.140,1,16,1,0,0,Not Found,timeout,1,290.120
/home/ubuntu/Lustre-exp/kind2-benchmarks/FMCAD08/Int32/simulation/metros_4_e2_968_e2_1166.lus,base,0.194,1,24,2,0,0,Not Found,timeout,2,290.120
/home/ubuntu/Lustre-exp/kind2-benchmarks/FMCAD08/Int32/simulation/metros_4_e2_968_e3_931.lus,base,0.332,1,37,3,0,0,Not Found,timeout,3,290.119
/home/ubuntu/Lustre-exp/kind2-benchmarks/FMCAD08/Int32/simulation/metros_4_e2_968_e4_801.lus,base,0.649,1,79,6,0,0,Not Found,timeout,6,290.118
/home/ubuntu/Lustre-exp/kind2-benchmarks/FMCAD08/Int32/simulation/metros_4_e2_968_e5_991.lus,base,0.553,1,50,4,0,0,Not Found,timeout,4,290.118
/home/ubuntu/Lustre-exp/kind2-benchmarks/FMCAD08/Int32/simulation/metros_4_e2_968_e6_236.lus,base,0.136,1,14,1,0,0,Not Found,timeout,1,290.125
/home/ubuntu/Lustre-exp/kind2-benchmarks/FMCAD08/Int32/simulation/metros_4_e2_968_e7_860.lus,base,0.367,1,36,3,0,0,Not Found,timeout,3,290.121
/home/ubuntu/Lustre-exp/kind2-benchmarks/FMCAD08/Int32/simulation/metros_4_e2_968.lus,base,0.350,1,34,3,0,0,Not Found,timeout,3,290.118
/home/ubuntu/Lustre-exp/kind2-benchmarks/FMCAD08/Int32/simulation/metros_4_e3_1025.lus,base,0.997,1,77,6,0,0,Not Found,timeout,6,290.120
/home/ubuntu/Lustre-exp/kind2-benchmarks/FMCAD08/Int32/simulation/metros_4_e3_1091_e1_1044.lus,base,0.161,1,16,1,0,0,Not Found,timeout,1,290.120
/home/ubuntu/Lustre-exp/kind2-benchmarks/FMCAD08/Int32/simulation/PRODUCER_CONSUMER_1.lus,base,0.157,4,144,2,0,0,Not Found,valid,2 1 0,0.500
/home/ubuntu/Lustre-exp/kind2-benchmarks/FMCAD08/Int32/simulation/PRODUCER_CONSUMER_2.lus,base,0.034,2,25,1,0,0,Not Found,valid,1,0.377
/home/ubuntu/Lustre-exp/kind2-benchmarks/FMCAD08/Int32/simulation/PRODUCER_CONSUMER_3.lus,base,0.066,2,27,1,0,0,Not Found,valid,1,0.408
/home/ubuntu/Lustre-exp/kind2-benchmarks/FMCAD08/Int32/simulation/PRODUCER_CONSUMER_all.lus,l1l2,0.092,2,42,2,0,0,Not Found,valid,2,0.427
/home/ubuntu/Lustre-exp/kind2-benchmarks/FMCAD08/Int32/simulation/metros_4_e3_1091_e2_1317.lus,base,0.336,1,34,3,0,0,Not Found,timeout,3,290.117
/home/ubuntu/Lustre-exp/kind2-benchmarks/FMCAD08/Int32/simulation/metros_4_e3_1091_e3_522.lus,base,0.498,1,50,4,0,0,Not Found,timeout,4,290.122
/home/ubuntu/Lustre-exp/kind2-benchmarks/FMCAD08/Int32/simulation/metros_4_e3_1091_e4_232.lus,base,0.310,1,34,3,0,0,Not Found,timeout,3,290.117
/home/ubuntu/Lustre-exp/kind2-benchmarks/FMCAD08/Int32/simulation/metros_4_e5_1150.lus,base,0.510,1,36,3,0,0,Not Found,timeout,3,290.121
/home/ubuntu/Lustre-exp/kind2-benchmarks/FMCAD08/Int32/simulation/PRODUCER_CONSUMMER_luke_1.lus,l1l2,0.013,0,2,0,0,0,Not Found,invalid,Not Found,0.367
/home/ubuntu/Lustre-exp/kind2-benchmarks/FMCAD08/Int32/simulation/metros_4.lus,base,0.256,1,14,1,0,0,Not Found,timeout,1,290.121
/home/ubuntu/Lustre-exp/kind2-benchmarks/FMCAD08/Int32/simulation/metros_5_e4_1208_e1_337.lus,base,0.765,1,31,3,0,0,Not Found,timeout,3,290.123
/home/ubuntu/Lustre-exp/kind2-benchmarks/FMCAD08/Int32/simulation/metros_5.lus,base,1.053,1,60,5,0,0,Not Found,timeout,5,290.119
/home/ubuntu/Lustre-exp/kind2-benchmarks/FMCAD08/Int32/simulation/PRODUCER_CONSUMER_vt_e2_1352.lus,base,2.084,1,27,2,0,0,Not Found,timeout,2,290.118
/home/ubuntu/Lustre-exp/kind2-benchmarks/FMCAD08/Int32/simulation/PRODUCER_CONSUMER_vt_e3_507.lus,base,3.248,1,39,3,0,0,Not Found,timeout,3,290.119
/home/ubuntu/Lustre-exp/kind2-benchmarks/FMCAD08/Int32/simulation/PRODUCER_CONSUMER_vt_e7_1059_e8_1111.lus,base,3.116,1,29,2,0,0,Not Found,timeout,2,290.122
/home/ubuntu/Lustre-exp/kind2-benchmarks/FMCAD08/Int32/simulation/speed2_e8_449_e8_517.lus,base,0.129,3,151,7,0,0,Not Found,valid,5 2,0.470
/home/ubuntu/Lustre-exp/kind2-benchmarks/FMCAD08/Int32/simulation/speed2_e8_449.lus,base,0.077,3,94,3,0,0,Not Found,valid,3 2,0.416
/home/ubuntu/Lustre-exp/kind2-benchmarks/FMCAD08/Int32/simulation/PRODUCER_CONSUMER_vt.lus,base,2.987,1,29,2,0,0,Not Found,timeout,2,290.122
/home/ubuntu/Lustre-exp/kind2-benchmarks/FMCAD08/Int32/simulation/speed_e7_207_e7_538.lus,l1l2,0.014,2,12,0,0,0,Not Found,valid,0,0.355
/home/ubuntu/Lustre-exp/kind2-benchmarks/FMCAD08/Int32/simulation/speed_e7_207_e8_507.lus,l1l2,0.012,2,12,0,0,0,Not Found,valid,0,0.355
/home/ubuntu/Lustre-exp/kind2-benchmarks/FMCAD08/Int32/simulation/speed_e7_207.lus,l1l2,0.015,2,12,0,0,0,Not Found,valid,0,0.355
/home/ubuntu/Lustre-exp/kind2-benchmarks/FMCAD08/Int32/simulation/speed_e8_649_e7_709.lus,base,0.012,2,12,0,0,0,Not Found,valid,0,0.354
/home/ubuntu/Lustre-exp/kind2-benchmarks/FMCAD08/Int32/simulation/speed_e8_649.lus,l1l2,0.013,2,12,0,0,0,Not Found,valid,0,0.364
/home/ubuntu/Lustre-exp/kind2-benchmarks/FMCAD08/Real_Int/large/ccp01.lus,base,12.330,4,221,4,0,0,Not Found,valid,3 2 1,12.819
/home/ubuntu/Lustre-exp/kind2-benchmarks/FMCAD08/Real_Int/large/ccp02.lus,l1l2,5.668,1,38,2,0,0,Not Found,valid,2,6.586
/home/ubuntu/Lustre-exp/kind2-benchmarks/FMCAD08/Int32/simulation/PRODUCER_CONSUMMER_luke_2_e7_1068_e8_1019.lus,base,2.128,1,27,2,0,0,Not Found,timeout,2,290.119
/home/ubuntu/Lustre-exp/kind2-benchmarks/FMCAD08/Real_Int/large/ccp04.lus,base,1.209,2,41,2,0,0,Not Found,valid,2,1.702
/home/ubuntu/Lustre-exp/kind2-benchmarks/FMCAD08/Real_Int/large/ccp05.lus,l1l2,0.027,2,12,0,0,0,Not Found,valid,0,0.502
/home/ubuntu/Lustre-exp/kind2-benchmarks/FMCAD08/Real_Int/large/ccp06.lus,base,0.029,2,12,0,0,0,Not Found,valid,0,0.772
/home/ubuntu/Lustre-exp/kind2-benchmarks/FMCAD08/Real_Int/large/ccp07.lus,base,0.032,2,12,0,0,0,Not Found,valid,0,0.726
/home/ubuntu/Lustre-exp/kind2-benchmarks/FMCAD08/Real_Int/large/ccp03.lus,base,7.563,4,185,3,0,0,Not Found,valid,2 1 0,8.045
/home/ubuntu/Lustre-exp/kind2-benchmarks/FMCAD08/Real_Int/large/ccp09.lus,l1l2,0.033,2,12,0,0,0,Not Found,valid,0,0.721
/home/ubuntu/Lustre-exp/kind2-benchmarks/FMCAD08/Real_Int/large/ccp08.lus,l1l2,4.025,3,188,7,0,0,Not Found,valid,6 5,4.681
/home/ubuntu/Lustre-exp/kind2-benchmarks/FMCAD08/Real_Int/large/ccp10.lus,base,7.928,2,79,7,0,0,Not Found,invalid,0,8.971
/home/ubuntu/Lustre-exp/kind2-benchmarks/FMCAD08/Real_Int/large/ccp12.lus,base,57.320,2,880,29,0,0,Not Found,invalid,0,58.385
/home/ubuntu/Lustre-exp/kind2-benchmarks/FMCAD08/Int32/simulation/PRODUCER_CONSUMMER_luke_2.lus,base,2.161,1,27,2,0,0,Not Found,timeout,2,290.123
/home/ubuntu/Lustre-exp/kind2-benchmarks/FMCAD08/Int32/simulation/speed2_e7_223_e7_213.lus,base,177.201,7,2257,26,0,1,Not Found,timeout,17 14 12 10 8 7 5,290.136
/home/ubuntu/Lustre-exp/kind2-benchmarks/FMCAD08/Real_Int/large/ccp15.lus,l1l2,0.038,2,12,0,0,0,Not Found,valid,0,0.754
/home/ubuntu/Lustre-exp/kind2-benchmarks/FMCAD08/Real_Int/large/ccp16.lus,l1l2,0.007,2,12,0,0,0,Not Found,valid,0,0.379
/home/ubuntu/Lustre-exp/kind2-benchmarks/FMCAD08/Real_Int/large/ccp17.lus,base,3.293,3,127,4,0,0,Not Found,valid,4 3,4.313
/home/ubuntu/Lustre-exp/kind2-benchmarks/FMCAD08/Real_Int/large/ccp18.lus,base,3.804,3,166,6,0,0,Not Found,valid,6 5,4.809
/home/ubuntu/Lustre-exp/kind2-benchmarks/FMCAD08/Real_Int/large/ccp19.lus,l1l2,0.031,2,12,0,0,0,Not Found,valid,0,0.762
/home/ubuntu/Lustre-exp/kind2-benchmarks/FMCAD08/Int32/simulation/speed2_e7_223_e8_329.lus,base,5.215,4,605,13,0,1,Not Found,timeout,10 7 5 4,290.145
/home/ubuntu/Lustre-exp/kind2-benchmarks/FMCAD08/Real_Int/large/ccp20.lus,base,20.833,4,995,19,0,0,Not Found,valid,7 1 0,21.863
/home/ubuntu/Lustre-exp/kind2-benchmarks/FMCAD08/Int32/simulation/speed2_e7_496.lus,base,83.613,5,1750,46,0,0,Not Found,timeout,41 38 6 5 3,290.206
/home/ubuntu/Lustre-exp/kind2-benchmarks/FMCAD08/Real_Int/large/ccp14.lus,base,56.969,2,1111,35,1,0,Not Found,invalid,0,58.126
/home/ubuntu/Lustre-exp/kind2-benchmarks/FMCAD08/Real_Int/large/ccp21.lus,base,26.436,2,466,16,1,0,Not Found,invalid,0,27.513
/home/ubuntu/Lustre-exp/kind2-benchmarks/FMCAD08/Real_Int/large/cruise_controller_01.lus,l1l2,4.729,2,120,5,0,0,Not Found,valid,4 2,5.621
/home/ubuntu/Lustre-exp/kind2-benchmarks/FMCAD08/Real_Int/large/cruise_controller_02.lus,l1l2,1.796,1,28,2,0,0,Not Found,valid,2,3.525
/home/ubuntu/Lustre-exp/kind2-benchmarks/FMCAD08/Real_Int/large/cruise_controller_03.lus,base,2.495,4,187,3,0,0,Not Found,valid,2 1 0,2.901
/home/ubuntu/Lustre-exp/kind2-benchmarks/FMCAD08/Real_Int/large/cruise_controller_04.lus,l1l2,0.259,2,39,2,0,0,Not Found,valid,2,0.676
/home/ubuntu/Lustre-exp/kind2-benchmarks/FMCAD08/Real_Int/large/cruise_controller_05.lus,base,0.019,2,12,0,0,0,Not Found,valid,0,0.430
/home/ubuntu/Lustre-exp/kind2-benchmarks/FMCAD08/Real_Int/large/cruise_controller_06.lus,base,0.032,2,12,0,0,0,Not Found,valid,0,0.520
/home/ubuntu/Lustre-exp/kind2-benchmarks/FMCAD08/Real_Int/large/cruise_controller_07.lus,l1l2,0.024,2,12,0,0,0,Not Found,valid,0,0.504
/home/ubuntu/Lustre-exp/kind2-benchmarks/FMCAD08/Int32/simulation/speed2_e8_449_e7_353.lus,base,9.470,5,679,12,0,1,Not Found,timeout,8 7 4 3 2,290.136
/home/ubuntu/Lustre-exp/kind2-benchmarks/FMCAD08/Real_Int/large/cruise_controller_09.lus,l1l2,7.947,2,253,14,0,0,Not Found,invalid,0,8.437
/home/ubuntu/Lustre-exp/kind2-benchmarks/FMCAD08/Real_Int/large/cruise_controller_10.lus,base,12.329,4,1848,34,0,0,Not Found,valid,18 11 0,12.905
/home/ubuntu/Lustre-exp/kind2-benchmarks/FMCAD08/Real_Int/large/cruise_controller_11.lus,base,0.036,2,12,0,0,0,Not Found,valid,0,0.536
/home/ubuntu/Lustre-exp/kind2-benchmarks/FMCAD08/Real_Int/large/cruise_controller_12.lus,l1l2,1.106,2,116,6,0,0,Not Found,valid,4 3,1.498
/home/ubuntu/Lustre-exp/kind2-benchmarks/FMCAD08/Real_Int/large/cruise_controller_13.lus,l1l2,0.024,2,12,0,0,0,Not Found,valid,0,0.507
/home/ubuntu/Lustre-exp/kind2-benchmarks/FMCAD08/Real_Int/large/cruise_controller_14.lus,l1l2,0.538,3,123,3,0,0,Not Found,valid,3 2,0.992
/home/ubuntu/Lustre-exp/kind2-benchmarks/FMCAD08/Real_Int/large/cruise_controller_15.lus,base,4.847,2,423,19,0,0,Not Found,invalid,0,5.388
/home/ubuntu/Lustre-exp/kind2-benchmarks/FMCAD08/Int32/simulation/speed2.lus,base,5.714,4,605,13,0,1,Not Found,timeout,10 7 5 4,290.130
/home/ubuntu/Lustre-exp/kind2-benchmarks/FMCAD08/Real_Int/large/cruise_controller_17.lus,l1l2,23.521,2,1001,30,0,0,Not Found,invalid,0,24.042
/home/ubuntu/Lustre-exp/kind2-benchmarks/FMCAD08/Real_Int/large/cruise_controller_18.lus,base,8.907,5,572,12,0,0,Not Found,valid,5 3 1 0,9.498
/home/ubuntu/Lustre-exp/kind2-benchmarks/FMCAD08/Real_Int/large/cruise_controller_19.lus,l1l2,7.621,2,170,9,0,0,Not Found,valid,7 5,8.082
/home/ubuntu/Lustre-exp/kind2-benchmarks/FMCAD08/Real_Int/large/cruise_controller_20.lus,l1l2,2.041,1,116,8,0,0,Not Found,invalid,8,22.582
/home/ubuntu/Lustre-exp/kind2-benchmarks/FMCAD08/Real_Int/large/cruise_controller_21.lus,l1l2,0.025,2,13,0,0,0,Not Found,invalid,0,0.510
/home/ubuntu/Lustre-exp/kind2-benchmarks/FMCAD08/Real_Int/large/ccp11.lus,base,66.343,3,1763,37,0,1,Not Found,timeout,34 27 17,290.134
/home/ubuntu/Lustre-exp/kind2-benchmarks/FMCAD08/Real_Int/large/cruise_controller_22.lus,base,13.446,2,1539,37,1,0,Not Found,invalid,0,14.251
/home/ubuntu/Lustre-exp/kind2-benchmarks/FMCAD08/Real_Int/large/cruise_controller_24.lus,l1l2,0.629,2,73,3,0,0,Not Found,valid,2 1,1.016
/home/ubuntu/Lustre-exp/kind2-benchmarks/FMCAD08/Real_Int32/large/ccp01.lus,base,11.817,4,183,3,0,0,Not Found,valid,2 1 0,12.494
/home/ubuntu/Lustre-exp/kind2-benchmarks/FMCAD08/Real_Int32/large/ccp02.lus,l1l2,6.074,3,95,2,0,0,Not Found,valid,1 0,6.551
/home/ubuntu/Lustre-exp/kind2-benchmarks/FMCAD08/Real_Int32/large/ccp03.lus,base,5.194,3,87,2,0,0,Not Found,valid,1 0,5.697
/home/ubuntu/Lustre-exp/kind2-benchmarks/FMCAD08/Real_Int32/large/ccp04.lus,base,1.406,2,41,2,0,0,Not Found,valid,2,1.902
/home/ubuntu/Lustre-exp/kind2-benchmarks/FMCAD08/Real_Int32/large/ccp05.lus,base,0.033,2,12,0,0,0,Not Found,valid,0,0.531
/home/ubuntu/Lustre-exp/kind2-benchmarks/FMCAD08/Real_Int32/large/ccp06.lus,base,0.047,2,12,0,0,0,Not Found,valid,0,0.804
/home/ubuntu/Lustre-exp/kind2-benchmarks/FMCAD08/Real_Int32/large/ccp07.lus,l1l2,0.042,2,12,0,0,0,Not Found,valid,0,0.738
/home/ubuntu/Lustre-exp/kind2-benchmarks/FMCAD08/Real_Int32/large/ccp08.lus,base,3.614,3,98,3,0,0,Not Found,valid,2 1,4.569
/home/ubuntu/Lustre-exp/kind2-benchmarks/FMCAD08/Real_Int32/large/ccp09.lus,l1l2,0.052,2,12,0,0,0,Not Found,valid,0,0.753
/home/ubuntu/Lustre-exp/kind2-benchmarks/FMCAD08/Real_Int/large/cruise_controller_08.lus,base,164.495,2,11090,137,0,4,Not Found,invalid,0,165.389
/home/ubuntu/Lustre-exp/kind2-benchmarks/FMCAD08/Real_Int/large/ccp13.lus,base,72.362,3,1927,35,3,2,Not Found,timeout,45 38 22,290.135
/home/ubuntu/Lustre-exp/kind2-benchmarks/FMCAD08/Real_Int/large/cruise_controller_16.lus,base,158.200,2,13027,144,1,4,Not Found,invalid,0,159.039
/home/ubuntu/Lustre-exp/kind2-benchmarks/FMCAD08/Real_Int/large/ccp23.lus,base,254.627,2,8149,117,0,18,Not Found,invalid,0,255.779
/home/ubuntu/Lustre-exp/kind2-benchmarks/FMCAD08/Real_Int/large/ccp22.lus,base,73.931,4,1803,37,0,4,Not Found,timeout,15 12 7 5,290.128
/home/ubuntu/Lustre-exp/kind2-benchmarks/FMCAD08/Real_Int32/large/ccp15.lus,l1l2,0.041,2,12,0,0,0,Not Found,valid,0,0.767
/home/ubuntu/Lustre-exp/kind2-benchmarks/FMCAD08/Real_Int32/large/ccp16.lus,l1l2,0.008,2,12,0,0,0,Not Found,valid,0,0.396
/home/ubuntu/Lustre-exp/kind2-benchmarks/FMCAD08/Real_Int/large/cruise_controller_23.lus,l1l2,25.218,3,2095,42,1,1,Not Found,invalid,40 33 23,148.259
/home/ubuntu/Lustre-exp/kind2-benchmarks/FMCAD08/Real_Int32/large/ccp18.lus,l1l2,2.654,2,90,4,0,0,Not Found,valid,4 3,3.303
/home/ubuntu/Lustre-exp/kind2-benchmarks/FMCAD08/Real_Int32/large/ccp19.lus,l1l2,0.041,2,12,0,0,0,Not Found,valid,0,0.799
/home/ubuntu/Lustre-exp/kind2-benchmarks/FMCAD08/Real_Int32/large/ccp17.lus,base,9.781,4,563,11,0,0,Not Found,valid,4 1 0,10.713
/home/ubuntu/Lustre-exp/kind2-benchmarks/FMCAD08/Real_Int/large/ccp24.lus,base,258.088,3,7888,93,1,1,Not Found,timeout,126 102 57,290.131
/home/ubuntu/Lustre-exp/kind2-benchmarks/FMCAD08/Real_Int32/large/ccp12.lus,l1l2,103.922,2,1168,28,0,0,Not Found,invalid,27 17,104.832
/home/ubuntu/Lustre-exp/kind2-benchmarks/FMCAD08/Real_Int32/large/ccp14.lus,l1l2,65.361,2,549,25,1,0,Not Found,invalid,25 8,66.399
/home/ubuntu/Lustre-exp/kind2-benchmarks/FMCAD08/Real_Int32/large/ccp20.lus,l1l2,33.229,4,1070,22,0,0,Not Found,valid,7 2 0,34.289
/home/ubuntu/Lustre-exp/kind2-benchmarks/FMCAD08/Real_Int32/large/cruise_controller_01.lus,base,4.072,3,97,2,0,0,Not Found,valid,1 0,4.488
/home/ubuntu/Lustre-exp/kind2-benchmarks/FMCAD08/Real_Int32/large/cruise_controller_02.lus,l1l2,2.328,3,91,2,0,0,Not Found,valid,1 0,2.735
/home/ubuntu/Lustre-exp/kind2-benchmarks/FMCAD08/Real_Int32/large/cruise_controller_03.lus,base,3.614,4,195,3,0,0,Not Found,valid,2 1 0,4.028
/home/ubuntu/Lustre-exp/kind2-benchmarks/FMCAD08/Real_Int32/large/cruise_controller_04.lus,base,0.878,2,39,2,0,0,Not Found,valid,2,1.293
/home/ubuntu/Lustre-exp/kind2-benchmarks/FMCAD08/Real_Int32/large/cruise_controller_05.lus,base,0.027,2,12,0,0,0,Not Found,valid,0,0.433
/home/ubuntu/Lustre-exp/kind2-benchmarks/FMCAD08/Real_Int32/large/cruise_controller_06.lus,l1l2,0.037,2,12,0,0,0,Not Found,valid,0,0.545
/home/ubuntu/Lustre-exp/kind2-benchmarks/FMCAD08/Real_Int32/large/cruise_controller_07.lus,base,0.035,2,12,0,0,0,Not Found,valid,0,0.516
/home/ubuntu/Lustre-exp/kind2-benchmarks/FMCAD08/Real_Int32/large/ccp21.lus,l1l2,80.153,2,1225,34,1,0,Not Found,invalid,36 24,80.798
/home/ubuntu/Lustre-exp/kind2-benchmarks/FMCAD08/Real_Int32/large/ccp23.lus,base,142.003,3,1786,53,0,1,Not Found,invalid,40 20 10,143.960
/home/ubuntu/Lustre-exp/kind2-benchmarks/FMCAD08/Real_Int32/large/cruise_controller_10.lus,base,16.216,5,1604,28,0,0,Not Found,valid,15 8 1 0,16.767
/home/ubuntu/Lustre-exp/kind2-benchmarks/FMCAD08/Real_Int32/large/cruise_controller_11.lus,base,0.038,2,12,0,0,0,Not Found,valid,0,0.533
/home/ubuntu/Lustre-exp/kind2-benchmarks/FMCAD08/Real_Int32/large/cruise_controller_12.lus,base,0.924,3,130,4,0,0,Not Found,valid,4 3,1.613
/home/ubuntu/Lustre-exp/kind2-benchmarks/FMCAD08/Real_Int32/large/cruise_controller_13.lus,l1l2,0.035,2,12,0,0,0,Not Found,valid,0,0.515
/home/ubuntu/Lustre-exp/kind2-benchmarks/FMCAD08/Real_Int32/large/cruise_controller_14.lus,l1l2,0.376,1,24,2,0,0,Not Found,valid,2,1.491
/home/ubuntu/Lustre-exp/kind2-benchmarks/FMCAD08/Real_Int32/large/ccp10.lus,base,Not Found,Not Found,Not Found,Not Found,Not Found,Not Found,Not Found,timeout,Not Found,290.116
/home/ubuntu/Lustre-exp/kind2-benchmarks/FMCAD08/Real_Int32/large/ccp11.lus,base,111.368,3,1577,33,1,1,Not Found,timeout,31 26 16,290.150
/home/ubuntu/Lustre-exp/kind2-benchmarks/FMCAD08/Real_Int32/large/cruise_controller_15.lus,l1l2,22.617,2,971,28,0,0,Not Found,invalid,32 22,23.090
/home/ubuntu/Lustre-exp/kind2-benchmarks/FMCAD08/Real_Int32/large/cruise_controller_18.lus,base,19.413,5,761,15,0,0,Not Found,valid,8 5 1 0,19.907
/home/ubuntu/Lustre-exp/kind2-benchmarks/FMCAD08/Real_Int32/large/ccp13.lus,base,161.632,4,3784,43,1,1,Not Found,timeout,31 26 16 13,290.132
/home/ubuntu/Lustre-exp/kind2-benchmarks/FMCAD08/Real_Int32/large/cruise_controller_17.lus,base,44.598,2,1318,38,1,0,Not Found,invalid,32 19,45.553
/home/ubuntu/Lustre-exp/kind2-benchmarks/FMCAD08/Real_Int32/large/cruise_controller_21.lus,l1l2,0.030,0,1,0,0,0,Not Found,invalid,Not Found,0.549
/home/ubuntu/Lustre-exp/kind2-benchmarks/FMCAD08/Real_Int32/large/cruise_controller_19.lus,l1l2,18.358,2,269,12,0,0,Not Found,valid,9 4,18.761
/home/ubuntu/Lustre-exp/kind2-benchmarks/FMCAD08/Real_Int32/large/cruise_controller_20.lus,base,32.939,2,1109,37,1,0,Not Found,invalid,38 13,34.260
/home/ubuntu/Lustre-exp/kind2-benchmarks/FMCAD08/Real_Int32/large/cruise_controller_24.lus,base,1.571,3,153,5,0,0,Not Found,valid,5 4,2.355
/home/ubuntu/Lustre-exp/kind2-benchmarks/FMCAD08/Real_Int32/large/cruise_controller_22.lus,l1l2,36.504,2,1038,32,0,0,Not Found,invalid,30 20,36.930
/home/ubuntu/Lustre-exp/kind2-benchmarks/FMCAD08/Real_Int32/large/ccp22.lus,base,97.332,3,1332,32,0,2,Not Found,timeout,29 23 13,290.159
/home/ubuntu/Lustre-exp/kind2-benchmarks/FMCAD08/Real_Int32/large/ccp24.lus,base,122.495,3,1417,33,1,0,Not Found,timeout,27 21 12,290.186
/home/ubuntu/Lustre-exp/kind2-benchmarks/FMCAD08/Real_Int32/large/cruise_controller_08.lus,base,133.689,4,5799,81,1,2,Not Found,timeout,82 76 57 25,290.254
/home/ubuntu/Lustre-exp/kind2-benchmarks/FunctionalChain/controlLaw/controlLaw.lus,l1l2,0.035,2,37,2,0,0,Not Found,valid,2,0.363
/home/ubuntu/Lustre-exp/kind2-benchmarks/FMCAD08/Real_Int32/large/cruise_controller_09.lus,base,Not Found,Not Found,Not Found,Not Found,Not Found,Not Found,Not Found,timeout,Not Found,290.115
/home/ubuntu/Lustre-exp/kind2-benchmarks/FMCAD08/Real_Int32/large/cruise_controller_16.lus,base,106.381,4,4258,69,1,1,Not Found,timeout,65 57 44 25,290.304
/home/ubuntu/Lustre-exp/kind2-benchmarks/FMCAD08/Real_Int32/large/cruise_controller_23.lus,base,189.530,4,5830,95,1,2,Not Found,timeout,83 70 53 23,290.235
/home/ubuntu/Lustre-exp/kind2-benchmarks/FunctionalChain/channel/channel_bounds.lus,base,Not Found,Not Found,Not Found,Not Found,Not Found,Not Found,Not Found,timeout,Not Found,290.115
/home/ubuntu/Lustre-exp/kind2-benchmarks/FunctionalChain/channel/channel.lus,base,Not Found,Not Found,Not Found,Not Found,Not Found,Not Found,Not Found,timeout,Not Found,290.115
/home/ubuntu/Lustre-exp/kind2-benchmarks/FunctionalChain/channel/channel_str.lus,base,Not Found,Not Found,Not Found,Not Found,Not Found,Not Found,Not Found,timeout,Not Found,290.182
/home/ubuntu/Lustre-exp/kind2-benchmarks/FunctionalChain/channel/channel_top.lus,base,Not Found,Not Found,Not Found,Not Found,Not Found,Not Found,Not Found,timeout,Not Found,290.115
/home/ubuntu/Lustre-exp/kind2-benchmarks/FunctionalChain/functionalChain_bounds_large.lus,base,Not Found,Not Found,Not Found,Not Found,Not Found,Not Found,Not Found,timeout,Not Found,290.118
/home/ubuntu/Lustre-exp/kind2-benchmarks/FunctionalChain/functionalChain_bounds_medium.lus,base,Not Found,Not Found,Not Found,Not Found,Not Found,Not Found,Not Found,timeout,Not Found,290.116
/home/ubuntu/Lustre-exp/kind2-benchmarks/FunctionalChain/functionalChain_bounds_small.lus,base,Not Found,Not Found,Not Found,Not Found,Not Found,Not Found,Not Found,timeout,Not Found,290.143
/home/ubuntu/Lustre-exp/kind2-benchmarks/FunctionalChain/functionalChain_str_large.lus,base,Not Found,Not Found,Not Found,Not Found,Not Found,Not Found,Not Found,timeout,Not Found,290.116
/home/ubuntu/Lustre-exp/kind2-benchmarks/FunctionalChain/functionalChain_str_medium.lus,base,Not Found,Not Found,Not Found,Not Found,Not Found,Not Found,Not Found,timeout,Not Found,290.131
/home/ubuntu/Lustre-exp/kind2-benchmarks/FunctionalChain/functionalChain_str_small.lus,base,Not Found,Not Found,Not Found,Not Found,Not Found,Not Found,Not Found,timeout,Not Found,290.119
/home/ubuntu/Lustre-exp/kind2-benchmarks/FunctionalChain/reconfiguration/reconfiguration_large_bound.lus,base,268.752,14,9529,30,1,0,Not Found,timeout,28 27 26 25 24 23 22 21 20 19 18 17 16 15,290.328
/home/ubuntu/Lustre-exp/kind2-benchmarks/FunctionalChain/reconfiguration/reconfiguration_large.lus,base,273.806,19,13749,30,1,0,Not Found,timeout,28 27 26 25 24 23 22 21 20 19 18 17 16 15 14 13 12 11 10,290.207
/home/ubuntu/Lustre-exp/kind2-benchmarks/FunctionalChain/reconfiguration/reconfiguration_medium_bounds.lus,base,11.522,8,2006,10,1,0,Not Found,timeout,8 7 6 5 4 3 2 1,290.301
/home/ubuntu/Lustre-exp/kind2-benchmarks/FunctionalChain/relatedCounters/relatedCounters_small_bounds.lus,base,7.855,12,4760,29,3,15,Not Found,valid,11 10 9 8 7 6 5 4 3 2 1,8.199
/home/ubuntu/Lustre-exp/kind2-benchmarks/FunctionalChain/relatedCounters/relatedCounters_small.lus,l1l2,21.275,15,10331,67,2,36,Not Found,valid,16 13 12 11 10 9 8 7 6 5 4 3 2 1,21.560
/home/ubuntu/Lustre-exp/kind2-benchmarks/FunctionalChain/reconfiguration/reconfiguration_medium.lus,base,220.588,10,26176,196,2,61,Not Found,timeout,30 25 23 21 19 17 15 13 10 9,290.235
/home/ubuntu/Lustre-exp/kind2-benchmarks/FunctionalChain/reconfiguration/reconfiguration_small_bounds.lus,base,230.105,12,19319,149,2,46,Not Found,timeout,77 75 73 71 70 67 61 54 46 37 26 15,290.244
/home/ubuntu/Lustre-exp/kind2-benchmarks/FunctionalChain/triplexVoter/triplexVoter_str.lus,l1l2,0.956,3,180,8,0,0,Not Found,valid,4 3,1.280
/home/ubuntu/Lustre-exp/kind2-benchmarks/FunctionalChain/reconfiguration/reconfiguration_small.lus,base,199.590,14,20958,126,2,22,Not Found,timeout,47 44 39 36 32 30 27 24 20 17 14 11 8 5,290.213
/home/ubuntu/Lustre-exp/kind2-benchmarks/FunctionalChain/relatedCounters/relatedCounters_large_bounds.lus,base,0.030,1,28,2,0,0,Not Found,timeout,2,290.273
/home/ubuntu/Lustre-exp/kind2-benchmarks/FunctionalChain/relatedCounters/relatedCounters_large.lus,base,0.022,1,25,2,0,0,Not Found,timeout,2,290.268
/home/ubuntu/Lustre-exp/kind2-benchmarks/FunctionalChain/relatedCounters/relatedCounters_medium_bounds.lus,base,253.304,13,16991,62,1,0,Not Found,timeout,60 59 58 57 56 55 54 53 52 51 50 49 48,290.161
/home/ubuntu/Lustre-exp/kind2-benchmarks/FunctionalChain/relatedCounters/relatedCounters_medium.lus,base,250.414,7,20855,101,1,0,Not Found,timeout,99 97 96 95 94 93 92,290.159
/home/ubuntu/Lustre-exp/kind2-benchmarks/FunctionalChain/triplexVoter/triplexVoter_bounds.lus,base,3.647,2,346,14,6,0,Not Found,timeout,16 8,290.472
/home/ubuntu/Lustre-exp/kind2-benchmarks/FunctionalChain/triplexVoter/triplexVoter.lus,base,35.603,3,2455,35,1,0,Not Found,timeout,48 44 26,290.380
