3in1_file_path,3in1_sorting_clause,3in1_time,3in1_k,3in1_solver,3in1_neg_state,3in1_num_s,3in1_num_t,3in1_num_gen,3in1_status,3in1_frame_sizes,3in1_elapsed_time
/home/ubuntu/Lustre-exp/kind2-benchmarks/FMCAD08/Bool/misc/stalmark_e8_48.lus,l2l1,0.005,0,2,0,0,0,Not Found,invalid,Not Found,0.341
/home/ubuntu/Lustre-exp/kind2-benchmarks/FMCAD08/Bool/misc/stalmark_e8_64_e7_80.lus,l2l1,0.009,1,9,1,0,0,Not Found,invalid,0,0.341
/home/ubuntu/Lustre-exp/kind2-benchmarks/FMCAD08/Bool/misc/stalmark_e8_64_e8_207.lus,l1l2,0.005,0,1,0,0,0,Not Found,invalid,Not Found,0.343
/home/ubuntu/Lustre-exp/kind2-benchmarks/FMCAD08/Bool/misc/stalmark_e7_27_e7_31.lus,l2l1,0.058,4,191,4,1,0,Not Found,valid,6 5 3,0.392
/home/ubuntu/Lustre-exp/kind2-benchmarks/FMCAD08/Bool/misc/stalmark_e7_27.lus,l2l1,0.058,4,197,4,1,0,Not Found,valid,6 5 3,0.391
/home/ubuntu/Lustre-exp/kind2-benchmarks/FMCAD08/Bool/misc/_6counter2.lus,l1l2,0.062,4,203,7,2,1,Not Found,invalid,3 2 1 0,0.400
/home/ubuntu/Lustre-exp/kind2-benchmarks/FMCAD08/Bool/misc/stalmark_e7_76.lus,l1l2,0.061,4,197,4,1,0,Not Found,valid,6 5 3,0.394
/home/ubuntu/Lustre-exp/kind2-benchmarks/FMCAD08/Bool/misc/_6counter.lus,l1l2,0.168,5,534,10,1,0,Not Found,invalid,7 5 3 2 1,0.504
/home/ubuntu/Lustre-exp/kind2-benchmarks/FMCAD08/Bool/misc/switch2.lus,l1l2,0.014,1,19,2,0,0,Not Found,invalid,0,0.350
/home/ubuntu/Lustre-exp/kind2-benchmarks/FMCAD08/Bool/misc/switch.lus,l1l2,0.013,1,19,2,0,0,Not Found,invalid,0,0.351
/home/ubuntu/Lustre-exp/kind2-benchmarks/FMCAD08/Bool/misc/stalmark.lus,l1l2,0.037,3,130,4,0,0,Not Found,valid,4 2,0.370
/home/ubuntu/Lustre-exp/kind2-benchmarks/FMCAD08/Bool/simulation/production_cell_e7_207_e7_41.lus,l2l1,0.010,0,2,0,0,0,Not Found,invalid,Not Found,0.344
/home/ubuntu/Lustre-exp/kind2-benchmarks/FMCAD08/Bool/simulation/production_cell_e7_21.lus,l2l1,0.009,0,2,0,0,0,Not Found,invalid,Not Found,0.343
/home/ubuntu/Lustre-exp/kind2-benchmarks/FMCAD08/Bool/simulation/production_cell_e8_6_e7_651.lus,l2l1,0.009,0,2,0,0,0,Not Found,invalid,Not Found,0.358
/home/ubuntu/Lustre-exp/kind2-benchmarks/FMCAD08/Bool/simulation/production_cell_e7_207_e8_241.lus,l1l2,0.044,2,73,5,0,0,Not Found,valid,5,0.382
/home/ubuntu/Lustre-exp/kind2-benchmarks/FMCAD08/Bool/simulation/production_cell_e8_6_e8_427.lus,l2l1,0.045,1,53,5,0,0,Not Found,invalid,3,0.373
/home/ubuntu/Lustre-exp/kind2-benchmarks/FMCAD08/Bool/simulation/production_cell.lus,l2l1,0.045,2,73,5,0,0,Not Found,valid,5,0.371
/home/ubuntu/Lustre-exp/kind2-benchmarks/FMCAD08/Bool/simulation/production_cell_e8_6.lus,l1l2,0.044,2,74,5,0,0,Not Found,valid,5,0.380
/home/ubuntu/Lustre-exp/kind2-benchmarks/FMCAD08/Bool/simulation/tramway_e7_1834_e7_2363.lus,l1l2,0.026,2,24,1,0,0,Not Found,valid,1,0.370
/home/ubuntu/Lustre-exp/kind2-benchmarks/FMCAD08/Bool/simulation/tramway_e7_1834.lus,l1l2,0.044,2,48,3,0,0,Not Found,valid,3,0.397
/home/ubuntu/Lustre-exp/kind2-benchmarks/FMCAD08/Bool/simulation/tramway_e7_1834_e8_3192.lus,l2l1,0.211,3,320,9,1,0,Not Found,valid,6 3,0.510
/home/ubuntu/Lustre-exp/kind2-benchmarks/FMCAD08/Bool/simulation/ums_e8_1032.lus,l2l1,0.099,1,47,5,0,0,Not Found,valid,3,0.410
/home/ubuntu/Lustre-exp/kind2-benchmarks/FMCAD08/Bool/simulation/tramway.lus,l2l1,0.220,3,337,9,1,0,Not Found,valid,2 1 0,0.530
/home/ubuntu/Lustre-exp/kind2-benchmarks/FMCAD08/Bool/simulation/ums_e7_1700.lus,l2l1,0.245,1,219,12,0,0,Not Found,invalid,11,0.579
/home/ubuntu/Lustre-exp/kind2-benchmarks/FMCAD08/Int/large/microwave02.lus,l1l2,0.021,2,12,0,0,0,Not Found,valid,0,0.431
/home/ubuntu/Lustre-exp/kind2-benchmarks/FMCAD08/Bool/simulation/ums.lus,l2l1,0.138,1,89,6,0,0,Not Found,valid,5,0.449
/home/ubuntu/Lustre-exp/kind2-benchmarks/FMCAD08/Int/large/microwave03.lus,l1l2,0.028,2,12,0,0,0,Not Found,valid,0,0.437
/home/ubuntu/Lustre-exp/kind2-benchmarks/FMCAD08/Int/large/microwave04.lus,l1l2,0.032,2,12,0,0,0,Not Found,valid,0,0.433
/home/ubuntu/Lustre-exp/kind2-benchmarks/FMCAD08/Int/large/microwave01.lus,l1l2,0.483,3,78,2,0,0,Not Found,valid,1 0,0.935
/home/ubuntu/Lustre-exp/kind2-benchmarks/FMCAD08/Int/large/microwave12.lus,l2l1,0.304,2,25,2,0,0,Not Found,invalid,0,0.707
/home/ubuntu/Lustre-exp/kind2-benchmarks/FMCAD08/Int/large/microwave05.lus,l1l2,255.002,3,374,13,2,0,Not Found,valid,14 9,255.721
/home/ubuntu/Lustre-exp/kind2-benchmarks/FMCAD08/Int/large/microwave14.lus,l1l2,0.816,2,65,5,0,0,Not Found,invalid,0,1.273
/home/ubuntu/Lustre-exp/kind2-benchmarks/FMCAD08/Int/large/microwave15.lus,l2l1,0.030,2,12,0,0,0,Not Found,valid,0,0.431
/home/ubuntu/Lustre-exp/kind2-benchmarks/FMCAD08/Int/large/microwave16.lus,l1l2,0.028,2,12,0,0,0,Not Found,valid,0,0.428
/home/ubuntu/Lustre-exp/kind2-benchmarks/FMCAD08/Int/large/microwave17.lus,l2l1,2.028,2,401,11,0,0,Not Found,valid,9 3,2.357
/home/ubuntu/Lustre-exp/kind2-benchmarks/FMCAD08/Int/large/microwave18.lus,l1l2,0.896,2,55,4,0,0,Not Found,invalid,0,1.373
/home/ubuntu/Lustre-exp/kind2-benchmarks/FMCAD08/Int/large/microwave19.lus,l2l1,3.032,2,241,9,0,0,Not Found,valid,8 4,4.752
/home/ubuntu/Lustre-exp/kind2-benchmarks/FMCAD08/Int/large/microwave20.lus,l2l1,0.037,2,13,0,0,0,Not Found,invalid,0,0.453
/home/ubuntu/Lustre-exp/kind2-benchmarks/FMCAD08/Int/large/microwave06.lus,base,273.166,24,34866,99,0,0,Not Found,timeout,39 36 35 34 33 32 31 30 29 28 27 26 25 24 23 22 21 20 19 18 17 16 15 14,290.199
/home/ubuntu/Lustre-exp/kind2-benchmarks/FMCAD08/Int/large/microwave07.lus,base,0.831,3,199,6,1,0,Not Found,timeout,4 2 1,290.241
/home/ubuntu/Lustre-exp/kind2-benchmarks/FMCAD08/Int/large/microwave08.lus,base,183.201,4,4445,68,0,1,Not Found,timeout,87 67 45 23,290.185
/home/ubuntu/Lustre-exp/kind2-benchmarks/FMCAD08/Int/large/microwave10.lus,base,10.787,8,3191,33,0,0,Not Found,timeout,14 9 6 5 4 3 2 1,290.196
/home/ubuntu/Lustre-exp/kind2-benchmarks/FMCAD08/Int/large/microwave09.lus,base,1.209,2,188,8,1,0,Not Found,timeout,7 3,290.279
/home/ubuntu/Lustre-exp/kind2-benchmarks/FMCAD08/Int/large/microwave11.lus,base,0.398,1,42,4,0,0,Not Found,timeout,4,290.183
/home/ubuntu/Lustre-exp/kind2-benchmarks/FMCAD08/Int/large/microwave25.lus,l1l2,0.040,2,13,0,0,0,Not Found,invalid,0,0.458
/home/ubuntu/Lustre-exp/kind2-benchmarks/FMCAD08/Int/large/microwave13.lus,base,3.696,5,878,17,0,1,Not Found,timeout,6 4 3 2 1,290.146
/home/ubuntu/Lustre-exp/kind2-benchmarks/FMCAD08/Int/large/microwave23.lus,l1l2,1.057,2,91,6,0,0,Not Found,invalid,0,1.500
/home/ubuntu/Lustre-exp/kind2-benchmarks/FMCAD08/Int/large/microwave28.lus,l2l1,0.941,1,53,5,0,0,Not Found,invalid,3,1.319
/home/ubuntu/Lustre-exp/kind2-benchmarks/FMCAD08/Int/large/microwave30.lus,l1l2,4.862,3,462,13,0,0,Not Found,valid,13 7,5.581
/home/ubuntu/Lustre-exp/kind2-benchmarks/FMCAD08/Int/large/microwave31.lus,l1l2,6.173,2,361,13,1,0,Not Found,invalid,0,6.891
/home/ubuntu/Lustre-exp/kind2-benchmarks/FMCAD08/Int/large/microwave29.lus,l2l1,8.373,2,122,6,0,0,Not Found,valid,3 0,8.703
/home/ubuntu/Lustre-exp/kind2-benchmarks/FMCAD08/Int/large/microwave32.lus,l2l1,3.566,1,178,11,0,0,Not Found,invalid,11,4.492
/home/ubuntu/Lustre-exp/kind2-benchmarks/FMCAD08/Int/large/microwave34.lus,l1l2,5.066,2,237,13,1,0,Not Found,invalid,0,5.470
/home/ubuntu/Lustre-exp/kind2-benchmarks/FMCAD08/Int/large/microwave36.lus,l2l1,3.746,1,192,12,0,0,Not Found,invalid,12,5.204
/home/ubuntu/Lustre-exp/kind2-benchmarks/FMCAD08/Int/large/microwave33.lus,l1l2,16.185,2,314,14,1,0,Not Found,invalid,0,16.883
/home/ubuntu/Lustre-exp/kind2-benchmarks/FMCAD08/Int/large/microwave35.lus,l2l1,3.308,1,191,12,0,0,Not Found,invalid,12,16.880
/home/ubuntu/Lustre-exp/kind2-benchmarks/FMCAD08/Int/large/microwave39.lus,l1l2,4.201,2,394,18,0,0,Not Found,invalid,0,4.927
/home/ubuntu/Lustre-exp/kind2-benchmarks/FMCAD08/Int/large/microwave40.lus,l1l2,0.041,2,13,0,0,0,Not Found,invalid,0,0.438
/home/ubuntu/Lustre-exp/kind2-benchmarks/FMCAD08/Int/large/steam_boiler_no_arr1_e4_23904_e4_2384.lus,l2l1,0.267,2,12,0,0,0,Not Found,valid,0,0.779
/home/ubuntu/Lustre-exp/kind2-benchmarks/FMCAD08/Int/large/steam_boiler_no_arr1.lus,l2l1,0.176,2,12,0,0,0,Not Found,valid,0,0.683
/home/ubuntu/Lustre-exp/kind2-benchmarks/FMCAD08/Int/large/steam_boiler_no_arr2_e1_17214_e5_18600.lus,l1l2,0.067,3,57,1,0,0,Not Found,valid,1 0,0.440
/home/ubuntu/Lustre-exp/kind2-benchmarks/FMCAD08/Int/large/steam_boiler_no_arr2_e3_514_e4_11150.lus,l2l1,0.067,3,57,1,0,0,Not Found,valid,1 0,0.431
/home/ubuntu/Lustre-exp/kind2-benchmarks/FMCAD08/Int/large/steam_boiler_no_arr2_e6_3003_e4_15091.lus,l2l1,0.074,3,57,1,0,0,Not Found,valid,1 0,0.421
/home/ubuntu/Lustre-exp/kind2-benchmarks/FMCAD08/Int/large/steam_boiler_no_arr2_e7_12307.lus,l2l1,0.072,3,57,1,0,0,Not Found,valid,1 0,0.440
/home/ubuntu/Lustre-exp/kind2-benchmarks/FMCAD08/Int/large/steam_boiler_no_arr2_e8_21449_e5_18210.lus,l2l1,0.120,3,108,2,0,0,Not Found,valid,2 0,0.479
/home/ubuntu/Lustre-exp/kind2-benchmarks/FMCAD08/Int/large/steam_boiler_no_arr2.lus,l2l1,0.074,3,57,1,0,0,Not Found,valid,1 0,0.429
/home/ubuntu/Lustre-exp/kind2-benchmarks/FMCAD08/Int/memory1/DRAGON_10_e1_3587_e3_2749.lus,l1l2,0.073,2,41,2,0,0,Not Found,valid,2,0.441
/home/ubuntu/Lustre-exp/kind2-benchmarks/FMCAD08/Int/memory1/DRAGON_10_e1_3587_e7_872.lus,l1l2,0.017,0,2,0,0,0,Not Found,invalid,Not Found,0.397
/home/ubuntu/Lustre-exp/kind2-benchmarks/FMCAD08/Int/memory1/DRAGON_10_e1_998.lus,l2l1,0.078,2,39,2,0,0,Not Found,valid,2,0.441
/home/ubuntu/Lustre-exp/kind2-benchmarks/FMCAD08/Int/memory1/DRAGON_10_e2_2785_e3_1744.lus,l2l1,0.078,2,39,2,0,0,Not Found,valid,2,0.440
/home/ubuntu/Lustre-exp/kind2-benchmarks/FMCAD08/Int/memory1/DRAGON_10_e2_402.lus,l2l1,0.075,2,39,2,0,0,Not Found,valid,2,0.439
/home/ubuntu/Lustre-exp/kind2-benchmarks/FMCAD08/Int/memory1/DRAGON_10_e3_144_e5_2046.lus,l1l2,0.068,2,39,2,0,0,Not Found,valid,2,0.430
/home/ubuntu/Lustre-exp/kind2-benchmarks/FMCAD08/Int/memory1/DRAGON_10_e3_144_e7_523.lus,l2l1,0.020,0,2,0,0,0,Not Found,invalid,Not Found,0.385
/home/ubuntu/Lustre-exp/kind2-benchmarks/FMCAD08/Int/memory1/DRAGON_10_e3_3429.lus,l2l1,0.081,2,39,2,0,0,Not Found,valid,2,0.444
/home/ubuntu/Lustre-exp/kind2-benchmarks/FMCAD08/Int/memory1/DRAGON_10_e7_3861_e2_1020.lus,l1l2,0.016,0,2,0,0,0,Not Found,invalid,Not Found,0.383
/home/ubuntu/Lustre-exp/kind2-benchmarks/FMCAD08/Int/memory1/DRAGON_10_e7_3861_e7_2180.lus,l2l1,0.018,0,2,0,0,0,Not Found,invalid,Not Found,0.385
/home/ubuntu/Lustre-exp/kind2-benchmarks/FMCAD08/Int/memory1/DRAGON_10.lus,l1l2,0.073,2,39,2,0,0,Not Found,valid,2,0.439
/home/ubuntu/Lustre-exp/kind2-benchmarks/FMCAD08/Int/large/microwave24.lus,l2l1,40.571,2,372,13,0,0,Not Found,valid,12 6,59.662
/home/ubuntu/Lustre-exp/kind2-benchmarks/FMCAD08/Int/large/microwave38.lus,l1l2,146.597,2,375,18,0,0,Not Found,invalid,0,147.255
/home/ubuntu/Lustre-exp/kind2-benchmarks/FMCAD08/Int/large/microwave21.lus,base,4.535,1,87,6,0,0,Not Found,timeout,6,290.113
/home/ubuntu/Lustre-exp/kind2-benchmarks/FMCAD08/Int/memory1/DRAGON_11_e1_2450_e7_5791.lus,l2l1,0.018,0,2,0,0,0,Not Found,invalid,Not Found,0.398
/home/ubuntu/Lustre-exp/kind2-benchmarks/FMCAD08/Int/large/microwave22.lus,base,28.599,1,228,14,0,0,Not Found,timeout,14,290.115
/home/ubuntu/Lustre-exp/kind2-benchmarks/FMCAD08/Int/large/microwave26.lus,base,Not Found,Not Found,Not Found,Not Found,Not Found,Not Found,Not Found,timeout,Not Found,290.115
/home/ubuntu/Lustre-exp/kind2-benchmarks/FMCAD08/Int/large/microwave27.lus,base,Not Found,Not Found,Not Found,Not Found,Not Found,Not Found,Not Found,timeout,Not Found,290.115
/home/ubuntu/Lustre-exp/kind2-benchmarks/FMCAD08/Int/large/microwave37.lus,base,Not Found,Not Found,Not Found,Not Found,Not Found,Not Found,Not Found,timeout,Not Found,290.114
/home/ubuntu/Lustre-exp/kind2-benchmarks/FMCAD08/Int/memory1/DRAGON_11_e1_2450_e1_5887.lus,base,123.314,4,39189,166,4,12,Not Found,timeout,275 233 170 99,290.271
/home/ubuntu/Lustre-exp/kind2-benchmarks/FMCAD08/Int/memory1/DRAGON_11_e1_2450_e2_1483.lus,base,57.249,2,19471,95,2,0,Not Found,timeout,183 93,290.361
/home/ubuntu/Lustre-exp/kind2-benchmarks/FMCAD08/Int/memory1/DRAGON_12_e1_4640_e7_128.lus,l1l2,0.018,0,2,0,0,0,Not Found,invalid,Not Found,0.400
/home/ubuntu/Lustre-exp/kind2-benchmarks/FMCAD08/Int/memory1/DRAGON_12_e2_1618_e1_6030.lus,l2l1,2.212,4,1328,16,2,2,Not Found,valid,23 19 14 5,2.561
/home/ubuntu/Lustre-exp/kind2-benchmarks/FMCAD08/Int/memory1/DRAGON_12_e2_1618_e2_138.lus,l2l1,1.279,4,853,13,3,0,Not Found,valid,13 9 7 3,1.622
/home/ubuntu/Lustre-exp/kind2-benchmarks/FMCAD08/Int/memory1/DRAGON_12_e2_1618_e3_2012.lus,l2l1,0.635,3,439,10,1,0,Not Found,valid,15 8,0.954
/home/ubuntu/Lustre-exp/kind2-benchmarks/FMCAD08/Int/memory1/DRAGON_12_e2_1618_e7_4732.lus,l2l1,0.021,0,2,0,0,0,Not Found,invalid,Not Found,0.389
/home/ubuntu/Lustre-exp/kind2-benchmarks/FMCAD08/Int/memory1/DRAGON_12_e2_1618.lus,l2l1,3.984,5,2334,18,3,2,Not Found,valid,24 19 17 9 1,4.304
/home/ubuntu/Lustre-exp/kind2-benchmarks/FMCAD08/Int/memory1/DRAGON_12.lus,l2l1,1.200,3,774,14,2,0,Not Found,valid,15 9 4,1.541
/home/ubuntu/Lustre-exp/kind2-benchmarks/FMCAD08/Int/memory1/DRAGON_13_e3_1418_e3_2761.lus,l2l1,4.614,4,2865,30,8,1,Not Found,valid,27 21 13 5,4.943
/home/ubuntu/Lustre-exp/kind2-benchmarks/FMCAD08/Int/memory1/DRAGON_13_e7_2336_e1_541.lus,l2l1,0.020,0,2,0,0,0,Not Found,invalid,Not Found,0.398
/home/ubuntu/Lustre-exp/kind2-benchmarks/FMCAD08/Int/memory1/DRAGON_13_e7_2336_e2_1255.lus,l1l2,0.020,0,2,0,0,0,Not Found,invalid,Not Found,0.412
/home/ubuntu/Lustre-exp/kind2-benchmarks/FMCAD08/Int/memory1/DRAGON_13_e7_2336_e3_3117.lus,l2l1,0.021,0,2,0,0,0,Not Found,invalid,Not Found,0.397
/home/ubuntu/Lustre-exp/kind2-benchmarks/FMCAD08/Int/memory1/DRAGON_13_e7_2336_e7_685.lus,l1l2,0.020,0,2,0,0,0,Not Found,invalid,Not Found,0.396
/home/ubuntu/Lustre-exp/kind2-benchmarks/FMCAD08/Int/memory1/DRAGON_13_e7_2336.lus,l2l1,0.021,0,2,0,0,0,Not Found,invalid,Not Found,0.398
/home/ubuntu/Lustre-exp/kind2-benchmarks/FMCAD08/Int/memory1/DRAGON_13.lus,l1l2,3.662,5,2660,30,8,2,Not Found,valid,41 37 29 11,4.341
/home/ubuntu/Lustre-exp/kind2-benchmarks/FMCAD08/Int/memory1/DRAGON_11_e1_2450_e3_2330.lus,base,0.179,1,81,5,0,0,Not Found,timeout,5,290.348
/home/ubuntu/Lustre-exp/kind2-benchmarks/FMCAD08/Int/memory1/DRAGON_11_e1_2450.lus,base,53.447,3,9695,45,2,0,Not Found,timeout,115 81 36,290.272
/home/ubuntu/Lustre-exp/kind2-benchmarks/FMCAD08/Int/memory1/DRAGON_11_e2_1678_e1_3565.lus,base,20.542,3,7319,49,3,1,Not Found,timeout,104 78 41,290.310
/home/ubuntu/Lustre-exp/kind2-benchmarks/FMCAD08/Int/memory1/DRAGON_11_e2_5396_e3_282.lus,base,153.874,5,30220,151,7,9,Not Found,timeout,205 183 160 105 50,290.236
/home/ubuntu/Lustre-exp/kind2-benchmarks/FMCAD08/Int/memory1/DRAGON_11_e3_382_e1_505.lus,base,163.179,5,25944,109,7,16,Not Found,timeout,136 122 99 82 51,290.213
/home/ubuntu/Lustre-exp/kind2-benchmarks/FMCAD08/Int/memory1/DRAGON_14_e7_3162_e1_3998.lus,l1l2,0.616,2,393,13,1,0,Not Found,invalid,15 6,0.990
/home/ubuntu/Lustre-exp/kind2-benchmarks/FMCAD08/Int/memory1/DRAGON_14_e7_3162_e2_753.lus,l2l1,0.662,2,375,15,2,0,Not Found,invalid,16 10,1.021
/home/ubuntu/Lustre-exp/kind2-benchmarks/FMCAD08/Int/memory1/DRAGON_14_e7_3162_e7_3528.lus,l2l1,0.412,2,257,9,1,0,Not Found,invalid,11 5,0.767
/home/ubuntu/Lustre-exp/kind2-benchmarks/FMCAD08/Int/memory1/DRAGON_14_e7_3162_e3_4298.lus,l2l1,0.477,2,247,9,1,0,Not Found,invalid,11 5,0.840
/home/ubuntu/Lustre-exp/kind2-benchmarks/FMCAD08/Int/memory1/DRAGON_14_e7_3162.lus,l2l1,0.539,2,319,10,1,0,Not Found,invalid,12 6,0.899
/home/ubuntu/Lustre-exp/kind2-benchmarks/FMCAD08/Int/memory1/DRAGON_1_e1_14612_e1_268_e7_501.lus,l1l2,0.055,2,24,1,0,0,Not Found,valid,1,0.441
/home/ubuntu/Lustre-exp/kind2-benchmarks/FMCAD08/Int/memory1/DRAGON_1_e1_14612_e2_2653_e7_4370.lus,l1l2,0.081,2,39,2,0,0,Not Found,valid,2,0.450
/home/ubuntu/Lustre-exp/kind2-benchmarks/FMCAD08/Int/memory1/DRAGON_1_e1_3184_e7_1888.lus,l2l1,0.067,2,24,1,0,0,Not Found,valid,1,0.445
/home/ubuntu/Lustre-exp/kind2-benchmarks/FMCAD08/Int/memory1/DRAGON_1_e1_5070.lus,l1l2,0.050,2,26,1,0,0,Not Found,valid,1,0.418
/home/ubuntu/Lustre-exp/kind2-benchmarks/FMCAD08/Int/memory1/DRAGON_1_e2_1997_e7_3613_e2_3409.lus,l1l2,0.050,2,24,1,0,0,Not Found,valid,1,0.432
/home/ubuntu/Lustre-exp/kind2-benchmarks/FMCAD08/Int/memory1/DRAGON_1_e2_1997.lus,l1l2,0.049,2,24,1,0,0,Not Found,valid,1,0.404
/home/ubuntu/Lustre-exp/kind2-benchmarks/FMCAD08/Int/memory1/DRAGON_1_e3_11891_e7_4569_e4_4881.lus,l1l2,0.052,2,24,1,0,0,Not Found,valid,1,0.427
/home/ubuntu/Lustre-exp/kind2-benchmarks/FMCAD08/Int/memory1/DRAGON_1.lus,l1l2,0.051,2,24,1,0,0,Not Found,valid,1,0.434
/home/ubuntu/Lustre-exp/kind2-benchmarks/FMCAD08/Int/memory1/DRAGON_2_e1_2316.lus,l1l2,0.057,2,20,1,0,0,Not Found,valid,1,0.426
/home/ubuntu/Lustre-exp/kind2-benchmarks/FMCAD08/Int/memory1/DRAGON_2_e2_3183_e1_2644.lus,l2l1,0.058,2,22,1,0,0,Not Found,valid,1,0.415
/home/ubuntu/Lustre-exp/kind2-benchmarks/FMCAD08/Int/memory1/DRAGON_2_e2_3183_e2_3580.lus,l1l2,0.057,2,22,1,0,0,Not Found,valid,1,0.437
/home/ubuntu/Lustre-exp/kind2-benchmarks/FMCAD08/Int/memory1/DRAGON_2_e2_3183_e3_5972.lus,l1l2,0.052,2,22,1,0,0,Not Found,valid,1,0.442
/home/ubuntu/Lustre-exp/kind2-benchmarks/FMCAD08/Int/memory1/DRAGON_2_e2_4481.lus,l2l1,0.067,2,20,1,0,0,Not Found,valid,1,0.427
/home/ubuntu/Lustre-exp/kind2-benchmarks/FMCAD08/Int/memory1/DRAGON_2_e7_25_e1_154.lus,l1l2,0.019,0,2,0,0,0,Not Found,invalid,Not Found,0.396
/home/ubuntu/Lustre-exp/kind2-benchmarks/FMCAD08/Int/memory1/DRAGON_2_e7_25_e2_5340.lus,l1l2,0.021,0,2,0,0,0,Not Found,invalid,Not Found,0.391
/home/ubuntu/Lustre-exp/kind2-benchmarks/FMCAD08/Int/memory1/DRAGON_2_e7_25_e3_829.lus,l1l2,0.020,0,2,0,0,0,Not Found,invalid,Not Found,0.399
/home/ubuntu/Lustre-exp/kind2-benchmarks/FMCAD08/Int/memory1/DRAGON_2_e7_25_e7_4469.lus,l1l2,0.020,0,2,0,0,0,Not Found,invalid,Not Found,0.411
/home/ubuntu/Lustre-exp/kind2-benchmarks/FMCAD08/Int/memory1/DRAGON_2_e7_25_e8_3171.lus,l1l2,0.053,2,22,1,0,0,Not Found,valid,1,0.427
/home/ubuntu/Lustre-exp/kind2-benchmarks/FMCAD08/Int/memory1/DRAGON_2_e7_25.lus,l1l2,0.022,0,2,0,0,0,Not Found,invalid,Not Found,0.388
/home/ubuntu/Lustre-exp/kind2-benchmarks/FMCAD08/Int/memory1/DRAGON_2.lus,l1l2,0.049,2,22,1,0,0,Not Found,valid,1,0.416
/home/ubuntu/Lustre-exp/kind2-benchmarks/FMCAD08/Int/memory1/DRAGON_3_e1_4783_e1_3755.lus,l1l2,0.062,2,27,1,0,0,Not Found,valid,1,0.435
/home/ubuntu/Lustre-exp/kind2-benchmarks/FMCAD08/Int/memory1/DRAGON_3_e1_4783_e2_158.lus,l1l2,0.066,2,27,1,0,0,Not Found,valid,1,0.435
/home/ubuntu/Lustre-exp/kind2-benchmarks/FMCAD08/Int/memory1/DRAGON_3_e1_4783_e3_511.lus,l1l2,0.068,2,27,1,0,0,Not Found,valid,1,0.439
/home/ubuntu/Lustre-exp/kind2-benchmarks/FMCAD08/Int/memory1/DRAGON_3_e1_4783_e7_4070.lus,l1l2,0.022,0,2,0,0,0,Not Found,invalid,Not Found,0.394
/home/ubuntu/Lustre-exp/kind2-benchmarks/FMCAD08/Int/memory1/DRAGON_3_e1_4783.lus,l1l2,0.073,2,27,1,0,0,Not Found,valid,1,0.446
/home/ubuntu/Lustre-exp/kind2-benchmarks/FMCAD08/Int/memory1/DRAGON_3_e2_5343_e1_988.lus,l1l2,0.060,2,27,1,0,0,Not Found,valid,1,0.442
/home/ubuntu/Lustre-exp/kind2-benchmarks/FMCAD08/Int/memory1/DRAGON_3_e3_3846.lus,l2l1,0.067,2,27,1,0,0,Not Found,valid,1,0.450
/home/ubuntu/Lustre-exp/kind2-benchmarks/FMCAD08/Int/memory1/DRAGON_3_e3_5422_e1_2288.lus,l1l2,0.059,2,27,1,0,0,Not Found,valid,1,0.428
/home/ubuntu/Lustre-exp/kind2-benchmarks/FMCAD08/Int/memory1/DRAGON_3_e3_5422_e2_3135.lus,l2l1,0.069,2,27,1,0,0,Not Found,valid,1,0.427
/home/ubuntu/Lustre-exp/kind2-benchmarks/FMCAD08/Int/memory1/DRAGON_3_e7_4884.lus,l2l1,0.024,0,2,0,0,0,Not Found,invalid,Not Found,0.397
/home/ubuntu/Lustre-exp/kind2-benchmarks/FMCAD08/Int/memory1/DRAGON_3.lus,l1l2,0.059,2,27,1,0,0,Not Found,valid,1,0.431
/home/ubuntu/Lustre-exp/kind2-benchmarks/FMCAD08/Int/memory1/DRAGON_11_e3_382_e4_4421.lus,base,262.272,4,52743,173,5,7,Not Found,timeout,310 293 231 116,290.211
/home/ubuntu/Lustre-exp/kind2-benchmarks/FMCAD08/Int/memory1/DRAGON_4_e1_4312.lus,l2l1,4.549,4,2654,21,6,0,Not Found,valid,31 24 7,4.829
/home/ubuntu/Lustre-exp/kind2-benchmarks/FMCAD08/Int/memory1/DRAGON_4_e2_2799_e2_2251.lus,l2l1,2.490,4,1699,17,5,0,Not Found,valid,27 22 16 6,2.768
/home/ubuntu/Lustre-exp/kind2-benchmarks/FMCAD08/Int/memory1/DRAGON_4_e2_2799_e1_1303.lus,l2l1,2.912,5,2181,18,5,0,Not Found,valid,33 26 23 11,3.184
/home/ubuntu/Lustre-exp/kind2-benchmarks/FMCAD08/Int/memory1/DRAGON_4_e2_2799_e7_2499.lus,l1l2,0.215,1,64,6,0,0,Not Found,invalid,4,0.596
/home/ubuntu/Lustre-exp/kind2-benchmarks/FMCAD08/Int/memory1/DRAGON_4_e2_2799_e3_1915.lus,l2l1,2.611,4,1875,20,6,0,Not Found,valid,30 25 15 1,2.955
/home/ubuntu/Lustre-exp/kind2-benchmarks/FMCAD08/Int/memory1/DRAGON_4_e3_1540_e1_5048.lus,l2l1,1.646,4,1256,15,5,0,Not Found,valid,21 16 14 7,1.936
/home/ubuntu/Lustre-exp/kind2-benchmarks/FMCAD08/Int/memory1/DRAGON_4_e2_2799.lus,l2l1,2.020,3,1517,22,5,0,Not Found,valid,34 28 10,4.352
/home/ubuntu/Lustre-exp/kind2-benchmarks/FMCAD08/Int/memory1/DRAGON_4_e7_2329_e3_4574.lus,l1l2,0.256,1,84,7,0,0,Not Found,invalid,5,0.622
/home/ubuntu/Lustre-exp/kind2-benchmarks/FMCAD08/Int/memory1/DRAGON_4_e7_2329_e7_3856.lus,l1l2,0.150,1,38,4,0,0,Not Found,invalid,2,0.519
/home/ubuntu/Lustre-exp/kind2-benchmarks/FMCAD08/Int/memory1/DRAGON_4_e7_2329.lus,l1l2,0.189,1,53,5,0,0,Not Found,invalid,3,0.565
/home/ubuntu/Lustre-exp/kind2-benchmarks/FMCAD08/Int/memory1/DRAGON_4_e3_4133.lus,l1l2,4.179,5,2806,24,8,0,Not Found,valid,35 30 24 10,4.627
/home/ubuntu/Lustre-exp/kind2-benchmarks/FMCAD08/Int/memory1/DRAGON_4.lus,l2l1,1.812,3,1342,20,5,0,Not Found,valid,30 24 9,3.062
/home/ubuntu/Lustre-exp/kind2-benchmarks/FMCAD08/Int/memory1/DRAGON_5_e1_1835.lus,l2l1,0.487,4,358,7,1,0,Not Found,valid,10 8 4,0.820
/home/ubuntu/Lustre-exp/kind2-benchmarks/FMCAD08/Int/memory1/DRAGON_5_e2_3018_e2_936.lus,l1l2,0.419,4,355,8,1,0,Not Found,valid,10 8 4,0.782
/home/ubuntu/Lustre-exp/kind2-benchmarks/FMCAD08/Int/memory1/DRAGON_5_e7_2017_e1_5832.lus,l2l1,0.124,1,38,3,0,0,Not Found,invalid,1,0.492
/home/ubuntu/Lustre-exp/kind2-benchmarks/FMCAD08/Int/memory1/DRAGON_5_e7_2017_e2_664.lus,l2l1,0.159,1,53,5,0,0,Not Found,invalid,3,0.511
/home/ubuntu/Lustre-exp/kind2-benchmarks/FMCAD08/Int/memory1/DRAGON_5_e7_2017_e3_1763.lus,l1l2,0.104,1,21,2,0,0,Not Found,invalid,0,0.469
/home/ubuntu/Lustre-exp/kind2-benchmarks/FMCAD08/Int/memory1/DRAGON_5_e7_2017_e7_2326.lus,l2l1,0.119,1,32,3,0,0,Not Found,invalid,1,0.490
/home/ubuntu/Lustre-exp/kind2-benchmarks/FMCAD08/Int/memory1/DRAGON_5_e7_2017.lus,l1l2,0.089,1,23,2,0,0,Not Found,invalid,0,0.472
/home/ubuntu/Lustre-exp/kind2-benchmarks/FMCAD08/Int/memory1/DRAGON_6_e7_5046_e7_3623.lus,l2l1,0.055,2,24,1,0,0,Not Found,valid,1,0.417
/home/ubuntu/Lustre-exp/kind2-benchmarks/FMCAD08/Int/memory1/DRAGON_5.lus,l1l2,0.432,4,345,7,1,0,Not Found,valid,9 7 3,0.798
/home/ubuntu/Lustre-exp/kind2-benchmarks/FMCAD08/Int/memory1/DRAGON_6.lus,l1l2,0.049,2,24,1,0,0,Not Found,valid,1,0.414
/home/ubuntu/Lustre-exp/kind2-benchmarks/FMCAD08/Int/memory1/DRAGON_7_e2_2872_e2_5844.lus,l2l1,0.103,2,55,3,0,0,Not Found,valid,3,0.464
/home/ubuntu/Lustre-exp/kind2-benchmarks/FMCAD08/Int/memory1/DRAGON_7_e2_2872_e3_2640.lus,l2l1,0.094,2,37,2,0,0,Not Found,valid,2,0.448
/home/ubuntu/Lustre-exp/kind2-benchmarks/FMCAD08/Int/memory1/DRAGON_7_e7_3157_e2_2082.lus,l1l2,0.119,2,55,3,0,0,Not Found,valid,3,0.500
/home/ubuntu/Lustre-exp/kind2-benchmarks/FMCAD08/Int/memory1/DRAGON_7.lus,l1l2,0.101,2,53,3,0,0,Not Found,valid,3,0.475
/home/ubuntu/Lustre-exp/kind2-benchmarks/FMCAD08/Int/memory1/DRAGON_8_e3_786_e7_4541.lus,l1l2,0.357,4,251,7,2,0,Not Found,valid,8 7 4,0.731
/home/ubuntu/Lustre-exp/kind2-benchmarks/FMCAD08/Int/memory1/DRAGON_8_e2_3896_e3_3125.lus,l1l2,0.952,5,685,16,3,2,Not Found,valid,17 16 7 4,1.313
/home/ubuntu/Lustre-exp/kind2-benchmarks/FMCAD08/Int/memory1/DRAGON_8_e3_786.lus,l1l2,0.937,5,709,14,2,2,Not Found,valid,17 16 9 5,1.303
/home/ubuntu/Lustre-exp/kind2-benchmarks/FMCAD08/Int/memory1/DRAGON_8_e7_3752.lus,l1l2,0.505,4,349,9,2,0,Not Found,valid,10 9 5,0.878
/home/ubuntu/Lustre-exp/kind2-benchmarks/FMCAD08/Int/memory1/DRAGON_9_e7_1843_e1_5434.lus,l2l1,0.052,2,24,1,0,0,Not Found,valid,1,0.424
/home/ubuntu/Lustre-exp/kind2-benchmarks/FMCAD08/Int/memory1/DRAGON_9_e7_1843_e2_1145.lus,l1l2,0.049,2,24,1,0,0,Not Found,valid,1,0.415
/home/ubuntu/Lustre-exp/kind2-benchmarks/FMCAD08/Int/memory1/DRAGON_9_e7_1843_e3_5316.lus,l1l2,0.053,2,24,1,0,0,Not Found,valid,1,0.426
/home/ubuntu/Lustre-exp/kind2-benchmarks/FMCAD08/Int/memory1/DRAGON_9_e7_1843_e7_2225.lus,l2l1,0.052,2,24,1,0,0,Not Found,valid,1,0.412
/home/ubuntu/Lustre-exp/kind2-benchmarks/FMCAD08/Int/memory1/DRAGON_8.lus,l2l1,1.688,4,837,27,3,1,Not Found,valid,23 22 2 1,2.003
/home/ubuntu/Lustre-exp/kind2-benchmarks/FMCAD08/Int/memory1/DRAGON_9_e7_1843.lus,l2l1,0.087,2,39,2,0,0,Not Found,valid,2,0.467
/home/ubuntu/Lustre-exp/kind2-benchmarks/FMCAD08/Int/memory1/DRAGON_9.lus,l2l1,0.048,2,24,1,0,0,Not Found,valid,1,0.436
/home/ubuntu/Lustre-exp/kind2-benchmarks/FMCAD08/Int/memory1/DRAGON_all2_e2_2073_e8_3691.lus,l2l1,0.023,0,2,0,0,0,Not Found,invalid,Not Found,0.428
/home/ubuntu/Lustre-exp/kind2-benchmarks/FMCAD08/Int/memory1/DRAGON_11.lus,base,0.142,1,57,4,0,0,Not Found,timeout,4,290.360
/home/ubuntu/Lustre-exp/kind2-benchmarks/FMCAD08/Int/memory1/DRAGON_all2_e3_4612_e2_5774.lus,l2l1,2.026,4,1188,22,4,0,Not Found,valid,17 13 6,2.358
/home/ubuntu/Lustre-exp/kind2-benchmarks/FMCAD08/Int/memory1/DRAGON_all2_e3_4612_e3_1543.lus,l1l2,1.581,4,957,20,3,0,Not Found,valid,16 12 6,1.965
/home/ubuntu/Lustre-exp/kind2-benchmarks/FMCAD08/Int/memory1/DRAGON_all2_e3_4612_e1_6463.lus,l1l2,3.519,5,1949,26,4,0,Not Found,valid,19 14 11 10,3.948
/home/ubuntu/Lustre-exp/kind2-benchmarks/FMCAD08/Int/memory1/DRAGON_all2_e3_4612_e8_5861.lus,l2l1,0.026,0,2,0,0,0,Not Found,invalid,Not Found,0.424
/home/ubuntu/Lustre-exp/kind2-benchmarks/FMCAD08/Int/memory1/DRAGON_all2_e7_5406_e1_6690.lus,l1l2,0.022,0,2,0,0,0,Not Found,invalid,Not Found,0.405
/home/ubuntu/Lustre-exp/kind2-benchmarks/FMCAD08/Int/memory1/DRAGON_all2_e3_4612_e4_3719.lus,l2l1,2.332,3,1168,23,1,0,Not Found,valid,16 10 2,2.676
/home/ubuntu/Lustre-exp/kind2-benchmarks/FMCAD08/Int/memory1/DRAGON_all2_e7_5406_e2_3084.lus,l1l2,0.029,0,2,0,0,0,Not Found,invalid,Not Found,0.419
/home/ubuntu/Lustre-exp/kind2-benchmarks/FMCAD08/Int/memory1/DRAGON_all2_e7_5406_e3_506.lus,l2l1,0.023,0,2,0,0,0,Not Found,invalid,Not Found,0.423
/home/ubuntu/Lustre-exp/kind2-benchmarks/FMCAD08/Int/memory1/DRAGON_all2_e7_5406_e7_6697.lus,l1l2,0.025,0,2,0,0,0,Not Found,invalid,Not Found,0.423
/home/ubuntu/Lustre-exp/kind2-benchmarks/FMCAD08/Int/memory1/DRAGON_all2_e7_5406.lus,l1l2,0.022,0,2,0,0,0,Not Found,invalid,Not Found,0.404
/home/ubuntu/Lustre-exp/kind2-benchmarks/FMCAD08/Int/memory1/DRAGON_all2_e8_4626.lus,l1l2,0.019,0,2,0,0,0,Not Found,invalid,Not Found,0.403
/home/ubuntu/Lustre-exp/kind2-benchmarks/FMCAD08/Int/memory1/DRAGON_all2_e8_5504_e1_4719.lus,l2l1,0.028,0,2,0,0,0,Not Found,invalid,Not Found,0.404
/home/ubuntu/Lustre-exp/kind2-benchmarks/FMCAD08/Int/memory1/DRAGON_all2_e3_4612_e5_3642.lus,l1l2,2.874,5,1706,25,3,0,Not Found,valid,16 11 10 9,3.316
/home/ubuntu/Lustre-exp/kind2-benchmarks/FMCAD08/Int/memory1/DRAGON_all2_e8_5504_e7_579.lus,l2l1,0.023,0,2,0,0,0,Not Found,invalid,Not Found,0.405
/home/ubuntu/Lustre-exp/kind2-benchmarks/FMCAD08/Int/memory1/DRAGON_all_e1_4022_e2_267.lus,l1l2,0.138,2,63,4,0,0,Not Found,valid,4,0.513
/home/ubuntu/Lustre-exp/kind2-benchmarks/FMCAD08/Int/memory1/DRAGON_all_e1_4022_e1_1759.lus,l1l2,0.144,2,67,4,0,0,Not Found,valid,4,0.522
/home/ubuntu/Lustre-exp/kind2-benchmarks/FMCAD08/Int/memory1/DRAGON_all_e1_4022_e7_2886.lus,l1l2,0.020,0,2,0,0,0,Not Found,invalid,Not Found,0.392
/home/ubuntu/Lustre-exp/kind2-benchmarks/FMCAD08/Int/memory1/DRAGON_all_e1_4022_e3_3628.lus,l1l2,0.155,2,67,4,0,0,Not Found,valid,4,0.531
/home/ubuntu/Lustre-exp/kind2-benchmarks/FMCAD08/Int/memory1/DRAGON_all_e1_4037.lus,l1l2,0.137,2,67,4,0,0,Not Found,valid,4,0.499
/home/ubuntu/Lustre-exp/kind2-benchmarks/FMCAD08/Int/memory1/DRAGON_all_e2_6104_e1_6205.lus,l2l1,0.149,2,67,4,0,0,Not Found,valid,4,0.508
/home/ubuntu/Lustre-exp/kind2-benchmarks/FMCAD08/Int/memory1/DRAGON_all_e2_6104_e2_3308.lus,l1l2,0.159,2,69,4,0,0,Not Found,valid,4,0.541
/home/ubuntu/Lustre-exp/kind2-benchmarks/FMCAD08/Int/memory1/DRAGON_all_e2_6104_e3_2607.lus,l1l2,0.156,2,85,5,0,0,Not Found,valid,5,0.543
/home/ubuntu/Lustre-exp/kind2-benchmarks/FMCAD08/Int/memory1/DRAGON_all2.lus,l1l2,1.981,4,1162,24,3,0,Not Found,valid,17 13 7,2.367
/home/ubuntu/Lustre-exp/kind2-benchmarks/FMCAD08/Int/memory1/DRAGON_all_e2_6104.lus,l1l2,0.142,2,65,4,0,0,Not Found,valid,4,0.527
/home/ubuntu/Lustre-exp/kind2-benchmarks/FMCAD08/Int/memory1/DRAGON_all_e3_4821_e1_1318.lus,l1l2,0.127,2,67,4,0,0,Not Found,valid,4,0.510
/home/ubuntu/Lustre-exp/kind2-benchmarks/FMCAD08/Int/memory1/DRAGON_all_e3_4821_e2_1089.lus,l2l1,0.168,2,87,5,0,0,Not Found,valid,5,0.531
/home/ubuntu/Lustre-exp/kind2-benchmarks/FMCAD08/Int/memory1/DRAGON_all_e3_4821_e4_1791.lus,l2l1,0.161,1,51,4,0,0,Not Found,valid,3,0.508
/home/ubuntu/Lustre-exp/kind2-benchmarks/FMCAD08/Int/memory1/DRAGON_all_e3_4821_e5_1536.lus,l2l1,0.160,2,87,5,0,0,Not Found,valid,5,0.519
/home/ubuntu/Lustre-exp/kind2-benchmarks/FMCAD08/Int/memory1/DRAGON_all_e7_1941_e2_6086.lus,l2l1,0.022,0,2,0,0,0,Not Found,invalid,Not Found,0.397
/home/ubuntu/Lustre-exp/kind2-benchmarks/FMCAD08/Int/memory1/DRAGON_all_e3_5957.lus,l1l2,0.149,2,71,4,0,0,Not Found,valid,4,0.506
/home/ubuntu/Lustre-exp/kind2-benchmarks/FMCAD08/Int/memory1/DRAGON_all_e7_4065.lus,l1l2,0.019,0,2,0,0,0,Not Found,invalid,Not Found,0.403
/home/ubuntu/Lustre-exp/kind2-benchmarks/FMCAD08/Int/memory1/FIREFLY_10_e7_919_e2_3192.lus,l1l2,0.030,2,24,1,0,0,Not Found,valid,1,0.374
/home/ubuntu/Lustre-exp/kind2-benchmarks/FMCAD08/Int/memory1/DRAGON_all.lus,l2l1,0.147,2,67,4,0,0,Not Found,valid,4,0.507
/home/ubuntu/Lustre-exp/kind2-benchmarks/FMCAD08/Int/memory1/FIREFLY_10.lus,l1l2,0.028,2,24,1,0,0,Not Found,valid,1,0.384
/home/ubuntu/Lustre-exp/kind2-benchmarks/FMCAD08/Int/memory1/DRAGON_14_e1_5710.lus,base,148.373,9,29907,117,12,24,Not Found,timeout,135 127 117 115 113 110 106 102 94,290.202
/home/ubuntu/Lustre-exp/kind2-benchmarks/FMCAD08/Int/memory1/FIREFLY_1_e1_1092_e1_1486.lus,l1l2,0.053,1,15,2,0,0,Not Found,invalid,0,0.402
/home/ubuntu/Lustre-exp/kind2-benchmarks/FMCAD08/Int/memory1/FIREFLY_1_e1_1092_e2_1853.lus,l1l2,0.030,2,20,1,0,0,Not Found,valid,1,0.392
/home/ubuntu/Lustre-exp/kind2-benchmarks/FMCAD08/Int/memory1/FIREFLY_1_e1_1092_e3_389.lus,l2l1,0.064,1,15,2,0,0,Not Found,invalid,0,0.419
/home/ubuntu/Lustre-exp/kind2-benchmarks/FMCAD08/Int/memory1/FIREFLY_1_e1_1092_e7_1119.lus,l2l1,0.016,0,2,0,0,0,Not Found,invalid,Not Found,0.374
/home/ubuntu/Lustre-exp/kind2-benchmarks/FMCAD08/Int/memory1/FIREFLY_1_e1_1092.lus,l1l2,0.049,1,15,2,0,0,Not Found,invalid,0,0.413
/home/ubuntu/Lustre-exp/kind2-benchmarks/FMCAD08/Int/memory1/FIREFLY_1.lus,l2l1,0.036,2,20,1,0,0,Not Found,valid,1,0.379
/home/ubuntu/Lustre-exp/kind2-benchmarks/FMCAD08/Int/memory1/FIREFLY_2_e3_151_e3_1540.lus,l2l1,0.064,1,22,2,0,0,Not Found,invalid,0,0.412
/home/ubuntu/Lustre-exp/kind2-benchmarks/FMCAD08/Int/memory1/FIREFLY_2.lus,l2l1,0.043,2,27,1,0,0,Not Found,valid,1,0.393
/home/ubuntu/Lustre-exp/kind2-benchmarks/FMCAD08/Int/memory1/FIREFLY_3_e2_2236_e1_2305.lus,l2l1,0.036,2,24,1,0,0,Not Found,valid,1,0.396
/home/ubuntu/Lustre-exp/kind2-benchmarks/FMCAD08/Int/memory1/FIREFLY_3_e2_2236_e2_1058.lus,l2l1,0.053,2,39,2,0,0,Not Found,valid,2,0.395
/home/ubuntu/Lustre-exp/kind2-benchmarks/FMCAD08/Int/memory1/FIREFLY_3_e2_2236_e3_2657.lus,l2l1,0.061,1,21,2,0,0,Not Found,invalid,0,0.401
/home/ubuntu/Lustre-exp/kind2-benchmarks/FMCAD08/Int/memory1/FIREFLY_3_e2_2236_e7_3681.lus,l2l1,0.047,2,39,2,0,0,Not Found,valid,2,0.388
/home/ubuntu/Lustre-exp/kind2-benchmarks/FMCAD08/Int/memory1/FIREFLY_3_e2_2236.lus,l1l2,0.033,2,24,1,0,0,Not Found,valid,1,0.377
/home/ubuntu/Lustre-exp/kind2-benchmarks/FMCAD08/Int/memory1/FIREFLY_3.lus,l1l2,0.028,2,24,1,0,0,Not Found,valid,1,0.384
/home/ubuntu/Lustre-exp/kind2-benchmarks/FMCAD08/Int/memory1/FIREFLY_4_e3_3511_e1_2375.lus,l2l1,0.130,2,63,4,1,0,Not Found,invalid,2 1,0.454
/home/ubuntu/Lustre-exp/kind2-benchmarks/FMCAD08/Int/memory1/FIREFLY_4_e3_3511_e2_1923.lus,l1l2,0.107,3,106,2,0,0,Not Found,valid,3 2,0.446
/home/ubuntu/Lustre-exp/kind2-benchmarks/FMCAD08/Int/memory1/FIREFLY_4_e3_3511_e3_422.lus,l1l2,0.114,3,106,2,0,0,Not Found,valid,3 2,0.471
/home/ubuntu/Lustre-exp/kind2-benchmarks/FMCAD08/Int/memory1/FIREFLY_4_e3_3511_e4_1464.lus,l2l1,0.149,2,74,5,1,0,Not Found,invalid,2 1,0.453
/home/ubuntu/Lustre-exp/kind2-benchmarks/FMCAD08/Int/memory1/FIREFLY_4_e3_3511_e5_3248.lus,l2l1,0.123,3,104,2,0,0,Not Found,valid,3 2,0.468
/home/ubuntu/Lustre-exp/kind2-benchmarks/FMCAD08/Int/memory1/FIREFLY_4_e3_3511_e7_3568.lus,l2l1,0.017,0,2,0,0,0,Not Found,invalid,Not Found,0.374
/home/ubuntu/Lustre-exp/kind2-benchmarks/FMCAD08/Int/memory1/FIREFLY_4_e3_3511.lus,l1l2,0.123,3,117,2,0,0,Not Found,valid,3 2,0.468
/home/ubuntu/Lustre-exp/kind2-benchmarks/FMCAD08/Int/memory1/FIREFLY_4.lus,l1l2,0.040,2,27,1,0,0,Not Found,valid,1,0.401
/home/ubuntu/Lustre-exp/kind2-benchmarks/FMCAD08/Int/memory1/FIREFLY_5_e1_2552_e7_1169.lus,l2l1,0.031,2,20,1,0,0,Not Found,valid,1,0.374
/home/ubuntu/Lustre-exp/kind2-benchmarks/FMCAD08/Int/memory1/FIREFLY_5_e2_2229.lus,l2l1,0.060,2,39,2,0,0,Not Found,valid,2,0.404
/home/ubuntu/Lustre-exp/kind2-benchmarks/FMCAD08/Int/memory1/FIREFLY_5_e2_2884_e1_2678.lus,l2l1,0.051,2,39,2,0,0,Not Found,valid,2,0.406
/home/ubuntu/Lustre-exp/kind2-benchmarks/FMCAD08/Int/memory1/FIREFLY_5_e2_2884_e2_1492.lus,l2l1,0.047,2,39,2,0,0,Not Found,valid,2,0.399
/home/ubuntu/Lustre-exp/kind2-benchmarks/FMCAD08/Int/memory1/FIREFLY_5_e2_2884_e3_1882.lus,l1l2,0.031,2,24,1,0,0,Not Found,valid,1,0.386
/home/ubuntu/Lustre-exp/kind2-benchmarks/FMCAD08/Int/memory1/FIREFLY_5_e2_2884_e7_3594.lus,l2l1,0.036,2,24,1,0,0,Not Found,valid,1,0.380
/home/ubuntu/Lustre-exp/kind2-benchmarks/FMCAD08/Int/memory1/FIREFLY_5.lus,l1l2,0.044,2,39,2,0,0,Not Found,valid,2,0.393
/home/ubuntu/Lustre-exp/kind2-benchmarks/FMCAD08/Int/memory1/FIREFLY_6_e2_3302.lus,l2l1,0.524,4,635,6,1,0,Not Found,valid,10 7 3 1,0.832
/home/ubuntu/Lustre-exp/kind2-benchmarks/FMCAD08/Int/memory1/FIREFLY_6.lus,l2l1,0.401,4,441,7,2,0,Not Found,valid,9 7 4,0.709
/home/ubuntu/Lustre-exp/kind2-benchmarks/FMCAD08/Int/memory1/FIREFLY_7.lus,l1l2,14.413,5,6514,45,4,3,Not Found,valid,58 49 46 43,14.834
/home/ubuntu/Lustre-exp/kind2-benchmarks/FMCAD08/Int/memory1/FIREFLY_8_e2_1711_e1_1489.lus,l1l2,0.029,2,26,1,0,0,Not Found,valid,1,0.374
/home/ubuntu/Lustre-exp/kind2-benchmarks/FMCAD08/Int/memory1/FIREFLY_8_e2_1711_e2_2673.lus,l1l2,0.034,2,24,1,0,0,Not Found,valid,1,0.388
/home/ubuntu/Lustre-exp/kind2-benchmarks/FMCAD08/Int/memory1/FIREFLY_8_e2_1711_e3_1753.lus,l1l2,0.032,2,24,1,0,0,Not Found,valid,1,0.385
/home/ubuntu/Lustre-exp/kind2-benchmarks/FMCAD08/Int/memory1/FIREFLY_8_e2_1711_e7_1962.lus,l2l1,0.016,0,2,0,0,0,Not Found,invalid,Not Found,0.369
/home/ubuntu/Lustre-exp/kind2-benchmarks/FMCAD08/Int/memory1/FIREFLY_8_e2_1711.lus,l1l2,0.036,2,24,1,0,0,Not Found,valid,1,0.385
/home/ubuntu/Lustre-exp/kind2-benchmarks/FMCAD08/Int/memory1/FIREFLY_8.lus,l2l1,0.042,2,26,1,0,0,Not Found,valid,1,0.385
/home/ubuntu/Lustre-exp/kind2-benchmarks/FMCAD08/Int/memory1/FIREFLY_9_e7_170_e3_3647.lus,l2l1,0.063,2,41,2,0,0,Not Found,valid,2,0.395
/home/ubuntu/Lustre-exp/kind2-benchmarks/FMCAD08/Int/memory1/FIREFLY_9.lus,l1l2,0.045,2,39,2,0,0,Not Found,valid,2,0.387
/home/ubuntu/Lustre-exp/kind2-benchmarks/FMCAD08/Int/memory1/FIREFLY_a3_e1_3233_e1_3123.lus,l2l1,0.075,1,22,2,0,0,Not Found,invalid,0,0.411
/home/ubuntu/Lustre-exp/kind2-benchmarks/FMCAD08/Int/memory1/FIREFLY_a3_e1_3233_e2_2392.lus,l1l2,0.090,2,71,4,0,0,Not Found,valid,4,0.452
/home/ubuntu/Lustre-exp/kind2-benchmarks/FMCAD08/Int/memory1/FIREFLY_a3_e1_3233_e3_2970.lus,l2l1,0.150,1,80,6,0,0,Not Found,valid,5,0.458
/home/ubuntu/Lustre-exp/kind2-benchmarks/FMCAD08/Int/memory1/FIREFLY_a3_e1_3233_e7_906.lus,l2l1,0.018,0,2,0,0,0,Not Found,invalid,Not Found,0.382
/home/ubuntu/Lustre-exp/kind2-benchmarks/FMCAD08/Int/memory1/FIREFLY_a3_e1_3233.lus,l1l2,0.060,1,22,2,0,0,Not Found,invalid,0,0.429
/home/ubuntu/Lustre-exp/kind2-benchmarks/FMCAD08/Int/memory1/FIREFLY_a3_e2_2086_e1_3235.lus,l1l2,0.082,2,69,4,0,0,Not Found,valid,4,0.449
/home/ubuntu/Lustre-exp/kind2-benchmarks/FMCAD08/Int/memory1/FIREFLY_a3_e2_2086_e2_2689.lus,l2l1,0.116,2,87,5,0,0,Not Found,valid,5,0.459
/home/ubuntu/Lustre-exp/kind2-benchmarks/FMCAD08/Int/memory1/FIREFLY_a3_e2_2086_e3_2542.lus,l1l2,0.089,2,71,4,0,0,Not Found,valid,4,0.436
/home/ubuntu/Lustre-exp/kind2-benchmarks/FMCAD08/Int/memory1/FIREFLY_a3_e2_2086_e7_2614.lus,l1l2,0.015,0,2,0,0,0,Not Found,invalid,Not Found,0.371
/home/ubuntu/Lustre-exp/kind2-benchmarks/FMCAD08/Int/memory1/FIREFLY_a3_e2_2952.lus,l2l1,0.133,3,128,5,0,0,Not Found,valid,1 0,0.460
/home/ubuntu/Lustre-exp/kind2-benchmarks/FMCAD08/Int/memory1/FIREFLY_a3_e3_314_e1_1979.lus,l2l1,0.189,2,120,7,1,0,Not Found,invalid,3 2,0.527
/home/ubuntu/Lustre-exp/kind2-benchmarks/FMCAD08/Int/memory1/FIREFLY_a3_e3_314_e2_2812.lus,l2l1,0.161,3,136,5,0,0,Not Found,valid,1 0,0.501
/home/ubuntu/Lustre-exp/kind2-benchmarks/FMCAD08/Int/memory1/FIREFLY_a3_e3_314_e4_897.lus,l2l1,0.184,2,120,7,1,0,Not Found,invalid,3 2,0.537
/home/ubuntu/Lustre-exp/kind2-benchmarks/FMCAD08/Int/memory1/FIREFLY_a3.lus,l2l1,0.099,2,71,4,0,0,Not Found,valid,4,0.439
/home/ubuntu/Lustre-exp/kind2-benchmarks/FMCAD08/Int/memory1/FIREFLY_all_e1_1207_e1_1201.lus,l1l2,0.091,1,39,4,0,0,Not Found,invalid,2,0.441
/home/ubuntu/Lustre-exp/kind2-benchmarks/FMCAD08/Int/memory1/FIREFLY_all_e1_1207_e2_3220.lus,l2l1,0.124,2,81,5,0,0,Not Found,valid,5,0.480
/home/ubuntu/Lustre-exp/kind2-benchmarks/FMCAD08/Int/memory1/FIREFLY_all_e1_1207_e3_1928.lus,l1l2,0.041,1,9,1,0,0,Not Found,invalid,0,0.403
/home/ubuntu/Lustre-exp/kind2-benchmarks/FMCAD08/Int/memory1/FIREFLY_all_e1_1207_e7_156.lus,l2l1,0.019,0,2,0,0,0,Not Found,invalid,Not Found,0.371
/home/ubuntu/Lustre-exp/kind2-benchmarks/FMCAD08/Int/memory1/FIREFLY_all_e1_3406.lus,l1l2,0.074,1,27,3,0,0,Not Found,invalid,1,0.431
/home/ubuntu/Lustre-exp/kind2-benchmarks/FMCAD08/Int/memory1/FIREFLY_all_e2_2924_e1_768.lus,l1l2,0.085,2,63,4,0,0,Not Found,valid,4,0.430
/home/ubuntu/Lustre-exp/kind2-benchmarks/FMCAD08/Int/memory1/FIREFLY_all_e2_2924_e2_1767.lus,l2l1,0.118,1,54,5,0,0,Not Found,invalid,3,0.444
/home/ubuntu/Lustre-exp/kind2-benchmarks/FMCAD08/Int/memory1/FIREFLY_all_e2_2924_e3_3946.lus,l1l2,0.125,1,57,5,0,0,Not Found,invalid,3,0.472
/home/ubuntu/Lustre-exp/kind2-benchmarks/FMCAD08/Int/memory1/FIREFLY_all_e2_2924_e7_3371.lus,l1l2,0.013,0,2,0,0,0,Not Found,invalid,Not Found,0.372
/home/ubuntu/Lustre-exp/kind2-benchmarks/FMCAD08/Int/memory1/FIREFLY_all_e2_3678.lus,l2l1,0.125,1,78,6,0,0,Not Found,invalid,4,0.463
/home/ubuntu/Lustre-exp/kind2-benchmarks/FMCAD08/Int/memory1/FIREFLY_all_e3_1600_e1_667.lus,l2l1,0.101,1,39,4,0,0,Not Found,invalid,2,0.446
/home/ubuntu/Lustre-exp/kind2-benchmarks/FMCAD08/Int/memory1/FIREFLY_all_e3_1600_e2_676.lus,l2l1,0.181,1,112,7,0,0,Not Found,invalid,6,0.512
/home/ubuntu/Lustre-exp/kind2-benchmarks/FMCAD08/Int/memory1/FIREFLY_all_e3_1600_e3_2055.lus,l1l2,0.049,1,15,2,0,0,Not Found,invalid,0,0.399
/home/ubuntu/Lustre-exp/kind2-benchmarks/FMCAD08/Int/memory1/FIREFLY_all_e3_1600_e4_2415.lus,l1l2,0.042,1,9,1,0,0,Not Found,invalid,0,0.391
/home/ubuntu/Lustre-exp/kind2-benchmarks/FMCAD08/Int/memory1/FIREFLY_all_e3_1600_e5_84.lus,l2l1,0.202,1,107,8,0,0,Not Found,invalid,6,0.530
/home/ubuntu/Lustre-exp/kind2-benchmarks/FMCAD08/Int/memory1/FIREFLY_all_e3_1600_e7_1607.lus,l2l1,0.017,0,2,0,0,0,Not Found,invalid,Not Found,0.372
/home/ubuntu/Lustre-exp/kind2-benchmarks/FMCAD08/Int/memory1/FIREFLY_all_e3_3496.lus,l1l2,0.047,1,9,1,0,0,Not Found,invalid,0,0.411
/home/ubuntu/Lustre-exp/kind2-benchmarks/FMCAD08/Int/memory1/FIREFLY_all_e7_1909.lus,l1l2,0.014,0,2,0,0,0,Not Found,invalid,Not Found,0.371
/home/ubuntu/Lustre-exp/kind2-benchmarks/FMCAD08/Int/memory1/FIREFLY_all.lus,l1l2,0.109,2,81,5,0,0,Not Found,valid,5,0.470
/home/ubuntu/Lustre-exp/kind2-benchmarks/FMCAD08/Int/memory1/DRAGON_14_e2_3606.lus,base,247.674,12,30775,72,13,12,Not Found,timeout,95 90 84 81 79 76 72 67 52 24 12 7,290.153
/home/ubuntu/Lustre-exp/kind2-benchmarks/FMCAD08/Int/memory1/DRAGON_14_e3_1259_e1_5798.lus,base,8.400,5,4815,30,11,0,Not Found,timeout,31 24 19 18 11,290.280
/home/ubuntu/Lustre-exp/kind2-benchmarks/FMCAD08/Int/memory1/DRAGON_14_e3_5120.lus,base,80.188,10,18327,54,9,5,Not Found,timeout,61 56 48 47 43 40 37 29 17 10,290.222
/home/ubuntu/Lustre-exp/kind2-benchmarks/FMCAD08/Int/memory1/FIREFLY_luke_1a_e2_284_e7_998.lus,l1l2,0.246,2,195,9,1,0,Not Found,invalid,10 5,0.613
/home/ubuntu/Lustre-exp/kind2-benchmarks/FMCAD08/Int/memory1/DRAGON_14.lus,base,239.751,11,42278,156,8,32,Not Found,timeout,138 133 126 122 120 116 112 109 103 89 69,290.179
/home/ubuntu/Lustre-exp/kind2-benchmarks/FMCAD08/Int/memory1/FIREFLY_11_e1_3457.lus,base,0.070,1,40,3,0,0,Not Found,timeout,3,290.271
/home/ubuntu/Lustre-exp/kind2-benchmarks/FMCAD08/Int/memory1/FIREFLY_11.lus,base,0.041,1,26,2,0,0,Not Found,timeout,2,290.256
/home/ubuntu/Lustre-exp/kind2-benchmarks/FMCAD08/Int/memory1/FIREFLY_11_e3_2076_e1_1270.lus,base,0.058,1,40,3,0,0,Not Found,timeout,3,290.306
/home/ubuntu/Lustre-exp/kind2-benchmarks/FMCAD08/Int/memory1/FIREFLY_luke_1b_e1_1139_e1_1565.lus,l1l2,0.043,1,17,2,0,0,Not Found,invalid,0,0.401
/home/ubuntu/Lustre-exp/kind2-benchmarks/FMCAD08/Int/memory1/FIREFLY_luke_1b_e1_1139_e2_2893.lus,l1l2,0.033,2,22,1,0,0,Not Found,valid,1,0.374
/home/ubuntu/Lustre-exp/kind2-benchmarks/FMCAD08/Int/memory1/FIREFLY_luke_1b_e1_1139_e3_1839.lus,l1l2,0.082,1,41,4,0,0,Not Found,invalid,2,0.434
/home/ubuntu/Lustre-exp/kind2-benchmarks/FMCAD08/Int/memory1/FIREFLY_luke_1b_e1_1691.lus,l1l2,0.051,1,17,2,0,0,Not Found,invalid,0,0.414
/home/ubuntu/Lustre-exp/kind2-benchmarks/FMCAD08/Int/memory1/FIREFLY_luke_1b_e2_3049_e1_946.lus,l2l1,0.034,2,22,1,0,0,Not Found,valid,1,0.373
/home/ubuntu/Lustre-exp/kind2-benchmarks/FMCAD08/Int/memory1/FIREFLY_luke_1b_e2_3049_e2_698.lus,l1l2,0.048,1,17,2,0,0,Not Found,invalid,0,0.403
/home/ubuntu/Lustre-exp/kind2-benchmarks/FMCAD08/Int/memory1/FIREFLY_luke_1b_e2_3049_e3_2697.lus,l2l1,0.061,1,17,2,0,0,Not Found,invalid,0,0.404
/home/ubuntu/Lustre-exp/kind2-benchmarks/FMCAD08/Int/memory1/FIREFLY_luke_1b_e2_3049.lus,l1l2,0.093,1,41,4,0,0,Not Found,invalid,2,0.439
/home/ubuntu/Lustre-exp/kind2-benchmarks/FMCAD08/Int/memory1/FIREFLY_luke_1b_e3_671_e1_725.lus,l2l1,0.081,1,41,4,0,0,Not Found,invalid,2,0.442
/home/ubuntu/Lustre-exp/kind2-benchmarks/FMCAD08/Int/memory1/FIREFLY_luke_1b_e3_671_e2_2131.lus,l2l1,0.085,1,41,4,0,0,Not Found,invalid,2,0.429
/home/ubuntu/Lustre-exp/kind2-benchmarks/FMCAD08/Int/memory1/FIREFLY_luke_1b_e3_671_e3_941.lus,l1l2,0.043,1,17,2,0,0,Not Found,invalid,0,0.400
/home/ubuntu/Lustre-exp/kind2-benchmarks/FMCAD08/Int/memory1/FIREFLY_luke_1b_e3_671_e4_147.lus,l1l2,0.086,1,41,4,0,0,Not Found,invalid,2,0.439
/home/ubuntu/Lustre-exp/kind2-benchmarks/FMCAD08/Int/memory1/FIREFLY_luke_1b_e3_671_e5_1637.lus,l2l1,0.094,1,41,4,0,0,Not Found,invalid,2,0.432
/home/ubuntu/Lustre-exp/kind2-benchmarks/FMCAD08/Int/memory1/FIREFLY_luke_1b_e3_671_e6_1974.lus,l2l1,0.041,2,22,1,0,0,Not Found,valid,1,0.374
/home/ubuntu/Lustre-exp/kind2-benchmarks/FMCAD08/Int/memory1/FIREFLY_luke_1b_e3_671_e7_1882.lus,l2l1,0.015,0,2,0,0,0,Not Found,invalid,Not Found,0.370
/home/ubuntu/Lustre-exp/kind2-benchmarks/FMCAD08/Int/memory1/FIREFLY_luke_1b_e7_2574.lus,l1l2,0.015,0,2,0,0,0,Not Found,invalid,Not Found,0.381
/home/ubuntu/Lustre-exp/kind2-benchmarks/FMCAD08/Int/memory1/FIREFLY_luke_1b_e3_671.lus,l1l2,0.078,1,41,4,0,0,Not Found,invalid,2,0.432
/home/ubuntu/Lustre-exp/kind2-benchmarks/FMCAD08/Int/memory1/FIREFLY_luke_1b_e7_3191_e1_1303.lus,l2l1,0.014,0,2,0,0,0,Not Found,invalid,Not Found,0.369
/home/ubuntu/Lustre-exp/kind2-benchmarks/FMCAD08/Int/memory1/FIREFLY_luke_1b_e7_3191_e2_1864.lus,l2l1,0.019,0,2,0,0,0,Not Found,invalid,Not Found,0.372
/home/ubuntu/Lustre-exp/kind2-benchmarks/FMCAD08/Int/memory1/FIREFLY_luke_1b_e7_3191_e7_2146.lus,l1l2,0.015,0,2,0,0,0,Not Found,invalid,Not Found,0.373
/home/ubuntu/Lustre-exp/kind2-benchmarks/FMCAD08/Int/memory1/FIREFLY_luke_1b.lus,l2l1,0.034,2,22,1,0,0,Not Found,valid,1,0.377
/home/ubuntu/Lustre-exp/kind2-benchmarks/FMCAD08/Int/memory1/FIREFLY_luke_2_e2_1375_e1_418.lus,l1l2,0.402,4,454,7,2,0,Not Found,valid,10 8 5,0.750
/home/ubuntu/Lustre-exp/kind2-benchmarks/FMCAD08/Int/memory1/FIREFLY_luke_2_e7_1826_e8_126.lus,l1l2,0.398,4,452,7,2,0,Not Found,valid,10 8 5,0.754
/home/ubuntu/Lustre-exp/kind2-benchmarks/FMCAD08/Int/memory1/FIREFLY_luke_2.lus,l1l2,0.356,4,452,7,2,0,Not Found,valid,10 8 5,0.702
/home/ubuntu/Lustre-exp/kind2-benchmarks/FMCAD08/Int/memory1/FIREFLY_luke_3_e1_2217_e3_1200.lus,l2l1,1.206,5,1370,18,3,2,Not Found,valid,24 20 15 6,1.531
/home/ubuntu/Lustre-exp/kind2-benchmarks/FMCAD08/Int/memory1/FIREFLY_luke_3.lus,l2l1,1.313,5,1428,9,1,0,Not Found,valid,21 17 12 7,1.596
/home/ubuntu/Lustre-exp/kind2-benchmarks/FMCAD08/Int/memory1/FIREFLY_luke_1a_e7_3042_e3_1213.lus,l1l2,58.937,12,14849,84,5,19,Not Found,valid,72 71 64 57 54 51 47 44 39 33 23,59.610
/home/ubuntu/Lustre-exp/kind2-benchmarks/FMCAD08/Int/memory1/FIREFLY_luke_rt_e1_913_e1_1993.lus,l1l2,0.056,1,20,2,0,0,Not Found,invalid,0,0.422
/home/ubuntu/Lustre-exp/kind2-benchmarks/FMCAD08/Int/memory1/FIREFLY_luke_rt_e1_913_e2_3353.lus,l1l2,0.038,2,27,1,0,0,Not Found,valid,1,0.395
/home/ubuntu/Lustre-exp/kind2-benchmarks/FMCAD08/Int/memory1/FIREFLY_luke_rt_e1_913_e3_2128.lus,l2l1,0.081,1,34,3,0,0,Not Found,invalid,1,0.432
/home/ubuntu/Lustre-exp/kind2-benchmarks/FMCAD08/Int/memory1/FIREFLY_luke_rt_e1_913_e7_1403.lus,l2l1,0.015,0,2,0,0,0,Not Found,invalid,Not Found,0.369
/home/ubuntu/Lustre-exp/kind2-benchmarks/FMCAD08/Int/memory1/FIREFLY_luke_rt_e1_913.lus,l1l2,0.062,1,20,2,0,0,Not Found,invalid,0,0.425
/home/ubuntu/Lustre-exp/kind2-benchmarks/FMCAD08/Int/memory1/FIREFLY_luke_rt_e2_3460_e1_1455.lus,l2l1,0.043,2,27,1,0,0,Not Found,valid,1,0.388
/home/ubuntu/Lustre-exp/kind2-benchmarks/FMCAD08/Int/memory1/FIREFLY_luke_rt_e2_3460_e2_2670.lus,l1l2,0.056,1,20,2,0,0,Not Found,invalid,0,0.421
/home/ubuntu/Lustre-exp/kind2-benchmarks/FMCAD08/Int/memory1/FIREFLY_luke_rt_e2_3460_e3_1333.lus,l1l2,0.056,1,20,2,0,0,Not Found,invalid,0,0.411
/home/ubuntu/Lustre-exp/kind2-benchmarks/FMCAD08/Int/memory1/FIREFLY_luke_rt_e2_3460_e7_471.lus,l2l1,0.017,0,2,0,0,0,Not Found,invalid,Not Found,0.381
/home/ubuntu/Lustre-exp/kind2-benchmarks/FMCAD08/Int/memory1/FIREFLY_luke_rt_e2_3460.lus,l2l1,0.084,1,34,3,0,0,Not Found,invalid,1,0.421
/home/ubuntu/Lustre-exp/kind2-benchmarks/FMCAD08/Int/memory1/FIREFLY_luke_rt_e3_1549.lus,l2l1,0.044,1,9,1,0,0,Not Found,invalid,0,0.392
/home/ubuntu/Lustre-exp/kind2-benchmarks/FMCAD08/Int/memory1/FIREFLY_luke_rt.lus,l2l1,0.041,2,27,1,0,0,Not Found,valid,1,0.390
/home/ubuntu/Lustre-exp/kind2-benchmarks/FMCAD08/Int/memory1/FIREFLY_rt_e3_1770_e2_637.lus,l1l2,0.542,4,574,11,2,0,Not Found,valid,11 9 5,0.893
/home/ubuntu/Lustre-exp/kind2-benchmarks/FMCAD08/Int/memory1/FIREFLY_rt.lus,l2l1,0.481,4,525,10,2,0,Not Found,valid,10 8 4,0.773
/home/ubuntu/Lustre-exp/kind2-benchmarks/FMCAD08/Int/memory1/FIREFLY_u1_e2_3403_e2_957.lus,l1l2,1.756,5,1535,12,2,1,Not Found,valid,20 16 13 11,2.129
/home/ubuntu/Lustre-exp/kind2-benchmarks/FMCAD08/Int/memory1/FIREFLY_u1_e7_3318.lus,l1l2,0.066,1,24,3,0,0,Not Found,invalid,1,0.424
/home/ubuntu/Lustre-exp/kind2-benchmarks/FMCAD08/Int/memory1/FIREFLY_u1.lus,l2l1,1.244,6,1233,12,2,0,Not Found,valid,17 15 14 12 6,1.601
/home/ubuntu/Lustre-exp/kind2-benchmarks/FMCAD08/Int/memory2/ILLINOIS_1.lus,l2l1,0.054,2,39,2,0,0,Not Found,valid,2,0.413
/home/ubuntu/Lustre-exp/kind2-benchmarks/FMCAD08/Int/memory2/ILLINOIS_2_e1_834_e1_1895.lus,l2l1,0.017,0,2,0,0,0,Not Found,invalid,Not Found,0.383
/home/ubuntu/Lustre-exp/kind2-benchmarks/FMCAD08/Int/memory2/ILLINOIS_2_e1_834_e2_3395.lus,l1l2,0.037,2,20,1,0,0,Not Found,valid,1,0.382
/home/ubuntu/Lustre-exp/kind2-benchmarks/FMCAD08/Int/memory2/ILLINOIS_2_e1_834_e3_2931.lus,l2l1,0.016,0,2,0,0,0,Not Found,invalid,Not Found,0.374
/home/ubuntu/Lustre-exp/kind2-benchmarks/FMCAD08/Int/memory2/ILLINOIS_2_e1_834_e7_3738.lus,l1l2,0.019,0,2,0,0,0,Not Found,invalid,Not Found,0.385
/home/ubuntu/Lustre-exp/kind2-benchmarks/FMCAD08/Int/memory2/ILLINOIS_2_e1_834.lus,l2l1,0.014,0,2,0,0,0,Not Found,invalid,Not Found,0.374
/home/ubuntu/Lustre-exp/kind2-benchmarks/FMCAD08/Int/memory2/ILLINOIS_2_e2_2367_e1_3182.lus,l2l1,0.050,2,22,1,0,0,Not Found,valid,1,0.389
/home/ubuntu/Lustre-exp/kind2-benchmarks/FMCAD08/Int/memory2/ILLINOIS_2_e2_2367_e2_1561.lus,l2l1,0.019,0,2,0,0,0,Not Found,invalid,Not Found,0.373
/home/ubuntu/Lustre-exp/kind2-benchmarks/FMCAD08/Int/memory2/ILLINOIS_2_e2_2367_e3_1601.lus,l2l1,0.013,0,2,0,0,0,Not Found,invalid,Not Found,0.382
/home/ubuntu/Lustre-exp/kind2-benchmarks/FMCAD08/Int/memory2/ILLINOIS_2_e2_2367_e7_2728.lus,l2l1,0.017,0,2,0,0,0,Not Found,invalid,Not Found,0.375
/home/ubuntu/Lustre-exp/kind2-benchmarks/FMCAD08/Int/memory2/ILLINOIS_2_e2_876.lus,l2l1,0.018,0,2,0,0,0,Not Found,invalid,Not Found,0.377
/home/ubuntu/Lustre-exp/kind2-benchmarks/FMCAD08/Int/memory2/ILLINOIS_2.lus,l2l1,0.037,2,22,1,0,0,Not Found,valid,1,0.400
/home/ubuntu/Lustre-exp/kind2-benchmarks/FMCAD08/Int/memory2/ILLINOIS_3_e3_2581_e1_1130.lus,l2l1,0.015,0,1,0,0,0,Not Found,invalid,Not Found,0.370
/home/ubuntu/Lustre-exp/kind2-benchmarks/FMCAD08/Int/memory2/ILLINOIS_3_e3_2581_e2_2545.lus,l2l1,0.015,0,1,0,0,0,Not Found,invalid,Not Found,0.370
/home/ubuntu/Lustre-exp/kind2-benchmarks/FMCAD08/Int/memory2/ILLINOIS_3_e3_2581_e3_979.lus,l2l1,0.016,0,2,0,0,0,Not Found,invalid,Not Found,0.380
/home/ubuntu/Lustre-exp/kind2-benchmarks/FMCAD08/Int/memory2/ILLINOIS_3_e3_2581_e4_958.lus,l2l1,0.014,0,1,0,0,0,Not Found,invalid,Not Found,0.372
/home/ubuntu/Lustre-exp/kind2-benchmarks/FMCAD08/Int/memory2/ILLINOIS_3_e3_2581_e5_4006.lus,l2l1,0.016,0,1,0,0,0,Not Found,invalid,Not Found,0.381
/home/ubuntu/Lustre-exp/kind2-benchmarks/FMCAD08/Int/memory2/ILLINOIS_3_e3_2581_e7_3447.lus,l2l1,0.017,0,2,0,0,0,Not Found,invalid,Not Found,0.379
/home/ubuntu/Lustre-exp/kind2-benchmarks/FMCAD08/Int/memory2/ILLINOIS_3_e3_2581.lus,l1l2,0.015,0,2,0,0,0,Not Found,invalid,Not Found,0.377
/home/ubuntu/Lustre-exp/kind2-benchmarks/FMCAD08/Int/memory2/ILLINOIS_3.lus,l1l2,0.049,2,24,1,0,0,Not Found,valid,1,0.400
/home/ubuntu/Lustre-exp/kind2-benchmarks/FMCAD08/Int/memory2/ILLINOIS_4_e7_2651_e7_2847.lus,l1l2,0.037,2,26,1,0,0,Not Found,valid,1,0.400
/home/ubuntu/Lustre-exp/kind2-benchmarks/FMCAD08/Int/memory2/ILLINOIS_4.lus,l1l2,0.057,2,39,2,0,0,Not Found,valid,2,0.418
/home/ubuntu/Lustre-exp/kind2-benchmarks/FMCAD08/Int/memory2/ILLINOIS_5_e7_692_e7_2865.lus,l1l2,0.037,2,24,1,0,0,Not Found,valid,1,0.388
/home/ubuntu/Lustre-exp/kind2-benchmarks/FMCAD08/Int/memory2/ILLINOIS_5.lus,l2l1,0.039,2,24,1,0,0,Not Found,valid,1,0.389
/home/ubuntu/Lustre-exp/kind2-benchmarks/FMCAD08/Int/memory2/ILLINOIS_a1.lus,l1l2,0.349,4,402,9,3,0,Not Found,valid,8 6 3,0.698
/home/ubuntu/Lustre-exp/kind2-benchmarks/FMCAD08/Int/memory2/ILLINOIS_all.lus,l1l2,0.100,2,66,4,0,0,Not Found,valid,4,0.454
/home/ubuntu/Lustre-exp/kind2-benchmarks/FMCAD08/Int/memory2/ILLINOIS_r4a.lus,l2l1,0.737,3,679,15,3,1,Not Found,valid,19 14 5,1.053
/home/ubuntu/Lustre-exp/kind2-benchmarks/FMCAD08/Int/memory2/MESI_1_e2_162_e7_1545.lus,l1l2,0.028,2,26,1,0,0,Not Found,valid,1,0.365
/home/ubuntu/Lustre-exp/kind2-benchmarks/FMCAD08/Int/memory2/MESI_1.lus,l1l2,0.034,2,39,2,0,0,Not Found,valid,2,0.381
/home/ubuntu/Lustre-exp/kind2-benchmarks/FMCAD08/Int/memory2/MESI_2.lus,l2l1,0.026,2,24,1,0,0,Not Found,valid,1,0.366
/home/ubuntu/Lustre-exp/kind2-benchmarks/FMCAD08/Int/memory2/MESI_3_e1_2517_e8_2163.lus,l2l1,0.677,5,527,13,0,0,Not Found,valid,8 5 4 3,0.989
/home/ubuntu/Lustre-exp/kind2-benchmarks/FMCAD08/Int/memory2/MESI_3_e2_819_e1_1145.lus,l1l2,0.880,5,743,14,0,0,Not Found,valid,8 4 3 2,1.224
/home/ubuntu/Lustre-exp/kind2-benchmarks/FMCAD08/Int/memory2/MESI_3_e2_819_e2_562.lus,l2l1,0.014,0,2,0,0,0,Not Found,invalid,Not Found,0.362
/home/ubuntu/Lustre-exp/kind2-benchmarks/FMCAD08/Int/memory2/MESI_3_e2_819_e3_2698.lus,l1l2,0.017,0,2,0,0,0,Not Found,invalid,Not Found,0.363
/home/ubuntu/Lustre-exp/kind2-benchmarks/FMCAD08/Int/memory2/MESI_3_e2_819_e4_1595.lus,l1l2,0.869,5,689,12,0,0,Not Found,valid,6 2 1 0,1.222
/home/ubuntu/Lustre-exp/kind2-benchmarks/FMCAD08/Int/memory2/MESI_3_e2_819_e5_2554.lus,l2l1,0.015,0,2,0,0,0,Not Found,invalid,Not Found,0.360
/home/ubuntu/Lustre-exp/kind2-benchmarks/FMCAD08/Int/memory2/MESI_3_e2_819_e6_1459.lus,l2l1,0.435,4,322,12,0,0,Not Found,valid,3 1 0,0.752
/home/ubuntu/Lustre-exp/kind2-benchmarks/FMCAD08/Int/memory2/MESI_3_e2_819_e7_1665.lus,l1l2,0.016,0,2,0,0,0,Not Found,invalid,Not Found,0.370
/home/ubuntu/Lustre-exp/kind2-benchmarks/FMCAD08/Int/memory2/MESI_3_e2_819_e8_1896.lus,l2l1,0.021,0,2,0,0,0,Not Found,invalid,Not Found,0.373
/home/ubuntu/Lustre-exp/kind2-benchmarks/FMCAD08/Int/memory2/MESI_3_e2_819.lus,l2l1,0.017,0,2,0,0,0,Not Found,invalid,Not Found,0.363
/home/ubuntu/Lustre-exp/kind2-benchmarks/FMCAD08/Int/memory2/MESI_3_e3_2669.lus,l2l1,0.469,4,361,11,0,0,Not Found,valid,4 2 1,0.779
/home/ubuntu/Lustre-exp/kind2-benchmarks/FMCAD08/Int/memory2/MESI_3.lus,l1l2,0.828,5,684,12,0,0,Not Found,valid,6 2 1 0,1.179
/home/ubuntu/Lustre-exp/kind2-benchmarks/FMCAD08/Int/memory2/MESI_4_e7_1140_e7_433.lus,l1l2,0.023,2,26,1,0,0,Not Found,valid,1,0.368
/home/ubuntu/Lustre-exp/kind2-benchmarks/FMCAD08/Int/memory2/MESI_4.lus,l1l2,0.034,2,43,2,0,0,Not Found,valid,2,0.387
/home/ubuntu/Lustre-exp/kind2-benchmarks/FMCAD08/Int/memory2/MESI_all_e4_1147_e7_497.lus,l1l2,0.047,2,57,3,0,0,Not Found,valid,3,0.387
/home/ubuntu/Lustre-exp/kind2-benchmarks/FMCAD08/Int/memory2/MESI_all.lus,l1l2,0.071,2,70,4,0,0,Not Found,valid,4,0.417
/home/ubuntu/Lustre-exp/kind2-benchmarks/FMCAD08/Int/memory2/MESI_i1_e2_1758_e8_12.lus,l2l1,0.012,0,2,0,0,0,Not Found,invalid,Not Found,0.361
/home/ubuntu/Lustre-exp/kind2-benchmarks/FMCAD08/Int/memory2/MESI_i1_e2_2656.lus,l2l1,0.012,0,2,0,0,0,Not Found,invalid,Not Found,0.367
/home/ubuntu/Lustre-exp/kind2-benchmarks/FMCAD08/Int/memory2/MESI_i1_e3_2145_e1_2667.lus,l2l1,0.012,0,2,0,0,0,Not Found,invalid,Not Found,0.358
/home/ubuntu/Lustre-exp/kind2-benchmarks/FMCAD08/Int/memory2/MESI_i1_e3_2145_e2_2228.lus,l1l2,0.013,0,2,0,0,0,Not Found,invalid,Not Found,0.359
/home/ubuntu/Lustre-exp/kind2-benchmarks/FMCAD08/Int/memory2/MESI_i1_e3_2145_e3_977.lus,l2l1,0.012,0,2,0,0,0,Not Found,invalid,Not Found,0.357
/home/ubuntu/Lustre-exp/kind2-benchmarks/FMCAD08/Int/memory2/MESI_i1_e3_2145_e4_1717.lus,l2l1,0.012,0,2,0,0,0,Not Found,invalid,Not Found,0.358
/home/ubuntu/Lustre-exp/kind2-benchmarks/FMCAD08/Int/memory2/MESI_i1_e3_2145_e5_2391.lus,l2l1,0.011,0,2,0,0,0,Not Found,invalid,Not Found,0.347
/home/ubuntu/Lustre-exp/kind2-benchmarks/FMCAD08/Int/memory2/MESI_i1_e3_2145_e7_1847.lus,l2l1,0.015,0,2,0,0,0,Not Found,invalid,Not Found,0.357
/home/ubuntu/Lustre-exp/kind2-benchmarks/FMCAD08/Int/memory2/MESI_i1_e3_2145_e8_2325.lus,l2l1,0.012,0,2,0,0,0,Not Found,invalid,Not Found,0.370
/home/ubuntu/Lustre-exp/kind2-benchmarks/FMCAD08/Int/memory2/MESI_i1_e3_2145.lus,l1l2,0.013,0,2,0,0,0,Not Found,invalid,Not Found,0.356
/home/ubuntu/Lustre-exp/kind2-benchmarks/FMCAD08/Int/memory2/MESI_i1_e4_1986_e1_1519.lus,l2l1,0.036,1,15,2,0,0,Not Found,invalid,0,0.377
/home/ubuntu/Lustre-exp/kind2-benchmarks/FMCAD08/Int/memory2/MESI_i1_e4_1986.lus,l2l1,0.010,0,2,0,0,0,Not Found,invalid,Not Found,0.360
/home/ubuntu/Lustre-exp/kind2-benchmarks/FMCAD08/Int/memory2/MESI_i1.lus,l2l1,0.013,0,2,0,0,0,Not Found,invalid,Not Found,0.355
/home/ubuntu/Lustre-exp/kind2-benchmarks/FMCAD08/Int/memory2/MESI_i2.lus,l1l2,0.021,1,9,1,0,0,Not Found,invalid,0,0.358
/home/ubuntu/Lustre-exp/kind2-benchmarks/FMCAD08/Int/memory2/MESI_i3_e1_447_e1_1292.lus,l2l1,0.111,3,143,5,1,0,Not Found,valid,7 4,0.461
/home/ubuntu/Lustre-exp/kind2-benchmarks/FMCAD08/Int/memory2/MESI_i3_e1_447_e2_1098.lus,l2l1,0.011,0,2,0,0,0,Not Found,invalid,Not Found,0.359
/home/ubuntu/Lustre-exp/kind2-benchmarks/FMCAD08/Int/memory2/MESI_i3_e1_447_e3_1180.lus,l2l1,0.038,2,37,2,0,0,Not Found,valid,2,0.376
/home/ubuntu/Lustre-exp/kind2-benchmarks/FMCAD08/Int/memory2/MESI_i3_e1_447_e5_2444.lus,l1l2,0.011,0,2,0,0,0,Not Found,invalid,Not Found,0.348
/home/ubuntu/Lustre-exp/kind2-benchmarks/FMCAD08/Int/memory2/MESI_i3_e1_447_e6_2281.lus,l2l1,0.142,3,148,5,1,0,Not Found,valid,7 4,0.457
/home/ubuntu/Lustre-exp/kind2-benchmarks/FMCAD08/Int/memory2/MESI_i3_e1_447_e7_2194.lus,l1l2,0.047,2,53,4,1,0,Not Found,invalid,2 1,0.390
/home/ubuntu/Lustre-exp/kind2-benchmarks/FMCAD08/Int/memory2/MESI_i3_e1_447.lus,l2l1,0.055,2,53,4,1,0,Not Found,invalid,2 1,0.399
/home/ubuntu/Lustre-exp/kind2-benchmarks/FMCAD08/Int/memory2/MESI_i3.lus,l2l1,0.011,0,2,0,0,0,Not Found,invalid,Not Found,0.358
/home/ubuntu/Lustre-exp/kind2-benchmarks/FMCAD08/Int/memory2/MESI_i4_e4_1689.lus,l1l2,0.110,2,97,6,1,0,Not Found,invalid,4 2,0.450
/home/ubuntu/Lustre-exp/kind2-benchmarks/FMCAD08/Int/memory2/MESI_i4_e6_2175.lus,l2l1,0.495,4,643,15,2,3,Not Found,valid,14 12 8 4,0.800
/home/ubuntu/Lustre-exp/kind2-benchmarks/FMCAD08/Int/memory2/MESI_i4_e7_1017_e6_1132.lus,l1l2,0.479,5,776,15,2,3,Not Found,valid,16 14 10 6,0.824
/home/ubuntu/Lustre-exp/kind2-benchmarks/FMCAD08/Int/memory2/MESI_i4_e8_1381_e1_1837.lus,l1l2,0.098,2,97,6,1,0,Not Found,invalid,4 2,0.447
/home/ubuntu/Lustre-exp/kind2-benchmarks/FMCAD08/Int/memory2/MESI_i4_e8_1381_e4_313.lus,l2l1,0.114,2,97,6,1,0,Not Found,invalid,4 2,0.448
/home/ubuntu/Lustre-exp/kind2-benchmarks/FMCAD08/Int/memory2/MESI_i4.lus,l1l2,0.081,2,82,5,1,0,Not Found,invalid,4 2,0.420
/home/ubuntu/Lustre-exp/kind2-benchmarks/FMCAD08/Int/memory2/MOESI_1_e2_982_e7_492.lus,l1l2,0.033,2,39,2,0,0,Not Found,valid,2,0.376
/home/ubuntu/Lustre-exp/kind2-benchmarks/FMCAD08/Int/memory2/MOESI_1_e3_1884_e7_1875.lus,l2l1,0.037,2,39,2,0,0,Not Found,valid,2,0.386
/home/ubuntu/Lustre-exp/kind2-benchmarks/FMCAD08/Int/memory2/MOESI_1.lus,l1l2,0.032,2,39,2,0,0,Not Found,valid,2,0.369
/home/ubuntu/Lustre-exp/kind2-benchmarks/FMCAD08/Int/memory2/MOESI_2_e1_1753_e1_1510.lus,l2l1,0.014,0,2,0,0,0,Not Found,invalid,Not Found,0.362
/home/ubuntu/Lustre-exp/kind2-benchmarks/FMCAD08/Int/memory2/MOESI_2_e1_1753_e2_615.lus,l2l1,0.015,0,2,0,0,0,Not Found,invalid,Not Found,0.363
/home/ubuntu/Lustre-exp/kind2-benchmarks/FMCAD08/Int/memory2/MOESI_2_e1_1753_e3_2021.lus,l2l1,0.038,1,15,2,0,0,Not Found,invalid,0,0.381
/home/ubuntu/Lustre-exp/kind2-benchmarks/FMCAD08/Int/memory2/MOESI_2_e1_1753.lus,l2l1,0.033,2,20,1,0,0,Not Found,valid,1,0.367
/home/ubuntu/Lustre-exp/kind2-benchmarks/FMCAD08/Int/memory2/MOESI_2_e2_155.lus,l1l2,0.024,2,20,1,0,0,Not Found,valid,1,0.366
/home/ubuntu/Lustre-exp/kind2-benchmarks/FMCAD08/Int/memory2/MOESI_2_e2_1599_e1_2383.lus,l1l2,0.012,0,2,0,0,0,Not Found,invalid,Not Found,0.370
/home/ubuntu/Lustre-exp/kind2-benchmarks/FMCAD08/Int/memory2/MOESI_2_e2_1599_e2_1815.lus,l2l1,0.013,0,2,0,0,0,Not Found,invalid,Not Found,0.357
/home/ubuntu/Lustre-exp/kind2-benchmarks/FMCAD08/Int/memory2/MOESI_2_e2_1599_e3_1658.lus,l1l2,0.041,1,15,2,0,0,Not Found,invalid,0,0.380
/home/ubuntu/Lustre-exp/kind2-benchmarks/FMCAD08/Int/memory2/MOESI_2_e2_1599_e8_1334.lus,l2l1,0.028,2,20,1,0,0,Not Found,valid,1,0.365
/home/ubuntu/Lustre-exp/kind2-benchmarks/FMCAD08/Int/memory2/MOESI_2_e3_929_e1_2319.lus,l1l2,0.012,0,2,0,0,0,Not Found,invalid,Not Found,0.352
/home/ubuntu/Lustre-exp/kind2-benchmarks/FMCAD08/Int/memory2/MOESI_2_e3_929_e2_2421.lus,l2l1,0.015,0,2,0,0,0,Not Found,invalid,Not Found,0.361
/home/ubuntu/Lustre-exp/kind2-benchmarks/FMCAD08/Int/memory2/MOESI_2_e3_929_e3_2294.lus,l2l1,0.042,1,17,2,0,0,Not Found,invalid,0,0.390
/home/ubuntu/Lustre-exp/kind2-benchmarks/FMCAD08/Int/memory2/MOESI_2_e3_929_e4_578.lus,l2l1,0.028,2,20,1,0,0,Not Found,valid,1,0.365
/home/ubuntu/Lustre-exp/kind2-benchmarks/FMCAD08/Int/memory2/MOESI_2_e3_929_e5_1826.lus,l2l1,0.027,2,20,1,0,0,Not Found,valid,1,0.366
/home/ubuntu/Lustre-exp/kind2-benchmarks/FMCAD08/Int/memory2/MOESI_2_e3_929_e6_2707.lus,l2l1,0.026,2,20,1,0,0,Not Found,valid,1,0.379
/home/ubuntu/Lustre-exp/kind2-benchmarks/FMCAD08/Int/memory2/MOESI_2_e3_929_e7_619.lus,l2l1,0.012,0,2,0,0,0,Not Found,invalid,Not Found,0.365
/home/ubuntu/Lustre-exp/kind2-benchmarks/FMCAD08/Int/memory2/MOESI_2_e3_929_e8_1167.lus,l1l2,0.026,2,22,1,0,0,Not Found,valid,1,0.378
/home/ubuntu/Lustre-exp/kind2-benchmarks/FMCAD08/Int/memory2/MOESI_2_e3_929.lus,l2l1,0.028,2,20,1,0,0,Not Found,valid,1,0.376
/home/ubuntu/Lustre-exp/kind2-benchmarks/FMCAD08/Int/memory2/MOESI_2_e7_2607.lus,l2l1,0.012,0,2,0,0,0,Not Found,invalid,Not Found,0.349
/home/ubuntu/Lustre-exp/kind2-benchmarks/FMCAD08/Int/memory2/MOESI_2_e7_2910_e1_1021.lus,l2l1,0.014,0,2,0,0,0,Not Found,invalid,Not Found,0.348
/home/ubuntu/Lustre-exp/kind2-benchmarks/FMCAD08/Int/memory2/MOESI_2_e7_2910_e2_611.lus,l2l1,0.014,0,2,0,0,0,Not Found,invalid,Not Found,0.359
/home/ubuntu/Lustre-exp/kind2-benchmarks/FMCAD08/Int/memory2/MOESI_2_e7_2910_e7_1804.lus,l2l1,0.014,0,2,0,0,0,Not Found,invalid,Not Found,0.349
/home/ubuntu/Lustre-exp/kind2-benchmarks/FMCAD08/Int/memory2/MOESI_2_e8_101.lus,l2l1,0.027,2,22,1,0,0,Not Found,valid,1,0.371
/home/ubuntu/Lustre-exp/kind2-benchmarks/FMCAD08/Int/memory2/MOESI_2_e8_926_e1_1065.lus,l2l1,0.030,2,20,1,0,0,Not Found,valid,1,0.366
/home/ubuntu/Lustre-exp/kind2-benchmarks/FMCAD08/Int/memory2/MOESI_2_e8_926_e7_961.lus,l1l2,0.013,0,2,0,0,0,Not Found,invalid,Not Found,0.361
/home/ubuntu/Lustre-exp/kind2-benchmarks/FMCAD08/Int/memory2/MOESI_2_e8_926_e8_2138.lus,l2l1,0.032,2,22,1,0,0,Not Found,valid,1,0.367
/home/ubuntu/Lustre-exp/kind2-benchmarks/FMCAD08/Int/memory2/MOESI_2.lus,l2l1,0.031,2,20,1,0,0,Not Found,valid,1,0.364
/home/ubuntu/Lustre-exp/kind2-benchmarks/FMCAD08/Int/memory2/MOESI_all_e3_2032_e3_2788.lus,l2l1,0.028,1,9,1,0,0,Not Found,invalid,0,0.371
/home/ubuntu/Lustre-exp/kind2-benchmarks/FMCAD08/Int/memory2/MOESI_all.lus,l1l2,0.048,2,49,3,0,0,Not Found,valid,3,0.387
/home/ubuntu/Lustre-exp/kind2-benchmarks/FMCAD08/Int/memory2/SYNAPSE_123_e2_1653.lus,l2l1,0.013,0,2,0,0,0,Not Found,invalid,Not Found,0.355
/home/ubuntu/Lustre-exp/kind2-benchmarks/FMCAD08/Int/memory2/SYNAPSE_123_e3_302_e1_1141.lus,l2l1,0.049,1,38,4,0,0,Not Found,invalid,2,0.377
/home/ubuntu/Lustre-exp/kind2-benchmarks/FMCAD08/Int/memory2/SYNAPSE_123_e3_302.lus,l1l2,0.040,1,26,3,0,0,Not Found,invalid,1,0.377
/home/ubuntu/Lustre-exp/kind2-benchmarks/FMCAD08/Int/memory2/SYNAPSE_123_e7_837_e2_1394.lus,l2l1,0.012,0,2,0,0,0,Not Found,invalid,Not Found,0.357
/home/ubuntu/Lustre-exp/kind2-benchmarks/FMCAD08/Int/memory2/SYNAPSE_123_e7_837_e3_135.lus,l2l1,0.047,1,26,3,0,0,Not Found,invalid,1,0.380
/home/ubuntu/Lustre-exp/kind2-benchmarks/FMCAD08/Int/memory2/SYNAPSE_123_e7_837_e7_1262.lus,l1l2,0.040,2,49,3,0,0,Not Found,valid,3,0.375
/home/ubuntu/Lustre-exp/kind2-benchmarks/FMCAD08/Int/memory2/SYNAPSE_123_e7_856.lus,l1l2,0.041,2,47,3,0,0,Not Found,valid,3,0.375
/home/ubuntu/Lustre-exp/kind2-benchmarks/FMCAD08/Int/memory2/SYNAPSE_123_e8_953_e1_1128.lus,l2l1,0.013,0,2,0,0,0,Not Found,invalid,Not Found,0.356
/home/ubuntu/Lustre-exp/kind2-benchmarks/FMCAD08/Int/memory2/SYNAPSE_123_e8_953_e2_458.lus,l2l1,0.013,0,2,0,0,0,Not Found,invalid,Not Found,0.373
/home/ubuntu/Lustre-exp/kind2-benchmarks/FMCAD08/Int/memory2/SYNAPSE_123_e8_953_e3_271.lus,l1l2,0.051,1,38,4,0,0,Not Found,invalid,2,0.386
/home/ubuntu/Lustre-exp/kind2-benchmarks/FMCAD08/Int/memory2/SYNAPSE_123_e8_953_e7_1465.lus,l2l1,0.049,2,45,3,0,0,Not Found,valid,3,0.386
/home/ubuntu/Lustre-exp/kind2-benchmarks/FMCAD08/Int/memory2/SYNAPSE_123_e8_953_e8_941.lus,l1l2,0.042,2,47,3,0,0,Not Found,valid,3,0.385
/home/ubuntu/Lustre-exp/kind2-benchmarks/FMCAD08/Int/memory2/SYNAPSE_123_e8_953.lus,l1l2,0.043,2,47,3,0,0,Not Found,valid,3,0.385
/home/ubuntu/Lustre-exp/kind2-benchmarks/FMCAD08/Int/memory2/SYNAPSE_123.lus,l2l1,0.052,2,47,3,0,0,Not Found,valid,3,0.375
/home/ubuntu/Lustre-exp/kind2-benchmarks/FMCAD08/Int/memory2/SYNAPSE_1.lus,l2l1,0.021,2,24,1,0,0,Not Found,valid,1,0.355
/home/ubuntu/Lustre-exp/kind2-benchmarks/FMCAD08/Int/memory2/SYNAPSE_2_e1_1239_e1_1331.lus,l2l1,0.013,0,2,0,0,0,Not Found,invalid,Not Found,0.356
/home/ubuntu/Lustre-exp/kind2-benchmarks/FMCAD08/Int/memory2/SYNAPSE_2_e1_1239_e2_74.lus,l2l1,0.011,0,2,0,0,0,Not Found,invalid,Not Found,0.358
/home/ubuntu/Lustre-exp/kind2-benchmarks/FMCAD08/Int/memory2/SYNAPSE_2_e1_1239.lus,l2l1,0.010,0,2,0,0,0,Not Found,invalid,Not Found,0.347
/home/ubuntu/Lustre-exp/kind2-benchmarks/FMCAD08/Int/memory2/SYNAPSE_2_e3_216.lus,l1l2,0.024,1,9,1,0,0,Not Found,invalid,0,0.370
/home/ubuntu/Lustre-exp/kind2-benchmarks/FMCAD08/Int/memory2/SYNAPSE_2_e8_1118_e1_667.lus,l1l2,0.011,0,2,0,0,0,Not Found,invalid,Not Found,0.348
/home/ubuntu/Lustre-exp/kind2-benchmarks/FMCAD08/Int/memory2/SYNAPSE_2_e8_1118_e2_237.lus,l2l1,0.011,0,2,0,0,0,Not Found,invalid,Not Found,0.347
/home/ubuntu/Lustre-exp/kind2-benchmarks/FMCAD08/Int/memory2/SYNAPSE_2_e8_1118_e3_1216.lus,l1l2,0.027,1,15,2,0,0,Not Found,invalid,0,0.380
/home/ubuntu/Lustre-exp/kind2-benchmarks/FMCAD08/Int/memory2/SYNAPSE_2_e8_1118_e7_1043.lus,l1l2,0.019,2,20,1,0,0,Not Found,valid,1,0.363
/home/ubuntu/Lustre-exp/kind2-benchmarks/FMCAD08/Int/memory2/SYNAPSE_2_e8_1118_e8_1177.lus,l1l2,0.022,2,20,1,0,0,Not Found,valid,1,0.364
/home/ubuntu/Lustre-exp/kind2-benchmarks/FMCAD08/Int/memory2/SYNAPSE_2_e8_656.lus,l2l1,0.019,2,20,1,0,0,Not Found,valid,1,0.365
/home/ubuntu/Lustre-exp/kind2-benchmarks/FMCAD08/Int/memory2/SYNAPSE_2.lus,l1l2,0.018,2,20,1,0,0,Not Found,valid,1,0.365
/home/ubuntu/Lustre-exp/kind2-benchmarks/FMCAD08/Int/memory2/SYNAPSE_3_e1_1416_e1_1675.lus,l2l1,0.012,0,2,0,0,0,Not Found,invalid,Not Found,0.346
/home/ubuntu/Lustre-exp/kind2-benchmarks/FMCAD08/Int/memory2/SYNAPSE_3_e1_1416_e2_753.lus,l1l2,0.010,0,2,0,0,0,Not Found,invalid,Not Found,0.347
/home/ubuntu/Lustre-exp/kind2-benchmarks/FMCAD08/Int/memory2/SYNAPSE_3_e1_1416_e3_1191.lus,l2l1,0.012,0,2,0,0,0,Not Found,invalid,Not Found,0.356
/home/ubuntu/Lustre-exp/kind2-benchmarks/FMCAD08/Int/memory2/SYNAPSE_3_e1_1416_e7_193.lus,l2l1,0.013,0,2,0,0,0,Not Found,invalid,Not Found,0.345
/home/ubuntu/Lustre-exp/kind2-benchmarks/FMCAD08/Int/memory2/SYNAPSE_3_e1_1416.lus,l2l1,0.013,0,2,0,0,0,Not Found,invalid,Not Found,0.357
/home/ubuntu/Lustre-exp/kind2-benchmarks/FMCAD08/Int/memory2/SYNAPSE_3_e3_1041.lus,l2l1,0.038,1,21,2,0,0,Not Found,invalid,0,0.376
/home/ubuntu/Lustre-exp/kind2-benchmarks/FMCAD08/Int/memory2/SYNAPSE_3_e7_1444_e7_638.lus,l2l1,0.021,2,20,1,0,0,Not Found,valid,1,0.355
/home/ubuntu/Lustre-exp/kind2-benchmarks/FMCAD08/Int/memory1/FIREFLY_luke_1a_e2_284_e1_2924.lus,base,0.294,4,372,5,1,0,Not Found,timeout,6 5 3 2,290.228
/home/ubuntu/Lustre-exp/kind2-benchmarks/FMCAD08/Int/memory2/SYNAPSE_3_e7_425.lus,l1l2,0.021,2,22,1,0,0,Not Found,valid,1,0.366
/home/ubuntu/Lustre-exp/kind2-benchmarks/FMCAD08/Int/memory2/SYNAPSE_3_e8_1329_e1_1270.lus,l2l1,0.011,0,2,0,0,0,Not Found,invalid,Not Found,0.348
/home/ubuntu/Lustre-exp/kind2-benchmarks/FMCAD08/Int/memory2/SYNAPSE_3_e8_1329_e2_236.lus,l1l2,0.009,0,2,0,0,0,Not Found,invalid,Not Found,0.345
/home/ubuntu/Lustre-exp/kind2-benchmarks/FMCAD08/Int/memory2/SYNAPSE_3_e8_1329_e3_421.lus,l1l2,0.035,1,21,2,0,0,Not Found,invalid,0,0.380
/home/ubuntu/Lustre-exp/kind2-benchmarks/FMCAD08/Int/memory2/SYNAPSE_3_e8_1329_e7_1062.lus,l2l1,0.019,2,20,1,0,0,Not Found,valid,1,0.354
/home/ubuntu/Lustre-exp/kind2-benchmarks/FMCAD08/Int/memory2/SYNAPSE_3_e8_1329_e8_320.lus,l1l2,0.027,2,24,1,0,0,Not Found,valid,1,0.377
/home/ubuntu/Lustre-exp/kind2-benchmarks/FMCAD08/Int/memory2/SYNAPSE_3_e8_1708.lus,l1l2,0.024,2,26,1,0,0,Not Found,valid,1,0.365
/home/ubuntu/Lustre-exp/kind2-benchmarks/FMCAD08/Int/memory2/SYNAPSE_3.lus,l2l1,0.024,2,26,1,0,0,Not Found,valid,1,0.365
/home/ubuntu/Lustre-exp/kind2-benchmarks/FMCAD08/Int/memory2/SYNAPSE_4_e8_420_e7_572.lus,l1l2,0.023,2,24,1,0,0,Not Found,valid,1,0.366
/home/ubuntu/Lustre-exp/kind2-benchmarks/FMCAD08/Int/memory2/SYNAPSE_4_e8_420_e8_1525.lus,l1l2,0.022,2,28,1,0,0,Not Found,valid,1,0.366
/home/ubuntu/Lustre-exp/kind2-benchmarks/FMCAD08/Int/memory2/SYNAPSE_4_e8_974.lus,l2l1,0.027,2,28,1,0,0,Not Found,valid,1,0.355
/home/ubuntu/Lustre-exp/kind2-benchmarks/FMCAD08/Int/memory2/SYNAPSE_4.lus,l2l1,0.025,2,28,1,0,0,Not Found,valid,1,0.366
/home/ubuntu/Lustre-exp/kind2-benchmarks/FMCAD08/Int/memory2/SYNAPSE_5_e1_811_e1_823.lus,l2l1,0.023,1,9,1,0,0,Not Found,invalid,0,0.366
/home/ubuntu/Lustre-exp/kind2-benchmarks/FMCAD08/Int/memory2/SYNAPSE_5_e1_811_e2_1026.lus,l2l1,0.018,1,9,1,0,0,Not Found,invalid,0,0.358
/home/ubuntu/Lustre-exp/kind2-benchmarks/FMCAD08/Int/memory2/SYNAPSE_5_e1_811.lus,l1l2,0.020,1,9,1,0,0,Not Found,invalid,0,0.356
/home/ubuntu/Lustre-exp/kind2-benchmarks/FMCAD08/Int/memory1/FIREFLY_luke_1a_e2_284_e2_2755.lus,base,0.356,4,435,7,2,0,Not Found,timeout,8 7 5 3,290.250
/home/ubuntu/Lustre-exp/kind2-benchmarks/FMCAD08/Int/memory2/SYNAPSE_6_e2_1439_e1_954.lus,l2l1,0.108,3,138,4,0,0,Not Found,valid,5 4,0.434
/home/ubuntu/Lustre-exp/kind2-benchmarks/FMCAD08/Int/memory2/SYNAPSE_6_e3_1666_e5_1558.lus,l2l1,0.098,3,124,5,1,0,Not Found,valid,6 4,0.436
/home/ubuntu/Lustre-exp/kind2-benchmarks/FMCAD08/Int/memory2/SYNAPSE_6_e7_938_e2_1012.lus,l1l2,0.040,2,47,3,0,0,Not Found,valid,3,0.373
/home/ubuntu/Lustre-exp/kind2-benchmarks/FMCAD08/Int/memory2/SYNAPSE_6_e8_1147_e2_1326.lus,l1l2,0.038,2,55,3,0,0,Not Found,valid,3,0.374
/home/ubuntu/Lustre-exp/kind2-benchmarks/FMCAD08/Int/memory2/SYNAPSE_6.lus,l2l1,0.048,2,53,3,0,0,Not Found,valid,3,0.386
/home/ubuntu/Lustre-exp/kind2-benchmarks/FMCAD08/Int/memory2/SYNAPSE_all_e3_1750.lus,l2l1,0.066,1,55,5,0,0,Not Found,invalid,3,0.399
/home/ubuntu/Lustre-exp/kind2-benchmarks/FMCAD08/Int/memory2/SYNAPSE_all_e3_1864_e3_495.lus,l2l1,0.064,1,55,5,0,0,Not Found,invalid,3,0.388
/home/ubuntu/Lustre-exp/kind2-benchmarks/FMCAD08/Int/memory2/SYNAPSE_all_e3_1864_e4_34.lus,l1l2,0.011,0,2,0,0,0,Not Found,invalid,Not Found,0.346
/home/ubuntu/Lustre-exp/kind2-benchmarks/FMCAD08/Int/memory2/SYNAPSE_all_e3_1864_e5_1637.lus,l1l2,0.011,0,2,0,0,0,Not Found,invalid,Not Found,0.358
/home/ubuntu/Lustre-exp/kind2-benchmarks/FMCAD08/Int/memory2/SYNAPSE_all_e3_1864_e7_251.lus,l2l1,0.036,1,22,3,0,0,Not Found,invalid,1,0.380
/home/ubuntu/Lustre-exp/kind2-benchmarks/FMCAD08/Int/memory2/SYNAPSE_all_e7_907_e7_1363.lus,l2l1,0.052,2,54,4,0,0,Not Found,valid,4,0.374
/home/ubuntu/Lustre-exp/kind2-benchmarks/FMCAD08/Int/memory2/SYNAPSE_all_e7_907.lus,l1l2,0.053,2,70,4,0,0,Not Found,valid,4,0.386
/home/ubuntu/Lustre-exp/kind2-benchmarks/FMCAD08/Int/memory2/SYNAPSE_all_e8_251_e1_1852.lus,l2l1,0.013,0,2,0,0,0,Not Found,invalid,Not Found,0.359
/home/ubuntu/Lustre-exp/kind2-benchmarks/FMCAD08/Int/memory2/SYNAPSE_all_e8_251_e2_1053.lus,l2l1,0.010,0,2,0,0,0,Not Found,invalid,Not Found,0.344
/home/ubuntu/Lustre-exp/kind2-benchmarks/FMCAD08/Int/memory2/SYNAPSE_all_e8_251_e3_1472.lus,l2l1,0.029,1,9,1,0,0,Not Found,invalid,0,0.355
/home/ubuntu/Lustre-exp/kind2-benchmarks/FMCAD08/Int/memory2/SYNAPSE_all_e8_251.lus,l2l1,0.061,2,70,4,0,0,Not Found,valid,4,0.396
/home/ubuntu/Lustre-exp/kind2-benchmarks/FMCAD08/Int/memory2/SYNAPSE_all.lus,l1l2,0.052,2,66,4,0,0,Not Found,valid,4,0.395
/home/ubuntu/Lustre-exp/kind2-benchmarks/FMCAD08/Int/memory2/SYNAPSE_i1.lus,l2l1,0.012,0,2,0,0,0,Not Found,invalid,Not Found,0.357
/home/ubuntu/Lustre-exp/kind2-benchmarks/FMCAD08/Int/misc/_6countern.lus,l2l1,0.007,0,1,0,0,0,Not Found,invalid,Not Found,0.350
/home/ubuntu/Lustre-exp/kind2-benchmarks/FMCAD08/Int/memory1/FIREFLY_luke_1a_e2_284_e3_3091.lus,base,0.061,1,42,3,0,0,Not Found,timeout,3,290.271
/home/ubuntu/Lustre-exp/kind2-benchmarks/FMCAD08/Int/memory1/FIREFLY_luke_1a.lus,base,0.281,4,357,5,1,0,Not Found,timeout,6 5 3 2,290.256
/home/ubuntu/Lustre-exp/kind2-benchmarks/FMCAD08/Int/misc/_6counters_e8_371_e2_80.lus,l2l1,0.011,2,12,0,0,0,Not Found,valid,0,0.354
/home/ubuntu/Lustre-exp/kind2-benchmarks/FMCAD08/Int/memory1/FIREFLY_luke_4_e2_325.lus,base,0.063,1,38,3,0,0,Not Found,timeout,3,290.258
/home/ubuntu/Lustre-exp/kind2-benchmarks/FMCAD08/Int/misc/_6counters_e8_371_e7_304.lus,l2l1,0.910,4,1004,12,1,0,Not Found,invalid,16 13 9,1.167
/home/ubuntu/Lustre-exp/kind2-benchmarks/FMCAD08/Int/memory1/FIREFLY_luke_4.lus,base,0.307,4,357,5,1,0,Not Found,timeout,6 5 3 2,290.255
/home/ubuntu/Lustre-exp/kind2-benchmarks/FMCAD08/Int/memory1/FIREFLY_luke_5.lus,base,2.359,4,1750,16,3,2,Not Found,timeout,29 23 16 8,290.443
/home/ubuntu/Lustre-exp/kind2-benchmarks/FMCAD08/Int/misc/durationThm_1_e1_350.lus,l2l1,0.011,0,2,0,0,0,Not Found,invalid,Not Found,0.340
/home/ubuntu/Lustre-exp/kind2-benchmarks/FMCAD08/Int/misc/durationThm_1_e2_3.lus,l1l2,0.020,2,28,1,0,0,Not Found,valid,1,0.350
/home/ubuntu/Lustre-exp/kind2-benchmarks/FMCAD08/Int/misc/durationThm_1_e3_389_e4_294.lus,l2l1,0.024,2,28,1,0,0,Not Found,valid,1,0.352
/home/ubuntu/Lustre-exp/kind2-benchmarks/FMCAD08/Int/misc/durationThm_1_e3_389_e5_5.lus,l1l2,0.018,2,23,1,0,0,Not Found,valid,1,0.354
/home/ubuntu/Lustre-exp/kind2-benchmarks/FMCAD08/Int/misc/durationThm_1_e3_389.lus,l1l2,0.024,2,23,1,0,0,Not Found,valid,1,0.362
/home/ubuntu/Lustre-exp/kind2-benchmarks/FMCAD08/Int/misc/durationThm_1_e7_217_e1_89.lus,l2l1,0.010,0,2,0,0,0,Not Found,invalid,Not Found,0.342
/home/ubuntu/Lustre-exp/kind2-benchmarks/FMCAD08/Int/misc/durationThm_1_e7_217_e2_352.lus,l1l2,0.032,2,46,3,0,0,Not Found,valid,3,0.373
/home/ubuntu/Lustre-exp/kind2-benchmarks/FMCAD08/Int/misc/durationThm_1_e7_217_e3_132.lus,l2l1,0.039,2,46,3,0,0,Not Found,valid,3,0.376
/home/ubuntu/Lustre-exp/kind2-benchmarks/FMCAD08/Int/misc/durationThm_1_e7_217_e7_31.lus,l2l1,0.010,0,2,0,0,0,Not Found,invalid,Not Found,0.342
/home/ubuntu/Lustre-exp/kind2-benchmarks/FMCAD08/Int/misc/durationThm_1_e7_217.lus,l1l2,0.042,1,41,4,0,0,Not Found,invalid,2,0.385
/home/ubuntu/Lustre-exp/kind2-benchmarks/FMCAD08/Int/misc/_6counters.lus,l2l1,4.076,9,4424,24,4,1,Not Found,invalid,32 30 25 21 18 16 13 10,4.390
/home/ubuntu/Lustre-exp/kind2-benchmarks/FMCAD08/Int/misc/durationThm_2_e2_63.lus,l1l2,0.034,2,45,3,0,0,Not Found,valid,3,0.384
/home/ubuntu/Lustre-exp/kind2-benchmarks/FMCAD08/Int/misc/durationThm_2_e3_329_e4_1.lus,l2l1,0.037,2,45,3,0,0,Not Found,valid,3,0.364
/home/ubuntu/Lustre-exp/kind2-benchmarks/FMCAD08/Int/misc/durationThm_2_e3_329_e5_124.lus,l2l1,0.033,2,35,2,0,0,Not Found,valid,2,0.382
/home/ubuntu/Lustre-exp/kind2-benchmarks/FMCAD08/Int/misc/durationThm_2_e3_99.lus,l2l1,0.032,2,35,2,0,0,Not Found,valid,2,0.363
/home/ubuntu/Lustre-exp/kind2-benchmarks/FMCAD08/Int/misc/durationThm_2_e7_145_e1_343.lus,l2l1,0.012,0,2,0,0,0,Not Found,invalid,Not Found,0.343
/home/ubuntu/Lustre-exp/kind2-benchmarks/FMCAD08/Int/misc/durationThm_2_e7_145_e2_169.lus,l2l1,0.038,2,58,4,0,0,Not Found,valid,4,0.373
/home/ubuntu/Lustre-exp/kind2-benchmarks/FMCAD08/Int/misc/durationThm_2_e7_145_e3_222.lus,l1l2,0.034,2,47,3,0,0,Not Found,valid,3,0.372
/home/ubuntu/Lustre-exp/kind2-benchmarks/FMCAD08/Int/misc/durationThm_2_e7_145_e7_154.lus,l2l1,0.010,0,2,0,0,0,Not Found,invalid,Not Found,0.344
/home/ubuntu/Lustre-exp/kind2-benchmarks/FMCAD08/Int/memory2/SYNAPSE_5_e2_1525.lus,base,0.037,1,38,3,0,0,Not Found,timeout,3,290.321
/home/ubuntu/Lustre-exp/kind2-benchmarks/FMCAD08/Int/memory2/SYNAPSE_5.lus,base,0.036,1,38,3,0,0,Not Found,timeout,3,290.346
/home/ubuntu/Lustre-exp/kind2-benchmarks/FMCAD08/Int/misc/durationThm_2_e7_149.lus,l2l1,0.009,0,2,0,0,0,Not Found,invalid,Not Found,0.354
/home/ubuntu/Lustre-exp/kind2-benchmarks/FMCAD08/Int/misc/durationThm_3_e1_36.lus,l1l2,0.017,1,9,1,0,0,Not Found,invalid,0,0.359
/home/ubuntu/Lustre-exp/kind2-benchmarks/FMCAD08/Int/misc/durationThm_3_e2_63.lus,l1l2,0.019,2,24,1,0,0,Not Found,valid,1,0.353
/home/ubuntu/Lustre-exp/kind2-benchmarks/FMCAD08/Int/misc/durationThm_3_e3_207.lus,l2l1,0.020,2,24,1,0,0,Not Found,valid,1,0.354
/home/ubuntu/Lustre-exp/kind2-benchmarks/FMCAD08/Int/misc/durationThm_3_e3_442_e4_165.lus,l2l1,0.022,2,24,1,0,0,Not Found,valid,1,0.367
/home/ubuntu/Lustre-exp/kind2-benchmarks/FMCAD08/Int/misc/durationThm_3_e3_442_e5_260.lus,l1l2,0.019,2,24,1,0,0,Not Found,valid,1,0.352
/home/ubuntu/Lustre-exp/kind2-benchmarks/FMCAD08/Int/misc/durationThm_3_e7_334_e1_431.lus,l2l1,0.016,1,9,1,0,0,Not Found,invalid,0,0.365
/home/ubuntu/Lustre-exp/kind2-benchmarks/FMCAD08/Int/misc/durationThm_3_e7_334_e2_62.lus,l1l2,0.051,2,69,4,0,0,Not Found,valid,4,0.384
/home/ubuntu/Lustre-exp/kind2-benchmarks/FMCAD08/Int/misc/durationThm_3_e7_334_e3_42.lus,l1l2,0.049,2,65,4,0,0,Not Found,valid,4,0.384
/home/ubuntu/Lustre-exp/kind2-benchmarks/FMCAD08/Int/misc/durationThm_3_e7_334_e7_118.lus,l2l1,0.010,0,1,0,0,0,Not Found,invalid,Not Found,0.344
/home/ubuntu/Lustre-exp/kind2-benchmarks/FMCAD08/Int/misc/durationThm_3_e7_334.lus,l1l2,0.058,2,66,5,1,0,Not Found,invalid,1 0,0.395
/home/ubuntu/Lustre-exp/kind2-benchmarks/FMCAD08/Int/misc/_6counters_e3_140_e8_149.lus,base,0.317,4,568,11,1,1,Not Found,timeout,11 9 7 4,290.290
/home/ubuntu/Lustre-exp/kind2-benchmarks/FMCAD08/Int/misc/ex3.lus,l2l1,0.068,3,109,4,0,0,Not Found,valid,4 3,0.388
/home/ubuntu/Lustre-exp/kind2-benchmarks/FMCAD08/Int/misc/ex8_e7_74_e7_740.lus,l2l1,0.013,2,13,0,0,0,Not Found,invalid,0,0.345
/home/ubuntu/Lustre-exp/kind2-benchmarks/FMCAD08/Int/misc/ex8_e7_74_e8_302.lus,l2l1,0.015,2,13,0,0,0,Not Found,invalid,0,0.347
/home/ubuntu/Lustre-exp/kind2-benchmarks/FMCAD08/Int/misc/ex8_e7_74.lus,l2l1,0.014,2,13,0,0,0,Not Found,invalid,0,0.349
/home/ubuntu/Lustre-exp/kind2-benchmarks/FMCAD08/Int/misc/ex8_e8_220_e7_249.lus,l2l1,0.014,2,13,0,0,0,Not Found,invalid,0,0.345
/home/ubuntu/Lustre-exp/kind2-benchmarks/FMCAD08/Int/misc/ex8_e8_220.lus,l2l1,0.015,2,13,0,0,0,Not Found,invalid,0,0.341
/home/ubuntu/Lustre-exp/kind2-benchmarks/FMCAD08/Int/misc/ex8.lus,l2l1,0.012,2,13,0,0,0,Not Found,invalid,0,0.347
/home/ubuntu/Lustre-exp/kind2-benchmarks/FMCAD08/Int/misc/ticket3i_1_e7_1669.lus,l2l1,0.075,2,53,3,0,0,Not Found,valid,3,0.408
/home/ubuntu/Lustre-exp/kind2-benchmarks/FMCAD08/Int/misc/ticket3i_1.lus,l1l2,0.053,2,55,3,0,0,Not Found,valid,3,0.398
/home/ubuntu/Lustre-exp/kind2-benchmarks/FMCAD08/Int/misc/ticket3i_2.lus,l1l2,0.037,2,24,1,0,0,Not Found,valid,1,0.398
/home/ubuntu/Lustre-exp/kind2-benchmarks/FMCAD08/Int/misc/ticket3i_3_e7_1312_e7_1495.lus,l2l1,0.017,0,2,0,0,0,Not Found,invalid,Not Found,0.370
/home/ubuntu/Lustre-exp/kind2-benchmarks/FMCAD08/Int/misc/ticket3i_3_e7_1312_e8_1916.lus,l2l1,0.040,2,24,1,0,0,Not Found,valid,1,0.386
/home/ubuntu/Lustre-exp/kind2-benchmarks/FMCAD08/Int/misc/ticket3i_3_e7_99.lus,l2l1,0.017,0,2,0,0,0,Not Found,invalid,Not Found,0.387
/home/ubuntu/Lustre-exp/kind2-benchmarks/FMCAD08/Int/misc/ticket3i_3_e8_1703_e7_3491.lus,l1l2,0.019,0,2,0,0,0,Not Found,invalid,Not Found,0.374
/home/ubuntu/Lustre-exp/kind2-benchmarks/FMCAD08/Int/misc/ticket3i_3_e8_1703_e8_2560.lus,l2l1,0.043,2,24,1,0,0,Not Found,valid,1,0.389
/home/ubuntu/Lustre-exp/kind2-benchmarks/FMCAD08/Int/misc/ticket3i_3_e8_1703.lus,l2l1,0.052,2,37,2,0,0,Not Found,valid,2,0.409
/home/ubuntu/Lustre-exp/kind2-benchmarks/FMCAD08/Int/misc/ticket3i_3.lus,l1l2,0.036,2,24,1,0,0,Not Found,valid,1,0.391
/home/ubuntu/Lustre-exp/kind2-benchmarks/FMCAD08/Int/misc/ticket3i_4_e7_1775_e7_3320.lus,l2l1,0.052,2,33,2,0,0,Not Found,valid,2,0.399
/home/ubuntu/Lustre-exp/kind2-benchmarks/FMCAD08/Int/misc/ticket3i_4.lus,l1l2,0.049,2,37,2,0,0,Not Found,valid,2,0.400
/home/ubuntu/Lustre-exp/kind2-benchmarks/FMCAD08/Int/misc/ticket3i_5_e7_3307.lus,l2l1,0.058,2,37,2,0,0,Not Found,valid,2,0.399
/home/ubuntu/Lustre-exp/kind2-benchmarks/FMCAD08/Int/misc/ticket3i_5.lus,l1l2,0.047,2,37,2,0,0,Not Found,valid,2,0.398
/home/ubuntu/Lustre-exp/kind2-benchmarks/FMCAD08/Int/misc/ticket3i_6_e7_1096_e7_2688.lus,l2l1,0.054,2,33,2,0,0,Not Found,valid,2,0.399
/home/ubuntu/Lustre-exp/kind2-benchmarks/FMCAD08/Int/misc/ticket3i_6.lus,l1l2,0.049,2,37,2,0,0,Not Found,valid,2,0.398
/home/ubuntu/Lustre-exp/kind2-benchmarks/FMCAD08/Int/misc/ticket3i_7_e1_2192_e1_1852.lus,l2l1,0.183,1,126,9,0,0,Not Found,valid,8,0.510
/home/ubuntu/Lustre-exp/kind2-benchmarks/FMCAD08/Int/misc/ticket3i_7_e2_2724_e7_524.lus,l1l2,0.126,2,99,6,0,0,Not Found,valid,6,0.488
/home/ubuntu/Lustre-exp/kind2-benchmarks/FMCAD08/Int/misc/ticket3i_7_e3_59_e7_2122.lus,l2l1,0.134,2,99,6,0,0,Not Found,valid,6,0.490
/home/ubuntu/Lustre-exp/kind2-benchmarks/FMCAD08/Int/misc/ticket3i_7_e7_3176_e1_2924.lus,l2l1,0.157,1,79,6,0,0,Not Found,valid,5,0.483
/home/ubuntu/Lustre-exp/kind2-benchmarks/FMCAD08/Int/misc/ticket3i_7_e7_3176.lus,l1l2,0.120,2,99,6,0,0,Not Found,valid,6,0.470
/home/ubuntu/Lustre-exp/kind2-benchmarks/FMCAD08/Int/misc/ticket3i_7_e8_2126_e7_78.lus,l2l1,0.129,2,99,6,0,0,Not Found,valid,6,0.464
/home/ubuntu/Lustre-exp/kind2-benchmarks/FMCAD08/Int/misc/ticket3i_7.lus,l2l1,0.131,2,99,6,0,0,Not Found,valid,6,0.458
/home/ubuntu/Lustre-exp/kind2-benchmarks/FMCAD08/Int/misc/ticket3i_all_e1_2706_e7_1776.lus,l2l1,0.167,2,128,7,0,0,Not Found,valid,1 0,0.493
/home/ubuntu/Lustre-exp/kind2-benchmarks/FMCAD08/Int/misc/ticket3i_all_e2_1117_e7_553.lus,l2l1,0.148,1,73,6,0,0,Not Found,valid,5,0.471
/home/ubuntu/Lustre-exp/kind2-benchmarks/FMCAD08/Int/misc/ticket3i_all_e3_557_e7_3464.lus,l2l1,0.130,2,97,6,0,0,Not Found,valid,6,0.481
/home/ubuntu/Lustre-exp/kind2-benchmarks/FMCAD08/Int/misc/ticket3i_all_e7_591.lus,l2l1,0.137,2,90,6,0,0,Not Found,valid,6,0.473
/home/ubuntu/Lustre-exp/kind2-benchmarks/FMCAD08/Int/misc/ticket3i_all_e8_505_e7_2450.lus,l2l1,0.159,2,111,7,0,0,Not Found,valid,7,0.501
/home/ubuntu/Lustre-exp/kind2-benchmarks/FMCAD08/Int/misc/ticket3i_all.lus,l1l2,0.103,2,99,6,0,0,Not Found,valid,6,0.448
/home/ubuntu/Lustre-exp/kind2-benchmarks/FMCAD08/Int/misc/traffic_e7_46_e7_171.lus,l2l1,0.006,0,1,0,0,0,Not Found,invalid,Not Found,0.342
/home/ubuntu/Lustre-exp/kind2-benchmarks/FMCAD08/Int/misc/traffic_e7_46.lus,l1l2,0.007,0,1,0,0,0,Not Found,invalid,Not Found,0.351
/home/ubuntu/Lustre-exp/kind2-benchmarks/FMCAD08/Int/misc/traffic.lus,l2l1,0.024,2,38,2,0,0,Not Found,valid,2,0.371
/home/ubuntu/Lustre-exp/kind2-benchmarks/FMCAD08/Int/misc/twisted_counters.lus,l1l2,3.001,9,3718,28,3,7,Not Found,valid,37 35 30 27 26 24 20 12,3.352
/home/ubuntu/Lustre-exp/kind2-benchmarks/FMCAD08/Int/misc/two_counters_e1_268.lus,l2l1,0.008,0,2,0,0,0,Not Found,invalid,Not Found,0.343
/home/ubuntu/Lustre-exp/kind2-benchmarks/FMCAD08/Int/misc/two_counters_e2_3.lus,l2l1,0.011,1,9,1,0,0,Not Found,invalid,0,0.354
/home/ubuntu/Lustre-exp/kind2-benchmarks/FMCAD08/Int/misc/two_counters_e3_325.lus,l2l1,0.021,1,17,2,0,0,Not Found,invalid,0,0.353
/home/ubuntu/Lustre-exp/kind2-benchmarks/FMCAD08/Int/misc/two_counters_e7_222.lus,l2l1,0.007,0,2,0,0,0,Not Found,invalid,Not Found,0.341
/home/ubuntu/Lustre-exp/kind2-benchmarks/FMCAD08/Int/misc/two_counters.lus,l2l1,0.878,5,1292,17,3,3,Not Found,valid,22 20 15 12 7,1.192
/home/ubuntu/Lustre-exp/kind2-benchmarks/FMCAD08/Int/protocol/peterson_1_e7_4234.lus,l1l2,0.102,2,41,2,0,0,Not Found,valid,2,0.463
/home/ubuntu/Lustre-exp/kind2-benchmarks/FMCAD08/Int/protocol/peterson_1.lus,l1l2,0.080,2,41,2,0,0,Not Found,valid,2,0.442
/home/ubuntu/Lustre-exp/kind2-benchmarks/FMCAD08/Int/protocol/peterson_2.lus,l1l2,0.088,2,39,2,0,0,Not Found,valid,2,0.480
/home/ubuntu/Lustre-exp/kind2-benchmarks/FMCAD08/Int/protocol/peterson_3.lus,l2l1,0.093,2,39,2,0,0,Not Found,valid,2,0.457
/home/ubuntu/Lustre-exp/kind2-benchmarks/FMCAD08/Int/protocol/peterson_4.lus,l1l2,0.082,2,41,2,0,0,Not Found,valid,2,0.445
/home/ubuntu/Lustre-exp/kind2-benchmarks/FMCAD08/Int/protocol/peterson_all.lus,l1l2,0.148,2,70,4,0,0,Not Found,valid,4,0.513
/home/ubuntu/Lustre-exp/kind2-benchmarks/FMCAD08/Int/protocol/peterson_vt.lus,l2l1,0.338,2,109,7,1,0,Not Found,invalid,5 2,0.680
/home/ubuntu/Lustre-exp/kind2-benchmarks/FMCAD08/Int/protocol/readwrit.lus,l1l2,0.042,2,24,1,0,0,Not Found,valid,1,0.393
/home/ubuntu/Lustre-exp/kind2-benchmarks/FMCAD08/Int/protocol/rtp_10_e7_106_e7_2564.lus,l2l1,0.083,2,39,2,0,0,Not Found,valid,2,0.439
/home/ubuntu/Lustre-exp/kind2-benchmarks/FMCAD08/Int/protocol/rtp_10.lus,l1l2,0.053,2,24,1,0,0,Not Found,valid,1,0.420
/home/ubuntu/Lustre-exp/kind2-benchmarks/FMCAD08/Int/protocol/rtp_1.lus,l1l2,0.047,2,26,1,0,0,Not Found,valid,1,0.418
/home/ubuntu/Lustre-exp/kind2-benchmarks/FMCAD08/Int/protocol/rtp_2.lus,l1l2,0.094,2,53,3,0,0,Not Found,valid,3,0.458
/home/ubuntu/Lustre-exp/kind2-benchmarks/FMCAD08/Int/protocol/rtp_3.lus,l2l1,0.075,2,39,2,0,0,Not Found,valid,2,0.418
/home/ubuntu/Lustre-exp/kind2-benchmarks/FMCAD08/Int/protocol/rtp_4.lus,l2l1,0.077,2,39,2,0,0,Not Found,valid,2,0.455
/home/ubuntu/Lustre-exp/kind2-benchmarks/FMCAD08/Int/protocol/rtp_5_e7_3972.lus,l1l2,0.072,2,41,2,0,0,Not Found,valid,2,0.429
/home/ubuntu/Lustre-exp/kind2-benchmarks/FMCAD08/Int/protocol/rtp_5.lus,l1l2,0.047,2,26,1,0,0,Not Found,valid,1,0.424
/home/ubuntu/Lustre-exp/kind2-benchmarks/FMCAD08/Int/protocol/rtp_6.lus,l2l1,0.066,2,39,2,0,0,Not Found,valid,2,0.430
/home/ubuntu/Lustre-exp/kind2-benchmarks/FMCAD08/Int/protocol/rtp_7.lus,l1l2,0.045,2,24,1,0,0,Not Found,valid,1,0.409
/home/ubuntu/Lustre-exp/kind2-benchmarks/FMCAD08/Int/protocol/rtp_8.lus,l1l2,0.063,2,39,2,0,0,Not Found,valid,2,0.419
/home/ubuntu/Lustre-exp/kind2-benchmarks/FMCAD08/Int/protocol/rtp_9.lus,l1l2,0.056,2,39,2,0,0,Not Found,valid,2,0.410
/home/ubuntu/Lustre-exp/kind2-benchmarks/FMCAD08/Int/protocol/rtp_all_e7_2500.lus,l2l1,0.465,2,327,15,0,0,Not Found,valid,15,0.831
/home/ubuntu/Lustre-exp/kind2-benchmarks/FMCAD08/Int/protocol/rtp_all.lus,l2l1,0.415,1,210,12,0,0,Not Found,valid,11,0.756
/home/ubuntu/Lustre-exp/kind2-benchmarks/FMCAD08/Int/misc/_6counters_e8_371_e1_448.lus,base,0.390,4,640,12,1,1,Not Found,timeout,12 10 8 5,290.284
/home/ubuntu/Lustre-exp/kind2-benchmarks/FMCAD08/Int/protocol/swimmingpool_1_e7_1621.lus,l2l1,0.150,2,89,7,1,0,Not Found,invalid,5 4,0.479
/home/ubuntu/Lustre-exp/kind2-benchmarks/FMCAD08/Int/protocol/rtp_vt.lus,l1l2,54.956,9,18204,102,8,12,Not Found,valid,122 121 119 116 112 109 84 45,55.648
/home/ubuntu/Lustre-exp/kind2-benchmarks/FMCAD08/Int/protocol/swimmingpool_1.lus,l2l1,0.867,4,667,13,2,0,Not Found,invalid,9 7 4 1,1.200
/home/ubuntu/Lustre-exp/kind2-benchmarks/FMCAD08/Int/protocol/swimmingpool_2.lus,l2l1,0.012,0,2,0,0,0,Not Found,invalid,Not Found,0.364
/home/ubuntu/Lustre-exp/kind2-benchmarks/FMCAD08/Int/protocol/swimmingpool_3.lus,l1l2,0.056,1,27,2,0,0,Not Found,invalid,0,0.412
/home/ubuntu/Lustre-exp/kind2-benchmarks/FMCAD08/Int/protocol/swimmingpool_4_e7_2197.lus,l1l2,0.122,2,87,6,1,0,Not Found,invalid,4 2,0.474
/home/ubuntu/Lustre-exp/kind2-benchmarks/FMCAD08/Int/protocol/swimmingpool_4.lus,l1l2,0.087,2,57,4,1,0,Not Found,invalid,2 1,0.431
/home/ubuntu/Lustre-exp/kind2-benchmarks/FMCAD08/Int/protocol/swimmingpool_5.lus,l1l2,0.097,2,71,5,1,0,Not Found,invalid,2 1,0.440
/home/ubuntu/Lustre-exp/kind2-benchmarks/FMCAD08/Int/protocol/swimmingpool_6_e7_10_e7_341.lus,l2l1,0.462,4,412,12,1,0,Not Found,invalid,8 7 5 2,0.788
/home/ubuntu/Lustre-exp/kind2-benchmarks/FMCAD08/Int/protocol/swimmingpool_6_e7_399.lus,l1l2,0.464,4,324,9,1,0,Not Found,invalid,4 3 2 1,0.807
/home/ubuntu/Lustre-exp/kind2-benchmarks/FMCAD08/Int/protocol/swimmingpool_6.lus,l1l2,0.260,3,205,8,1,0,Not Found,invalid,5 4 2,0.617
/home/ubuntu/Lustre-exp/kind2-benchmarks/FMCAD08/Int/protocol/swimmingpool_7.lus,l1l2,0.151,2,87,7,1,0,Not Found,invalid,4 1,0.495
/home/ubuntu/Lustre-exp/kind2-benchmarks/FMCAD08/Int/protocol/swimmingpool_8.lus,l2l1,0.219,2,127,9,1,0,Not Found,invalid,6 2,0.556
/home/ubuntu/Lustre-exp/kind2-benchmarks/FMCAD08/Int/protocol/swimmingpool_9.lus,l1l2,0.304,2,162,12,1,0,Not Found,invalid,9 1,0.650
/home/ubuntu/Lustre-exp/kind2-benchmarks/FMCAD08/Int/simulation/car_1_e7_184_e3_299.lus,l1l2,0.023,2,33,2,0,0,Not Found,valid,2,0.364
/home/ubuntu/Lustre-exp/kind2-benchmarks/FMCAD08/Int/simulation/car_1.lus,l1l2,0.024,2,37,2,0,0,Not Found,valid,2,0.365
/home/ubuntu/Lustre-exp/kind2-benchmarks/FMCAD08/Int/simulation/car_2_e7_1027_e1_1047.lus,l2l1,0.068,3,96,3,0,0,Not Found,valid,3 2,0.394
/home/ubuntu/Lustre-exp/kind2-benchmarks/FMCAD08/Int/simulation/car_2_e7_1027_e7_359.lus,l2l1,0.105,4,182,5,0,0,Not Found,valid,6 5 3,0.436
/home/ubuntu/Lustre-exp/kind2-benchmarks/FMCAD08/Int/simulation/car_2_e8_491_e7_826.lus,l2l1,0.056,3,90,2,0,0,Not Found,valid,3 2,0.394
/home/ubuntu/Lustre-exp/kind2-benchmarks/FMCAD08/Int/simulation/car_2.lus,l1l2,0.073,4,147,2,0,0,Not Found,valid,2 1 0,0.415
/home/ubuntu/Lustre-exp/kind2-benchmarks/FMCAD08/Int/simulation/car_3_e1_586.lus,l1l2,0.016,1,9,1,0,0,Not Found,invalid,0,0.354
/home/ubuntu/Lustre-exp/kind2-benchmarks/FMCAD08/Int/simulation/car_3_e2_695.lus,l2l1,0.023,2,26,1,0,0,Not Found,valid,1,0.353
/home/ubuntu/Lustre-exp/kind2-benchmarks/FMCAD08/Int/simulation/car_3_e7_626_e1_305.lus,l2l1,0.021,1,9,1,0,0,Not Found,invalid,0,0.365
/home/ubuntu/Lustre-exp/kind2-benchmarks/FMCAD08/Int/simulation/car_3_e7_626.lus,l2l1,0.049,3,71,2,0,0,Not Found,valid,2 1,0.374
/home/ubuntu/Lustre-exp/kind2-benchmarks/FMCAD08/Int/simulation/car_3_e8_33_e1_856.lus,l2l1,0.020,1,9,1,0,0,Not Found,invalid,0,0.363
/home/ubuntu/Lustre-exp/kind2-benchmarks/FMCAD08/Int/simulation/car_3_e8_33_e2_1010.lus,l2l1,0.017,2,26,1,0,0,Not Found,valid,1,0.353
/home/ubuntu/Lustre-exp/kind2-benchmarks/FMCAD08/Int/simulation/car_3_e8_33_e7_220.lus,l2l1,0.043,3,74,2,0,0,Not Found,valid,2 1,0.382
/home/ubuntu/Lustre-exp/kind2-benchmarks/FMCAD08/Int/simulation/car_3_e8_33.lus,l2l1,0.052,3,76,2,0,0,Not Found,valid,2 1,0.384
/home/ubuntu/Lustre-exp/kind2-benchmarks/FMCAD08/Int/simulation/car_3.lus,l1l2,0.040,3,81,2,0,0,Not Found,valid,2 1,0.372
/home/ubuntu/Lustre-exp/kind2-benchmarks/FMCAD08/Int/simulation/car_4_e3_57_e4_1047.lus,l1l2,0.017,2,24,1,0,0,Not Found,valid,1,0.363
/home/ubuntu/Lustre-exp/kind2-benchmarks/FMCAD08/Int/simulation/car_4_e3_57_e5_999.lus,l2l1,0.009,0,2,0,0,0,Not Found,invalid,Not Found,0.343
/home/ubuntu/Lustre-exp/kind2-benchmarks/FMCAD08/Int/simulation/car_4_e3_57_e6_784.lus,l1l2,0.025,2,37,2,0,0,Not Found,valid,2,0.363
/home/ubuntu/Lustre-exp/kind2-benchmarks/FMCAD08/Int/simulation/car_4_e3_57.lus,l2l1,0.009,0,2,0,0,0,Not Found,invalid,Not Found,0.355
/home/ubuntu/Lustre-exp/kind2-benchmarks/FMCAD08/Int/simulation/car_4_e7_592_e3_442.lus,l2l1,0.012,0,2,0,0,0,Not Found,invalid,Not Found,0.343
/home/ubuntu/Lustre-exp/kind2-benchmarks/FMCAD08/Int/simulation/car_4_e7_592_e7_265.lus,l2l1,0.023,2,33,2,0,0,Not Found,valid,2,0.362
/home/ubuntu/Lustre-exp/kind2-benchmarks/FMCAD08/Int/simulation/car_4_e7_592.lus,l1l2,0.031,2,33,2,0,0,Not Found,valid,2,0.373
/home/ubuntu/Lustre-exp/kind2-benchmarks/FMCAD08/Int/simulation/car_4_e8_118_e3_514.lus,l2l1,0.011,0,2,0,0,0,Not Found,invalid,Not Found,0.342
/home/ubuntu/Lustre-exp/kind2-benchmarks/FMCAD08/Int/simulation/car_4_e8_118_e7_178.lus,l2l1,0.055,3,87,3,0,0,Not Found,valid,1 0,0.394
/home/ubuntu/Lustre-exp/kind2-benchmarks/FMCAD08/Int/simulation/car_4_e8_118.lus,l1l2,0.017,2,24,1,0,0,Not Found,valid,1,0.353
/home/ubuntu/Lustre-exp/kind2-benchmarks/FMCAD08/Int/simulation/car_4.lus,l2l1,0.026,2,37,2,0,0,Not Found,valid,2,0.361
/home/ubuntu/Lustre-exp/kind2-benchmarks/FMCAD08/Int/simulation/car_5_e2_405_e2_1083.lus,l1l2,0.202,2,135,10,0,0,Not Found,invalid,8 1,0.540
/home/ubuntu/Lustre-exp/kind2-benchmarks/FMCAD08/Int/simulation/car_5_e2_405_e3_473.lus,l2l1,0.210,2,135,10,0,0,Not Found,invalid,8 1,0.549
/home/ubuntu/Lustre-exp/kind2-benchmarks/FMCAD08/Int/simulation/car_5_e2_405_e8_1055.lus,l2l1,0.208,2,135,10,0,0,Not Found,invalid,8 1,0.527
/home/ubuntu/Lustre-exp/kind2-benchmarks/FMCAD08/Int/simulation/car_5_e3_11_e1_429.lus,l1l2,0.197,2,135,10,0,0,Not Found,invalid,8 1,0.539
/home/ubuntu/Lustre-exp/kind2-benchmarks/FMCAD08/Int/simulation/car_5_e3_11_e5_24.lus,l1l2,0.228,2,135,10,0,0,Not Found,invalid,8 1,0.568
/home/ubuntu/Lustre-exp/kind2-benchmarks/FMCAD08/Int/simulation/car_5_e3_661.lus,l1l2,0.215,2,135,10,0,0,Not Found,invalid,8 1,0.561
/home/ubuntu/Lustre-exp/kind2-benchmarks/FMCAD08/Int/simulation/car_5_e7_244_e2_693.lus,l1l2,0.199,2,131,10,0,0,Not Found,invalid,8 1,0.541
/home/ubuntu/Lustre-exp/kind2-benchmarks/FMCAD08/Int/simulation/car_5_e7_244_e3_1071.lus,l2l1,0.285,2,131,10,0,0,Not Found,invalid,8 1,0.589
/home/ubuntu/Lustre-exp/kind2-benchmarks/FMCAD08/Int/simulation/car_5_e7_244_e1_823.lus,l2l1,4.854,10,3945,33,2,2,Not Found,valid,19 18 16 13 10 9 6 4 2,5.100
/home/ubuntu/Lustre-exp/kind2-benchmarks/FMCAD08/Int/misc/_6counters_e8_371_e3_224.lus,base,0.322,4,568,11,1,1,Not Found,timeout,11 9 7 4,290.280
/home/ubuntu/Lustre-exp/kind2-benchmarks/FMCAD08/Int/simulation/car_6_e1_152_e1_391.lus,l1l2,1.278,7,1641,16,0,1,Not Found,valid,19 18 17 15 10 4,1.617
/home/ubuntu/Lustre-exp/kind2-benchmarks/FMCAD08/Int/simulation/car_6_e1_152.lus,l1l2,2.183,8,2413,27,0,1,Not Found,valid,19 18 15 14 11 9 4,2.530
/home/ubuntu/Lustre-exp/kind2-benchmarks/FMCAD08/Int/simulation/car_6_e2_589_e2_506.lus,l2l1,0.242,2,172,13,0,0,Not Found,invalid,11 2,0.539
/home/ubuntu/Lustre-exp/kind2-benchmarks/FMCAD08/Int/simulation/car_6_e2_589_e3_349.lus,l1l2,0.219,2,158,12,0,0,Not Found,invalid,10 1,0.567
/home/ubuntu/Lustre-exp/kind2-benchmarks/FMCAD08/Int/simulation/car_6_e2_893.lus,l2l1,0.293,2,171,13,0,0,Not Found,invalid,11 2,0.591
/home/ubuntu/Lustre-exp/kind2-benchmarks/FMCAD08/Int/simulation/car_6_e3_294_e1_956.lus,l1l2,0.235,2,158,12,0,0,Not Found,invalid,10 1,0.568
/home/ubuntu/Lustre-exp/kind2-benchmarks/FMCAD08/Int/simulation/car_6_e3_294_e3_47.lus,l2l1,0.281,2,171,13,0,0,Not Found,invalid,11 2,0.608
/home/ubuntu/Lustre-exp/kind2-benchmarks/FMCAD08/Int/simulation/car_6_e3_294_e5_979.lus,l2l1,0.317,2,171,13,0,0,Not Found,invalid,11 2,0.619
/home/ubuntu/Lustre-exp/kind2-benchmarks/FMCAD08/Int/simulation/car_5.lus,l1l2,19.069,12,8332,42,1,1,Not Found,valid,24 22 19 16 14 13 10 8 5 1 0,19.589
/home/ubuntu/Lustre-exp/kind2-benchmarks/FMCAD08/Int/simulation/car_all_e1_618_e3_303.lus,l2l1,0.059,1,55,5,0,0,Not Found,invalid,3,0.396
/home/ubuntu/Lustre-exp/kind2-benchmarks/FMCAD08/Int/simulation/car_all_e1_618.lus,l1l2,0.061,1,65,6,0,0,Not Found,invalid,4,0.397
/home/ubuntu/Lustre-exp/kind2-benchmarks/FMCAD08/Int/simulation/car_all_e2_142_e7_209.lus,l1l2,0.095,3,141,6,0,0,Not Found,valid,2 1,0.437
/home/ubuntu/Lustre-exp/kind2-benchmarks/FMCAD08/Int/simulation/car_all_e2_142.lus,l1l2,0.093,3,144,6,0,0,Not Found,valid,2 1,0.436
/home/ubuntu/Lustre-exp/kind2-benchmarks/FMCAD08/Int/simulation/car_all_e3_1068_e1_178.lus,l2l1,0.012,0,2,0,0,0,Not Found,invalid,Not Found,0.355
/home/ubuntu/Lustre-exp/kind2-benchmarks/FMCAD08/Int/simulation/car_all_e3_1068_e2_13.lus,l2l1,0.012,0,2,0,0,0,Not Found,invalid,Not Found,0.345
/home/ubuntu/Lustre-exp/kind2-benchmarks/FMCAD08/Int/simulation/car_all_e3_1068_e3_163.lus,l2l1,0.011,0,2,0,0,0,Not Found,invalid,Not Found,0.344
/home/ubuntu/Lustre-exp/kind2-benchmarks/FMCAD08/Int/simulation/car_all_e3_1068_e4_275.lus,l1l2,0.092,3,144,6,0,0,Not Found,valid,2 1,0.425
/home/ubuntu/Lustre-exp/kind2-benchmarks/FMCAD08/Int/simulation/car_all_e3_1068_e5_882.lus,l2l1,0.012,0,2,0,0,0,Not Found,invalid,Not Found,0.345
/home/ubuntu/Lustre-exp/kind2-benchmarks/FMCAD08/Int/simulation/car_all_e3_1068.lus,l2l1,0.011,0,2,0,0,0,Not Found,invalid,Not Found,0.346
/home/ubuntu/Lustre-exp/kind2-benchmarks/FMCAD08/Int/simulation/car_all_e7_188_e7_743.lus,l1l2,0.122,3,200,8,0,0,Not Found,valid,5 2,0.466
/home/ubuntu/Lustre-exp/kind2-benchmarks/FMCAD08/Int/simulation/car_all_e8_856_e1_217.lus,l1l2,0.061,1,69,6,0,0,Not Found,invalid,4,0.394
/home/ubuntu/Lustre-exp/kind2-benchmarks/FMCAD08/Int/simulation/car_all_e8_856_e2_585.lus,l2l1,0.093,3,129,5,0,0,Not Found,valid,2 1,0.437
/home/ubuntu/Lustre-exp/kind2-benchmarks/FMCAD08/Int/simulation/car_all_e8_856_e3_180.lus,l1l2,0.010,0,2,0,0,0,Not Found,invalid,Not Found,0.345
/home/ubuntu/Lustre-exp/kind2-benchmarks/FMCAD08/Int/simulation/car_5_e7_244.lus,l1l2,28.496,12,10874,66,3,1,Not Found,valid,27 23 21 18 15 14 12 10 7 5 2,29.016
/home/ubuntu/Lustre-exp/kind2-benchmarks/FMCAD08/Int/simulation/car_all_e8_856_e7_578.lus,l1l2,0.163,3,245,10,0,0,Not Found,valid,7 4,0.505
/home/ubuntu/Lustre-exp/kind2-benchmarks/FMCAD08/Int/simulation/car_all_e8_856.lus,l1l2,0.159,3,249,10,0,0,Not Found,valid,7 4,0.503
/home/ubuntu/Lustre-exp/kind2-benchmarks/FMCAD08/Int/simulation/car_all.lus,l1l2,0.160,3,223,9,0,0,Not Found,valid,5 2,0.495
/home/ubuntu/Lustre-exp/kind2-benchmarks/FMCAD08/Int/simulation/cd_e7_621_e7_669.lus,l1l2,0.183,2,171,12,1,0,Not Found,invalid,8 1,0.517
/home/ubuntu/Lustre-exp/kind2-benchmarks/FMCAD08/Int/simulation/cd_e7_8.lus,l2l1,0.716,8,1275,18,2,5,Not Found,invalid,7 6 5 4 3 2 1 0,1.044
/home/ubuntu/Lustre-exp/kind2-benchmarks/FMCAD08/Int/simulation/fast_1_e7_2044_e7_1287.lus,l2l1,0.015,0,2,0,0,0,Not Found,invalid,Not Found,0.362
/home/ubuntu/Lustre-exp/kind2-benchmarks/FMCAD08/Int/simulation/fast_1_e7_2044.lus,l2l1,0.020,0,2,0,0,0,Not Found,invalid,Not Found,0.362
/home/ubuntu/Lustre-exp/kind2-benchmarks/FMCAD08/Int/simulation/fast_1_e8_747_e7_692.lus,l2l1,0.018,0,2,0,0,0,Not Found,invalid,Not Found,0.366
/home/ubuntu/Lustre-exp/kind2-benchmarks/FMCAD08/Int/simulation/fast_1_e8_747_e8_1041.lus,l2l1,0.074,3,91,3,0,0,Not Found,valid,1 0,0.410
/home/ubuntu/Lustre-exp/kind2-benchmarks/FMCAD08/Int/simulation/fast_1_e8_751.lus,l2l1,0.104,3,108,4,0,0,Not Found,valid,1 0,0.451
/home/ubuntu/Lustre-exp/kind2-benchmarks/FMCAD08/Int/simulation/fast_1.lus,l2l1,0.102,3,108,4,0,0,Not Found,valid,1 0,0.422
/home/ubuntu/Lustre-exp/kind2-benchmarks/FMCAD08/Int/simulation/fast_2_e7_2526_e7_2736.lus,l2l1,0.025,0,2,0,0,0,Not Found,invalid,Not Found,0.369
/home/ubuntu/Lustre-exp/kind2-benchmarks/FMCAD08/Int/simulation/fast_2_e7_2526.lus,l1l2,0.020,0,2,0,0,0,Not Found,invalid,Not Found,0.366
/home/ubuntu/Lustre-exp/kind2-benchmarks/FMCAD08/Int/simulation/fast_2_e8_460_e7_43.lus,l1l2,0.017,0,2,0,0,0,Not Found,invalid,Not Found,0.365
/home/ubuntu/Lustre-exp/kind2-benchmarks/FMCAD08/Int/simulation/fast_2_e8_460_e8_1920.lus,l1l2,0.134,3,160,7,0,0,Not Found,valid,2 1,0.476
/home/ubuntu/Lustre-exp/kind2-benchmarks/FMCAD08/Int/simulation/fast_2_e8_976.lus,l2l1,0.197,3,204,10,0,0,Not Found,valid,2 1,0.514
/home/ubuntu/Lustre-exp/kind2-benchmarks/FMCAD08/Int/simulation/fast_2.lus,l2l1,0.178,3,202,9,0,0,Not Found,valid,2 1,0.502
/home/ubuntu/Lustre-exp/kind2-benchmarks/FMCAD08/Int/simulation/cd.lus,l1l2,10.896,9,11385,99,2,50,Not Found,valid,128 125 121 113 102 86 63 32,11.258
/home/ubuntu/Lustre-exp/kind2-benchmarks/FMCAD08/Int/simulation/hysteresis_1.lus,l2l1,0.014,2,12,0,0,0,Not Found,valid,0,0.343
/home/ubuntu/Lustre-exp/kind2-benchmarks/FMCAD08/Int/simulation/hysteresis_2.lus,l2l1,0.076,3,111,4,0,0,Not Found,valid,4 3,0.414
/home/ubuntu/Lustre-exp/kind2-benchmarks/FMCAD08/Int/simulation/hysteresis_3.lus,l2l1,0.066,3,95,3,0,0,Not Found,valid,3 2,0.405
/home/ubuntu/Lustre-exp/kind2-benchmarks/FMCAD08/Int/simulation/hysteresis_all.lus,l2l1,0.160,3,233,9,0,0,Not Found,valid,9 6,0.456
/home/ubuntu/Lustre-exp/kind2-benchmarks/FMCAD08/Int/simulation/metros_1_e1_846_e1_1317.lus,l2l1,0.647,4,578,13,0,0,Not Found,valid,9 8 6 2,0.954
/home/ubuntu/Lustre-exp/kind2-benchmarks/FMCAD08/Int/simulation/metros_1_e1_846_e2_1394.lus,l2l1,0.457,4,428,10,0,0,Not Found,valid,7 2 1,0.805
/home/ubuntu/Lustre-exp/kind2-benchmarks/FMCAD08/Int/simulation/metros_1_e1_846_e3_1060.lus,l2l1,0.344,3,330,11,0,0,Not Found,valid,13 8,0.630
/home/ubuntu/Lustre-exp/kind2-benchmarks/FMCAD08/Int/simulation/metros_1_e1_846_e7_397.lus,l1l2,0.556,4,553,19,0,0,Not Found,valid,12 10 8,0.894
/home/ubuntu/Lustre-exp/kind2-benchmarks/FMCAD08/Int/simulation/metros_1_e2_1102_e1_317.lus,l1l2,0.599,4,562,13,0,0,Not Found,valid,7 3 2,0.941
/home/ubuntu/Lustre-exp/kind2-benchmarks/FMCAD08/Int/simulation/metros_1_e2_1102_e2_943.lus,l1l2,0.218,3,211,10,0,0,Not Found,valid,9 7,0.555
/home/ubuntu/Lustre-exp/kind2-benchmarks/FMCAD08/Int/simulation/metros_1_e2_1102_e3_961.lus,l2l1,0.220,2,170,8,0,0,Not Found,valid,9 5,0.517
/home/ubuntu/Lustre-exp/kind2-benchmarks/FMCAD08/Int/simulation/metros_1_e2_1102_e7_1163.lus,l2l1,0.500,4,508,11,0,0,Not Found,valid,5 3 1,0.784
/home/ubuntu/Lustre-exp/kind2-benchmarks/FMCAD08/Int/simulation/metros_1_e2_627.lus,l2l1,0.347,3,318,10,0,0,Not Found,valid,12 7,0.661
/home/ubuntu/Lustre-exp/kind2-benchmarks/FMCAD08/Int/simulation/metros_1_e7_1255_e7_12.lus,l2l1,0.668,4,616,16,0,0,Not Found,valid,15 11 7,0.971
/home/ubuntu/Lustre-exp/kind2-benchmarks/FMCAD08/Int/simulation/metros_1_e7_606.lus,l2l1,0.645,4,656,19,0,0,Not Found,valid,4 1 0,0.936
/home/ubuntu/Lustre-exp/kind2-benchmarks/FMCAD08/Int/simulation/metros_1_e8_725_e1_919.lus,l2l1,0.027,2,23,1,0,0,Not Found,valid,1,0.373
/home/ubuntu/Lustre-exp/kind2-benchmarks/FMCAD08/Int/simulation/metros_1_e8_725_e2_1144.lus,l1l2,0.031,2,23,1,0,0,Not Found,valid,1,0.365
/home/ubuntu/Lustre-exp/kind2-benchmarks/FMCAD08/Int/simulation/metros_1_e8_725_e3_556.lus,l2l1,0.086,3,74,2,0,0,Not Found,valid,1 0,0.417
/home/ubuntu/Lustre-exp/kind2-benchmarks/FMCAD08/Int/simulation/metros_1_e8_725.lus,l1l2,0.030,2,23,1,0,0,Not Found,valid,1,0.377
/home/ubuntu/Lustre-exp/kind2-benchmarks/FMCAD08/Int/simulation/metros_1.lus,l2l1,0.609,4,572,14,1,0,Not Found,valid,5 1 0,0.916
/home/ubuntu/Lustre-exp/kind2-benchmarks/FMCAD08/Int/simulation/car_6.lus,l1l2,37.618,13,16510,141,0,16,Not Found,valid,105 103 99 94 88 81 72 62 51 40 27 13,37.977
/home/ubuntu/Lustre-exp/kind2-benchmarks/FMCAD08/Int/simulation/metros_2_e1_1116_e2_617.lus,l1l2,0.403,4,468,14,0,0,Not Found,valid,5 4 2,0.732
/home/ubuntu/Lustre-exp/kind2-benchmarks/FMCAD08/Int/simulation/metros_2_e1_1116_e3_287.lus,l1l2,0.687,2,448,22,0,0,Not Found,invalid,21 11,1.037
/home/ubuntu/Lustre-exp/kind2-benchmarks/FMCAD08/Int/simulation/metros_2_e1_1116_e1_556.lus,l1l2,7.800,7,3653,63,0,4,Not Found,invalid,33 17 13 11 10 7 3,8.181
/home/ubuntu/Lustre-exp/kind2-benchmarks/FMCAD08/Int/simulation/metros_2_e1_1116_e7_1440.lus,l2l1,2.296,5,1757,27,0,0,Not Found,invalid,16 13 11 8,2.563
/home/ubuntu/Lustre-exp/kind2-benchmarks/FMCAD08/Int/simulation/metros_2_e2_704_e1_389.lus,l2l1,2.343,3,1049,38,0,1,Not Found,invalid,32 18 7,2.598
/home/ubuntu/Lustre-exp/kind2-benchmarks/FMCAD08/Int/simulation/metros_2_e2_704_e2_13.lus,l2l1,0.663,5,679,15,0,0,Not Found,valid,7 3 1 0,0.964
/home/ubuntu/Lustre-exp/kind2-benchmarks/FMCAD08/Int/simulation/metros_2_e2_704_e3_76.lus,l1l2,0.572,2,309,17,0,0,Not Found,invalid,16 7,0.935
/home/ubuntu/Lustre-exp/kind2-benchmarks/FMCAD08/Int/simulation/metros_2_e2_704_e7_810.lus,l2l1,1.217,3,777,29,0,0,Not Found,invalid,20 5 1,1.529
/home/ubuntu/Lustre-exp/kind2-benchmarks/FMCAD08/Int/misc/durationThm_1.lus,base,0.036,1,32,2,0,0,Not Found,timeout,2,290.351
/home/ubuntu/Lustre-exp/kind2-benchmarks/FMCAD08/Int/misc/durationThm_2_e1_301.lus,base,0.056,1,47,4,0,0,Not Found,timeout,4,290.286
/home/ubuntu/Lustre-exp/kind2-benchmarks/FMCAD08/Int/simulation/metros_2_e1_190.lus,l2l1,9.714,9,5347,66,0,23,Not Found,valid,11 8 7 6 5 4 3 1,9.985
/home/ubuntu/Lustre-exp/kind2-benchmarks/FMCAD08/Int/simulation/metros_2_e3_112.lus,l1l2,2.853,3,1007,40,0,1,Not Found,invalid,32 12 4,3.220
/home/ubuntu/Lustre-exp/kind2-benchmarks/FMCAD08/Int/simulation/metros_2_e2_968.lus,l2l1,0.334,2,333,13,0,0,Not Found,invalid,16 9,3.847
/home/ubuntu/Lustre-exp/kind2-benchmarks/FMCAD08/Int/simulation/metros_3_e3_1275_e2_454.lus,l1l2,0.253,3,244,8,0,0,Not Found,valid,9 4,0.600
/home/ubuntu/Lustre-exp/kind2-benchmarks/FMCAD08/Int/simulation/metros_3_e3_1275_e3_640.lus,l2l1,0.265,2,204,9,0,0,Not Found,valid,10 6,0.579
/home/ubuntu/Lustre-exp/kind2-benchmarks/FMCAD08/Int/misc/durationThm_2_e7_145_e8_73.lus,base,0.048,1,43,4,0,0,Not Found,timeout,4,290.314
/home/ubuntu/Lustre-exp/kind2-benchmarks/FMCAD08/Int/simulation/metros_3_e3_1275_e1_1350.lus,l2l1,6.855,9,3765,27,0,1,Not Found,invalid,17 13 12 11 9 8 7 6,7.179
/home/ubuntu/Lustre-exp/kind2-benchmarks/FMCAD08/Int/simulation/metros_3_e3_1275_e4_164.lus,l1l2,8.158,4,2209,68,0,3,Not Found,invalid,67 48 20 8,8.531
/home/ubuntu/Lustre-exp/kind2-benchmarks/FMCAD08/Int/simulation/metros_3_e3_1275.lus,l1l2,7.409,3,1244,51,0,0,Not Found,invalid,44 24 0,8.096
/home/ubuntu/Lustre-exp/kind2-benchmarks/FMCAD08/Int/simulation/metros_3_e3_1275_e7_529.lus,l2l1,14.512,3,7830,75,0,3,Not Found,invalid,91 81 28,20.393
/home/ubuntu/Lustre-exp/kind2-benchmarks/FMCAD08/Int/simulation/metros_3_e4_987_e2_80.lus,l1l2,6.604,4,1768,57,0,3,Not Found,invalid,53 43 10 4,6.990
/home/ubuntu/Lustre-exp/kind2-benchmarks/FMCAD08/Int/simulation/metros_3_e4_987_e3_291.lus,l1l2,7.655,3,1535,52,0,0,Not Found,invalid,44 34 3,8.164
/home/ubuntu/Lustre-exp/kind2-benchmarks/FMCAD08/Int/simulation/metros_2.lus,l1l2,57.354,12,18277,135,0,72,Not Found,valid,135 130 122 113 105 96 85 72 57 40 20,57.896
/home/ubuntu/Lustre-exp/kind2-benchmarks/FMCAD08/Int/misc/durationThm_2.lus,base,0.040,1,43,4,0,0,Not Found,timeout,4,290.275
/home/ubuntu/Lustre-exp/kind2-benchmarks/FMCAD08/Int/misc/durationThm_3.lus,base,0.022,1,14,1,0,0,Not Found,timeout,1,290.347
/home/ubuntu/Lustre-exp/kind2-benchmarks/FMCAD08/Int/simulation/metros_4_e1_917.lus,l2l1,118.058,13,21015,107,0,26,Not Found,valid,69 67 65 63 61 57 51 44 36 25 21 8 0,134.659
/home/ubuntu/Lustre-exp/kind2-benchmarks/FMCAD08/Int/simulation/metros_3_e3_1275_e5_846.lus,l1l2,210.941,23,30656,76,0,0,Not Found,invalid,45 26 23 22 20 19 18 17 16 15 14 13 12 11 10 9 8 7 6 5 4 3 1,211.644
/home/ubuntu/Lustre-exp/kind2-benchmarks/FMCAD08/Int/simulation/metros_4_e2_968_e2_1166.lus,l1l2,0.128,3,114,5,0,0,Not Found,valid,4 2,0.472
/home/ubuntu/Lustre-exp/kind2-benchmarks/FMCAD08/Int/simulation/metros_4_e2_968_e3_931.lus,l2l1,0.181,2,147,7,0,0,Not Found,valid,8 5,0.486
/home/ubuntu/Lustre-exp/kind2-benchmarks/FMCAD08/Int/simulation/metros_4_e1_821_e5_911.lus,l1l2,144.475,16,21070,32,0,0,Not Found,valid,25 21 13 12 11 10 9 8 7 6 5 4 3 2 0,145.193
/home/ubuntu/Lustre-exp/kind2-benchmarks/FMCAD08/Int/simulation/metros_4_e2_968_e4_801.lus,l1l2,4.323,4,1192,46,0,3,Not Found,invalid,41 30 9 3,4.683
/home/ubuntu/Lustre-exp/kind2-benchmarks/FMCAD08/Int/simulation/metros_4_e2_968_e6_236.lus,l1l2,0.665,2,276,17,1,0,Not Found,invalid,14 0,1.015
/home/ubuntu/Lustre-exp/kind2-benchmarks/FMCAD08/Int/simulation/metros_4_e2_968_e1_956.lus,l1l2,10.793,4,3805,63,0,2,Not Found,invalid,64 54 34 22,11.470
/home/ubuntu/Lustre-exp/kind2-benchmarks/FMCAD08/Int/simulation/metros_4_e2_968_e5_991.lus,l1l2,4.617,4,1051,44,0,2,Not Found,invalid,37 16 3 1,4.975
/home/ubuntu/Lustre-exp/kind2-benchmarks/FMCAD08/Int/simulation/metros_4_e2_968_e7_860.lus,l1l2,4.679,4,1420,52,0,3,Not Found,invalid,45 23 10 3,5.350
/home/ubuntu/Lustre-exp/kind2-benchmarks/FMCAD08/Int/simulation/metros_4_e3_1025.lus,l1l2,4.553,3,919,41,0,0,Not Found,invalid,34 14 0,4.921
/home/ubuntu/Lustre-exp/kind2-benchmarks/FMCAD08/Int/simulation/metros_4_e3_1091_e2_1317.lus,l2l1,0.268,3,244,8,0,0,Not Found,valid,9 4,0.601
/home/ubuntu/Lustre-exp/kind2-benchmarks/FMCAD08/Int/simulation/metros_4_e3_1091_e3_522.lus,l2l1,0.350,4,336,10,0,0,Not Found,valid,7 4 2,0.671
/home/ubuntu/Lustre-exp/kind2-benchmarks/FMCAD08/Int/simulation/metros_4_e2_968.lus,l1l2,10.003,4,3563,82,0,3,Not Found,invalid,87 68 46 15,10.435
/home/ubuntu/Lustre-exp/kind2-benchmarks/FMCAD08/Int/simulation/metros_4_e3_1091_e1_1044.lus,l2l1,5.199,5,2562,27,0,1,Not Found,invalid,22 18 13 11 8,7.587
/home/ubuntu/Lustre-exp/kind2-benchmarks/FMCAD08/Int/simulation/metros_4_e3_1091_e4_232.lus,l2l1,7.066,4,3853,71,0,3,Not Found,invalid,78 73 47 17,7.365
/home/ubuntu/Lustre-exp/kind2-benchmarks/FMCAD08/Int/simulation/Gas.lus,base,0.021,1,22,2,0,0,Not Found,timeout,2,290.308
/home/ubuntu/Lustre-exp/kind2-benchmarks/FMCAD08/Int/simulation/metros_3_e3_1275_e6_1315.lus,base,269.366,11,25575,86,0,6,Not Found,timeout,42 39 31 29 26 21 17 14 10 9 7,290.188
/home/ubuntu/Lustre-exp/kind2-benchmarks/FMCAD08/Int/simulation/PRODUCER_CONSUMER_1.lus,l2l1,0.035,2,47,2,0,0,Not Found,valid,2,0.373
/home/ubuntu/Lustre-exp/kind2-benchmarks/FMCAD08/Int/simulation/PRODUCER_CONSUMER_2.lus,l1l2,0.024,2,28,1,0,0,Not Found,valid,1,0.373
/home/ubuntu/Lustre-exp/kind2-benchmarks/FMCAD08/Int/simulation/PRODUCER_CONSUMER_3.lus,l2l1,0.023,2,22,1,0,0,Not Found,valid,1,0.367
/home/ubuntu/Lustre-exp/kind2-benchmarks/FMCAD08/Int/simulation/PRODUCER_CONSUMER_all.lus,l1l2,0.034,2,41,2,0,0,Not Found,valid,2,0.376
/home/ubuntu/Lustre-exp/kind2-benchmarks/FMCAD08/Int/simulation/metros_3_e4_987_e1_1115.lus,base,228.791,22,25228,40,0,0,Not Found,timeout,33 29 21 20 19 18 17 16 15 14 13 12 11 10 9 8 7 6 5 4 3 2,290.181
/home/ubuntu/Lustre-exp/kind2-benchmarks/FMCAD08/Int/simulation/metros_3_e4_987.lus,base,212.576,18,21563,109,0,2,Not Found,timeout,40 38 31 29 27 25 24 23 22 21 20 19 18 17 16 15 14 13,290.201
/home/ubuntu/Lustre-exp/kind2-benchmarks/FMCAD08/Int/simulation/metros_3.lus,base,255.079,9,23176,61,0,1,Not Found,timeout,43 40 28 26 24 22 17 14 10,290.173
/home/ubuntu/Lustre-exp/kind2-benchmarks/FMCAD08/Int/simulation/metros_4_e5_1150.lus,base,34.708,13,9363,67,0,4,Not Found,timeout,23 21 19 17 15 13 11 8 6 5 4 3 2,290.210
/home/ubuntu/Lustre-exp/kind2-benchmarks/FMCAD08/Int/simulation/PRODUCER_CONSUMMER_luke_1.lus,l1l2,0.010,0,2,0,0,0,Not Found,invalid,Not Found,0.349
/home/ubuntu/Lustre-exp/kind2-benchmarks/FMCAD08/Int/simulation/metros_4.lus,base,186.981,6,20444,109,0,2,Not Found,timeout,78 75 56 46 44 38,290.231
/home/ubuntu/Lustre-exp/kind2-benchmarks/FMCAD08/Int/simulation/metros_5_e4_1208_e1_337.lus,base,12.187,5,3419,33,0,0,Not Found,timeout,28 24 20 15 13,290.257
/home/ubuntu/Lustre-exp/kind2-benchmarks/FMCAD08/Int/simulation/speed2_e7_223_e7_213.lus,l1l2,0.047,3,88,3,0,0,Not Found,valid,3 2,0.385
/home/ubuntu/Lustre-exp/kind2-benchmarks/FMCAD08/Int/simulation/speed2_e7_223_e8_329.lus,l2l1,0.065,3,86,4,0,0,Not Found,valid,4 3,0.373
/home/ubuntu/Lustre-exp/kind2-benchmarks/FMCAD08/Int/simulation/speed2_e7_496.lus,l1l2,0.040,2,52,3,0,0,Not Found,valid,3,0.388
/home/ubuntu/Lustre-exp/kind2-benchmarks/FMCAD08/Int/simulation/speed2_e8_449_e7_353.lus,l1l2,0.029,2,37,2,0,0,Not Found,valid,2,0.363
/home/ubuntu/Lustre-exp/kind2-benchmarks/FMCAD08/Int/simulation/speed2_e8_449_e8_517.lus,l1l2,0.091,3,150,7,0,0,Not Found,valid,7 4,0.425
/home/ubuntu/Lustre-exp/kind2-benchmarks/FMCAD08/Int/simulation/speed2_e8_449.lus,l2l1,0.075,3,108,4,0,0,Not Found,valid,4 3,0.407
/home/ubuntu/Lustre-exp/kind2-benchmarks/FMCAD08/Int/simulation/speed2.lus,l2l1,0.066,3,109,4,0,0,Not Found,valid,4 3,0.385
/home/ubuntu/Lustre-exp/kind2-benchmarks/FMCAD08/Int/simulation/speed_e7_207_e7_538.lus,l1l2,0.010,2,12,0,0,0,Not Found,valid,0,0.343
/home/ubuntu/Lustre-exp/kind2-benchmarks/FMCAD08/Int/simulation/speed_e7_207_e8_507.lus,l2l1,0.009,2,12,0,0,0,Not Found,valid,0,0.345
/home/ubuntu/Lustre-exp/kind2-benchmarks/FMCAD08/Int/simulation/speed_e7_207.lus,l1l2,0.011,2,12,0,0,0,Not Found,valid,0,0.352
/home/ubuntu/Lustre-exp/kind2-benchmarks/FMCAD08/Int/simulation/speed_e8_649_e7_709.lus,l2l1,0.011,2,12,0,0,0,Not Found,valid,0,0.353
/home/ubuntu/Lustre-exp/kind2-benchmarks/FMCAD08/Int/simulation/speed_e8_649.lus,l2l1,0.013,2,12,0,0,0,Not Found,valid,0,0.345
/home/ubuntu/Lustre-exp/kind2-benchmarks/FMCAD08/Int32/large/microwave01.lus,l2l1,1.038,2,76,3,0,0,Not Found,valid,1 0,1.431
/home/ubuntu/Lustre-exp/kind2-benchmarks/FMCAD08/Int32/large/microwave02.lus,l1l2,0.036,2,12,0,0,0,Not Found,valid,0,0.464
/home/ubuntu/Lustre-exp/kind2-benchmarks/FMCAD08/Int/simulation/metros_5.lus,base,266.335,6,25864,177,0,7,Not Found,timeout,108 100 73 59 49 45,290.194
/home/ubuntu/Lustre-exp/kind2-benchmarks/FMCAD08/Int/simulation/PRODUCER_CONSUMER_vt_e2_1352.lus,base,0.222,3,290,5,1,0,Not Found,timeout,9 6 2,290.321
/home/ubuntu/Lustre-exp/kind2-benchmarks/FMCAD08/Int/simulation/PRODUCER_CONSUMER_vt_e3_507.lus,base,0.020,1,15,1,0,0,Not Found,timeout,1,290.312
/home/ubuntu/Lustre-exp/kind2-benchmarks/FMCAD08/Int/simulation/PRODUCER_CONSUMER_vt_e7_1059_e8_1111.lus,base,0.023,1,15,1,0,0,Not Found,timeout,1,290.329
/home/ubuntu/Lustre-exp/kind2-benchmarks/FMCAD08/Int/simulation/PRODUCER_CONSUMER_vt.lus,base,0.024,1,15,1,0,0,Not Found,timeout,1,290.333
/home/ubuntu/Lustre-exp/kind2-benchmarks/FMCAD08/Int/simulation/PRODUCER_CONSUMMER_luke_2_e7_1068_e8_1019.lus,base,0.025,1,15,1,0,0,Not Found,timeout,1,290.321
/home/ubuntu/Lustre-exp/kind2-benchmarks/FMCAD08/Int/simulation/PRODUCER_CONSUMMER_luke_2.lus,base,0.021,1,15,1,0,0,Not Found,timeout,1,290.355
/home/ubuntu/Lustre-exp/kind2-benchmarks/FMCAD08/Int32/large/microwave03.lus,base,Not Found,Not Found,Not Found,Not Found,Not Found,Not Found,Not Found,timeout,Not Found,290.119
/home/ubuntu/Lustre-exp/kind2-benchmarks/FMCAD08/Int32/large/microwave04.lus,base,Not Found,Not Found,Not Found,Not Found,Not Found,Not Found,Not Found,timeout,Not Found,290.116
/home/ubuntu/Lustre-exp/kind2-benchmarks/FMCAD08/Int32/large/microwave12.lus,l2l1,1.152,1,37,4,0,0,Not Found,invalid,2,1.508
/home/ubuntu/Lustre-exp/kind2-benchmarks/FMCAD08/Int32/large/microwave05.lus,base,Not Found,Not Found,Not Found,Not Found,Not Found,Not Found,Not Found,timeout,Not Found,290.118
/home/ubuntu/Lustre-exp/kind2-benchmarks/FMCAD08/Int32/large/microwave14.lus,l2l1,2.340,1,152,10,0,0,Not Found,invalid,9,2.813
/home/ubuntu/Lustre-exp/kind2-benchmarks/FMCAD08/Int32/large/microwave15.lus,l1l2,0.096,2,12,0,0,0,Not Found,valid,0,0.560
/home/ubuntu/Lustre-exp/kind2-benchmarks/FMCAD08/Int32/large/microwave16.lus,l1l2,0.047,2,12,0,0,0,Not Found,valid,0,0.534
/home/ubuntu/Lustre-exp/kind2-benchmarks/FMCAD08/Int32/large/microwave06.lus,base,117.947,2,4077,47,0,0,Not Found,timeout,50 6,290.129
/home/ubuntu/Lustre-exp/kind2-benchmarks/FMCAD08/Int32/large/microwave18.lus,l2l1,1.585,1,53,4,0,0,Not Found,invalid,3,2.053
/home/ubuntu/Lustre-exp/kind2-benchmarks/FMCAD08/Int32/large/microwave19.lus,l1l2,11.254,3,244,9,0,0,Not Found,valid,8 6,12.025
/home/ubuntu/Lustre-exp/kind2-benchmarks/FMCAD08/Int32/large/microwave20.lus,l2l1,0.119,0,2,0,0,0,Not Found,invalid,Not Found,0.636
/home/ubuntu/Lustre-exp/kind2-benchmarks/FMCAD08/Int32/large/microwave17.lus,l1l2,28.905,3,250,9,0,0,Not Found,valid,5 2,29.664
/home/ubuntu/Lustre-exp/kind2-benchmarks/FMCAD08/Int32/large/microwave07.lus,base,1.438,3,228,6,1,0,Not Found,timeout,3 2 1,290.156
/home/ubuntu/Lustre-exp/kind2-benchmarks/FMCAD08/Int32/large/microwave23.lus,l1l2,1.703,1,29,3,0,0,Not Found,invalid,1,2.184
/home/ubuntu/Lustre-exp/kind2-benchmarks/FMCAD08/Int32/large/microwave08.lus,base,0.280,1,28,2,0,0,Not Found,timeout,2,290.131
/home/ubuntu/Lustre-exp/kind2-benchmarks/FMCAD08/Int32/large/microwave25.lus,l2l1,0.118,0,2,0,0,0,Not Found,invalid,Not Found,0.586
/home/ubuntu/Lustre-exp/kind2-benchmarks/FMCAD08/Int32/large/microwave24.lus,l1l2,92.218,3,241,8,0,0,Not Found,valid,7 4,92.955
/home/ubuntu/Lustre-exp/kind2-benchmarks/FMCAD08/Int32/large/microwave09.lus,base,272.786,3,3695,43,1,0,Not Found,timeout,39 38 37,290.166
/home/ubuntu/Lustre-exp/kind2-benchmarks/FMCAD08/Int32/large/microwave10.lus,base,16.343,5,1004,24,0,3,Not Found,timeout,5 4 3 2 1,290.183
/home/ubuntu/Lustre-exp/kind2-benchmarks/FMCAD08/Int32/large/microwave28.lus,l1l2,3.684,1,30,3,0,0,Not Found,invalid,1,4.215
/home/ubuntu/Lustre-exp/kind2-benchmarks/FMCAD08/Int32/large/microwave11.lus,base,86.237,8,1101,12,0,0,Not Found,timeout,8 7 6 5 4 3 2,290.192
/home/ubuntu/Lustre-exp/kind2-benchmarks/FMCAD08/Int32/large/microwave13.lus,base,4.644,3,408,15,0,0,Not Found,timeout,11 7 3,290.161
/home/ubuntu/Lustre-exp/kind2-benchmarks/FMCAD08/Int32/large/microwave29.lus,l2l1,4.040,1,78,6,0,0,Not Found,valid,6,32.008
/home/ubuntu/Lustre-exp/kind2-benchmarks/FMCAD08/Int32/large/microwave21.lus,base,37.013,1,166,11,0,0,Not Found,timeout,11,290.123
/home/ubuntu/Lustre-exp/kind2-benchmarks/FMCAD08/Int32/large/microwave22.lus,base,Not Found,Not Found,Not Found,Not Found,Not Found,Not Found,Not Found,timeout,Not Found,290.115
/home/ubuntu/Lustre-exp/kind2-benchmarks/FMCAD08/Int32/large/microwave26.lus,base,177.239,1,91,7,0,0,Not Found,timeout,7,290.117
/home/ubuntu/Lustre-exp/kind2-benchmarks/FMCAD08/Int32/large/microwave27.lus,base,Not Found,Not Found,Not Found,Not Found,Not Found,Not Found,Not Found,timeout,Not Found,290.121
/home/ubuntu/Lustre-exp/kind2-benchmarks/FMCAD08/Int32/large/microwave30.lus,base,Not Found,Not Found,Not Found,Not Found,Not Found,Not Found,Not Found,timeout,Not Found,290.117
/home/ubuntu/Lustre-exp/kind2-benchmarks/FMCAD08/Int32/large/microwave31.lus,base,Not Found,Not Found,Not Found,Not Found,Not Found,Not Found,Not Found,timeout,Not Found,290.117
/home/ubuntu/Lustre-exp/kind2-benchmarks/FMCAD08/Int32/large/microwave32.lus,base,Not Found,Not Found,Not Found,Not Found,Not Found,Not Found,Not Found,timeout,Not Found,290.117
/home/ubuntu/Lustre-exp/kind2-benchmarks/FMCAD08/Int32/large/microwave40.lus,l2l1,0.108,0,2,0,0,0,Not Found,invalid,Not Found,0.551
/home/ubuntu/Lustre-exp/kind2-benchmarks/FMCAD08/Int32/large/steam_boiler_no_arr1_e4_23904_e4_2384.lus,l2l1,0.462,2,12,0,0,0,Not Found,valid,0,0.993
/home/ubuntu/Lustre-exp/kind2-benchmarks/FMCAD08/Int32/large/steam_boiler_no_arr1.lus,l2l1,0.243,2,12,0,0,0,Not Found,valid,0,0.786
/home/ubuntu/Lustre-exp/kind2-benchmarks/FMCAD08/Int32/large/steam_boiler_no_arr2_e1_17214_e5_18600.lus,l1l2,0.123,3,61,1,0,0,Not Found,valid,1 0,0.510
/home/ubuntu/Lustre-exp/kind2-benchmarks/FMCAD08/Int32/large/steam_boiler_no_arr2_e3_514_e4_11150.lus,l1l2,0.113,3,61,1,0,0,Not Found,valid,1 0,0.487
/home/ubuntu/Lustre-exp/kind2-benchmarks/FMCAD08/Int32/large/steam_boiler_no_arr2_e6_3003_e4_15091.lus,l1l2,0.118,3,61,1,0,0,Not Found,valid,1 0,0.493
/home/ubuntu/Lustre-exp/kind2-benchmarks/FMCAD08/Int32/large/steam_boiler_no_arr2_e7_12307.lus,l2l1,0.114,3,61,1,0,0,Not Found,valid,1 0,0.482
/home/ubuntu/Lustre-exp/kind2-benchmarks/FMCAD08/Int32/large/steam_boiler_no_arr2_e8_21449_e5_18210.lus,l1l2,0.120,3,61,1,0,0,Not Found,valid,1 0,0.509
/home/ubuntu/Lustre-exp/kind2-benchmarks/FMCAD08/Int32/large/steam_boiler_no_arr2.lus,l1l2,0.111,3,61,1,0,0,Not Found,valid,1 0,0.484
/home/ubuntu/Lustre-exp/kind2-benchmarks/FMCAD08/Int32/large/microwave33.lus,base,Not Found,Not Found,Not Found,Not Found,Not Found,Not Found,Not Found,timeout,Not Found,290.118
/home/ubuntu/Lustre-exp/kind2-benchmarks/FMCAD08/Int32/memory1/DRAGON_10_e1_3587_e7_872.lus,l2l1,0.040,0,2,0,0,0,Not Found,invalid,Not Found,0.430
/home/ubuntu/Lustre-exp/kind2-benchmarks/FMCAD08/Int32/large/microwave34.lus,base,Not Found,Not Found,Not Found,Not Found,Not Found,Not Found,Not Found,timeout,Not Found,290.119
/home/ubuntu/Lustre-exp/kind2-benchmarks/FMCAD08/Int32/large/microwave35.lus,base,Not Found,Not Found,Not Found,Not Found,Not Found,Not Found,Not Found,timeout,Not Found,290.116
/home/ubuntu/Lustre-exp/kind2-benchmarks/FMCAD08/Int32/large/microwave36.lus,base,Not Found,Not Found,Not Found,Not Found,Not Found,Not Found,Not Found,timeout,Not Found,290.119
/home/ubuntu/Lustre-exp/kind2-benchmarks/FMCAD08/Int32/large/microwave37.lus,base,Not Found,Not Found,Not Found,Not Found,Not Found,Not Found,Not Found,timeout,Not Found,290.120
/home/ubuntu/Lustre-exp/kind2-benchmarks/FMCAD08/Int32/memory1/DRAGON_10_e3_144_e7_523.lus,l2l1,0.042,0,2,0,0,0,Not Found,invalid,Not Found,0.427
/home/ubuntu/Lustre-exp/kind2-benchmarks/FMCAD08/Int32/large/microwave38.lus,base,Not Found,Not Found,Not Found,Not Found,Not Found,Not Found,Not Found,timeout,Not Found,290.119
/home/ubuntu/Lustre-exp/kind2-benchmarks/FMCAD08/Int32/memory1/DRAGON_10_e7_3861_e2_1020.lus,l2l1,0.039,0,2,0,0,0,Not Found,invalid,Not Found,0.422
/home/ubuntu/Lustre-exp/kind2-benchmarks/FMCAD08/Int32/memory1/DRAGON_10_e7_3861_e7_2180.lus,l2l1,0.039,0,2,0,0,0,Not Found,invalid,Not Found,0.441
/home/ubuntu/Lustre-exp/kind2-benchmarks/FMCAD08/Int32/large/microwave39.lus,base,Not Found,Not Found,Not Found,Not Found,Not Found,Not Found,Not Found,timeout,Not Found,290.118
/home/ubuntu/Lustre-exp/kind2-benchmarks/FMCAD08/Int32/memory1/DRAGON_10_e1_3587_e3_2749.lus,base,38.169,2,710,18,4,0,Not Found,timeout,25 13,290.165
/home/ubuntu/Lustre-exp/kind2-benchmarks/FMCAD08/Int32/memory1/DRAGON_10_e1_998.lus,base,0.359,1,88,6,0,0,Not Found,timeout,6,290.117
/home/ubuntu/Lustre-exp/kind2-benchmarks/FMCAD08/Int32/memory1/DRAGON_10_e2_2785_e3_1744.lus,base,6.590,2,411,13,3,0,Not Found,timeout,17 9,290.123
/home/ubuntu/Lustre-exp/kind2-benchmarks/FMCAD08/Int32/memory1/DRAGON_11_e1_2450_e7_5791.lus,l2l1,0.038,0,2,0,0,0,Not Found,invalid,Not Found,0.438
/home/ubuntu/Lustre-exp/kind2-benchmarks/FMCAD08/Int32/memory1/DRAGON_10_e2_402.lus,base,3.331,2,350,12,3,0,Not Found,timeout,15 8,290.118
/home/ubuntu/Lustre-exp/kind2-benchmarks/FMCAD08/Int32/memory1/DRAGON_10_e3_144_e5_2046.lus,base,3.578,2,357,12,3,0,Not Found,timeout,15 8,290.120
/home/ubuntu/Lustre-exp/kind2-benchmarks/FMCAD08/Int32/memory1/DRAGON_10_e3_3429.lus,base,3.407,2,348,12,3,0,Not Found,timeout,15 8,290.115
/home/ubuntu/Lustre-exp/kind2-benchmarks/FMCAD08/Int32/memory1/DRAGON_10.lus,base,3.083,2,362,12,3,0,Not Found,timeout,15 8,290.120
/home/ubuntu/Lustre-exp/kind2-benchmarks/FMCAD08/Int32/memory1/DRAGON_11_e1_2450_e1_5887.lus,base,63.056,1,91,6,0,0,Not Found,timeout,6,290.119
/home/ubuntu/Lustre-exp/kind2-benchmarks/FMCAD08/Int32/memory1/DRAGON_11_e1_2450_e2_1483.lus,base,45.070,1,60,4,0,0,Not Found,timeout,4,290.118
/home/ubuntu/Lustre-exp/kind2-benchmarks/FMCAD08/Int32/memory1/DRAGON_12_e1_4640_e7_128.lus,l2l1,0.035,0,2,0,0,0,Not Found,invalid,Not Found,0.429
/home/ubuntu/Lustre-exp/kind2-benchmarks/FMCAD08/Int32/memory1/DRAGON_11_e1_2450_e3_2330.lus,base,50.796,1,93,6,0,0,Not Found,timeout,6,290.117
/home/ubuntu/Lustre-exp/kind2-benchmarks/FMCAD08/Int32/memory1/DRAGON_11_e1_2450.lus,base,46.075,1,69,5,0,0,Not Found,timeout,5,290.117
/home/ubuntu/Lustre-exp/kind2-benchmarks/FMCAD08/Int32/memory1/DRAGON_11_e2_1678_e1_3565.lus,base,16.300,1,60,4,0,0,Not Found,timeout,4,290.115
/home/ubuntu/Lustre-exp/kind2-benchmarks/FMCAD08/Int32/memory1/DRAGON_12_e2_1618_e7_4732.lus,l2l1,0.041,0,2,0,0,0,Not Found,invalid,Not Found,0.437
/home/ubuntu/Lustre-exp/kind2-benchmarks/FMCAD08/Int32/memory1/DRAGON_11_e2_5396_e3_282.lus,base,33.557,1,70,5,0,0,Not Found,timeout,5,290.117
/home/ubuntu/Lustre-exp/kind2-benchmarks/FMCAD08/Int32/memory1/DRAGON_11_e3_382_e1_505.lus,base,24.650,1,57,4,0,0,Not Found,timeout,4,290.116
/home/ubuntu/Lustre-exp/kind2-benchmarks/FMCAD08/Int32/memory1/DRAGON_11_e3_382_e4_4421.lus,base,33.653,1,58,4,0,0,Not Found,timeout,4,290.117
/home/ubuntu/Lustre-exp/kind2-benchmarks/FMCAD08/Int32/memory1/DRAGON_13_e7_2336_e1_541.lus,l1l2,0.034,0,2,0,0,0,Not Found,invalid,Not Found,0.429
/home/ubuntu/Lustre-exp/kind2-benchmarks/FMCAD08/Int32/memory1/DRAGON_13_e7_2336_e2_1255.lus,l1l2,0.033,0,2,0,0,0,Not Found,invalid,Not Found,0.432
/home/ubuntu/Lustre-exp/kind2-benchmarks/FMCAD08/Int32/memory1/DRAGON_13_e7_2336_e3_3117.lus,l1l2,0.042,0,2,0,0,0,Not Found,invalid,Not Found,0.440
/home/ubuntu/Lustre-exp/kind2-benchmarks/FMCAD08/Int32/memory1/DRAGON_13_e7_2336_e7_685.lus,l2l1,0.039,0,2,0,0,0,Not Found,invalid,Not Found,0.439
/home/ubuntu/Lustre-exp/kind2-benchmarks/FMCAD08/Int32/memory1/DRAGON_13_e7_2336.lus,l1l2,0.031,0,2,0,0,0,Not Found,invalid,Not Found,0.431
/home/ubuntu/Lustre-exp/kind2-benchmarks/FMCAD08/Int32/memory1/DRAGON_11.lus,base,16.509,1,58,4,0,0,Not Found,timeout,4,290.116
/home/ubuntu/Lustre-exp/kind2-benchmarks/FMCAD08/Int32/memory1/DRAGON_12_e2_1618_e1_6030.lus,base,0.424,1,43,3,0,0,Not Found,timeout,3,290.116
/home/ubuntu/Lustre-exp/kind2-benchmarks/FMCAD08/Int32/memory1/DRAGON_12_e2_1618_e2_138.lus,base,9.710,1,63,5,0,0,Not Found,timeout,5,290.117
/home/ubuntu/Lustre-exp/kind2-benchmarks/FMCAD08/Int32/memory1/DRAGON_12_e2_1618_e3_2012.lus,base,0.749,1,52,4,0,0,Not Found,timeout,4,290.121
/home/ubuntu/Lustre-exp/kind2-benchmarks/FMCAD08/Int32/memory1/DRAGON_12_e2_1618.lus,base,0.579,1,54,4,0,0,Not Found,timeout,4,290.115
/home/ubuntu/Lustre-exp/kind2-benchmarks/FMCAD08/Int32/memory1/DRAGON_12.lus,base,0.494,1,41,3,0,0,Not Found,timeout,3,290.130
/home/ubuntu/Lustre-exp/kind2-benchmarks/FMCAD08/Int32/memory1/DRAGON_14_e7_3162_e2_753.lus,l1l2,38.991,2,253,10,1,0,Not Found,invalid,9 4,39.712
/home/ubuntu/Lustre-exp/kind2-benchmarks/FMCAD08/Int32/memory1/DRAGON_14_e7_3162_e3_4298.lus,l1l2,18.283,2,194,10,1,0,Not Found,invalid,7 2,19.008
/home/ubuntu/Lustre-exp/kind2-benchmarks/FMCAD08/Int32/memory1/DRAGON_14_e7_3162_e7_3528.lus,l2l1,2.445,1,92,7,0,0,Not Found,invalid,7,11.696
/home/ubuntu/Lustre-exp/kind2-benchmarks/FMCAD08/Int32/memory1/DRAGON_13_e3_1418_e3_2761.lus,base,0.660,1,99,7,0,0,Not Found,timeout,7,290.223
/home/ubuntu/Lustre-exp/kind2-benchmarks/FMCAD08/Int32/memory1/DRAGON_13.lus,base,0.780,1,93,7,0,0,Not Found,timeout,7,290.200
/home/ubuntu/Lustre-exp/kind2-benchmarks/FMCAD08/Int32/memory1/DRAGON_1_e1_14612_e1_268_e7_501.lus,l2l1,0.176,2,23,1,0,0,Not Found,valid,1,0.492
/home/ubuntu/Lustre-exp/kind2-benchmarks/FMCAD08/Int32/memory1/DRAGON_1_e1_14612_e2_2653_e7_4370.lus,l2l1,0.124,2,29,1,0,0,Not Found,valid,1,0.490
/home/ubuntu/Lustre-exp/kind2-benchmarks/FMCAD08/Int32/memory1/DRAGON_1_e1_3184_e7_1888.lus,l2l1,0.153,2,23,1,0,0,Not Found,valid,1,0.492
/home/ubuntu/Lustre-exp/kind2-benchmarks/FMCAD08/Int32/memory1/DRAGON_14_e1_5710.lus,base,5.703,1,109,7,0,0,Not Found,timeout,7,290.119
/home/ubuntu/Lustre-exp/kind2-benchmarks/FMCAD08/Int32/memory1/DRAGON_1_e1_5070.lus,l2l1,0.282,2,42,2,0,0,Not Found,valid,2,0.641
/home/ubuntu/Lustre-exp/kind2-benchmarks/FMCAD08/Int32/memory1/DRAGON_1_e2_1997_e7_3613_e2_3409.lus,l1l2,0.116,2,23,1,0,0,Not Found,valid,1,0.501
/home/ubuntu/Lustre-exp/kind2-benchmarks/FMCAD08/Int32/memory1/DRAGON_1_e2_1997.lus,l2l1,0.161,1,17,1,0,0,Not Found,valid,0,0.503
/home/ubuntu/Lustre-exp/kind2-benchmarks/FMCAD08/Int32/memory1/DRAGON_1_e3_11891_e7_4569_e4_4881.lus,l1l2,0.187,2,46,2,0,0,Not Found,valid,2,0.571
/home/ubuntu/Lustre-exp/kind2-benchmarks/FMCAD08/Int32/memory1/DRAGON_1.lus,l1l2,0.148,2,36,2,0,0,Not Found,valid,2,0.521
/home/ubuntu/Lustre-exp/kind2-benchmarks/FMCAD08/Int32/memory1/DRAGON_14_e2_3606.lus,base,81.292,2,416,14,3,0,Not Found,timeout,17 10,290.117
/home/ubuntu/Lustre-exp/kind2-benchmarks/FMCAD08/Int32/memory1/DRAGON_14_e3_1259_e1_5798.lus,base,4.128,1,95,6,0,0,Not Found,timeout,6,290.124
/home/ubuntu/Lustre-exp/kind2-benchmarks/FMCAD08/Int32/memory1/DRAGON_14_e3_5120.lus,base,126.879,2,435,14,3,0,Not Found,timeout,17 10,290.119
/home/ubuntu/Lustre-exp/kind2-benchmarks/FMCAD08/Int32/memory1/DRAGON_14_e7_3162_e1_3998.lus,base,5.730,1,120,8,0,0,Not Found,timeout,8,290.119
/home/ubuntu/Lustre-exp/kind2-benchmarks/FMCAD08/Int32/memory1/DRAGON_2_e7_25_e1_154.lus,l2l1,0.045,0,2,0,0,0,Not Found,invalid,Not Found,0.434
/home/ubuntu/Lustre-exp/kind2-benchmarks/FMCAD08/Int32/memory1/DRAGON_2_e7_25_e2_5340.lus,l2l1,0.044,0,2,0,0,0,Not Found,invalid,Not Found,0.428
/home/ubuntu/Lustre-exp/kind2-benchmarks/FMCAD08/Int32/memory1/DRAGON_2_e7_25_e3_829.lus,l2l1,0.044,0,2,0,0,0,Not Found,invalid,Not Found,0.436
/home/ubuntu/Lustre-exp/kind2-benchmarks/FMCAD08/Int32/memory1/DRAGON_2_e7_25_e7_4469.lus,l2l1,0.044,0,2,0,0,0,Not Found,invalid,Not Found,0.432
/home/ubuntu/Lustre-exp/kind2-benchmarks/FMCAD08/Int32/memory1/DRAGON_14_e7_3162.lus,base,2.667,1,98,7,0,0,Not Found,timeout,7,290.126
/home/ubuntu/Lustre-exp/kind2-benchmarks/FMCAD08/Int32/memory1/DRAGON_2_e7_25.lus,l1l2,0.036,0,2,0,0,0,Not Found,invalid,Not Found,0.432
/home/ubuntu/Lustre-exp/kind2-benchmarks/FMCAD08/Int32/memory1/DRAGON_14.lus,base,54.620,2,361,12,3,0,Not Found,timeout,15 8,290.117
/home/ubuntu/Lustre-exp/kind2-benchmarks/FMCAD08/Int32/memory1/DRAGON_2_e1_2316.lus,base,Not Found,Not Found,Not Found,Not Found,Not Found,Not Found,Not Found,timeout,Not Found,290.115
/home/ubuntu/Lustre-exp/kind2-benchmarks/FMCAD08/Int32/memory1/DRAGON_2_e2_3183_e1_2644.lus,base,Not Found,Not Found,Not Found,Not Found,Not Found,Not Found,Not Found,timeout,Not Found,290.115
/home/ubuntu/Lustre-exp/kind2-benchmarks/FMCAD08/Int32/memory1/DRAGON_2_e2_3183_e2_3580.lus,base,Not Found,Not Found,Not Found,Not Found,Not Found,Not Found,Not Found,timeout,Not Found,290.116
/home/ubuntu/Lustre-exp/kind2-benchmarks/FMCAD08/Int32/memory1/DRAGON_3_e1_4783_e7_4070.lus,l1l2,0.080,0,2,0,0,0,Not Found,invalid,Not Found,0.473
/home/ubuntu/Lustre-exp/kind2-benchmarks/FMCAD08/Int32/memory1/DRAGON_2_e2_3183_e3_5972.lus,base,Not Found,Not Found,Not Found,Not Found,Not Found,Not Found,Not Found,timeout,Not Found,290.117
/home/ubuntu/Lustre-exp/kind2-benchmarks/FMCAD08/Int32/memory1/DRAGON_2_e2_4481.lus,base,Not Found,Not Found,Not Found,Not Found,Not Found,Not Found,Not Found,timeout,Not Found,290.117
/home/ubuntu/Lustre-exp/kind2-benchmarks/FMCAD08/Int32/memory1/DRAGON_2_e7_25_e8_3171.lus,base,Not Found,Not Found,Not Found,Not Found,Not Found,Not Found,Not Found,timeout,Not Found,290.113
/home/ubuntu/Lustre-exp/kind2-benchmarks/FMCAD08/Int32/memory1/DRAGON_2.lus,base,Not Found,Not Found,Not Found,Not Found,Not Found,Not Found,Not Found,timeout,Not Found,290.115
/home/ubuntu/Lustre-exp/kind2-benchmarks/FMCAD08/Int32/memory1/DRAGON_3_e1_4783_e1_3755.lus,base,Not Found,Not Found,Not Found,Not Found,Not Found,Not Found,Not Found,timeout,Not Found,290.116
/home/ubuntu/Lustre-exp/kind2-benchmarks/FMCAD08/Int32/memory1/DRAGON_3_e7_4884.lus,l1l2,0.067,0,2,0,0,0,Not Found,invalid,Not Found,0.463
/home/ubuntu/Lustre-exp/kind2-benchmarks/FMCAD08/Int32/memory1/DRAGON_3_e1_4783_e2_158.lus,base,Not Found,Not Found,Not Found,Not Found,Not Found,Not Found,Not Found,timeout,Not Found,290.116
/home/ubuntu/Lustre-exp/kind2-benchmarks/FMCAD08/Int32/memory1/DRAGON_3_e1_4783_e3_511.lus,base,Not Found,Not Found,Not Found,Not Found,Not Found,Not Found,Not Found,timeout,Not Found,290.117
/home/ubuntu/Lustre-exp/kind2-benchmarks/FMCAD08/Int32/memory1/DRAGON_3_e1_4783.lus,base,Not Found,Not Found,Not Found,Not Found,Not Found,Not Found,Not Found,timeout,Not Found,290.114
/home/ubuntu/Lustre-exp/kind2-benchmarks/FMCAD08/Int32/memory1/DRAGON_3_e2_5343_e1_988.lus,base,Not Found,Not Found,Not Found,Not Found,Not Found,Not Found,Not Found,timeout,Not Found,290.115
/home/ubuntu/Lustre-exp/kind2-benchmarks/FMCAD08/Int32/memory1/DRAGON_3_e3_3846.lus,base,Not Found,Not Found,Not Found,Not Found,Not Found,Not Found,Not Found,timeout,Not Found,290.116
/home/ubuntu/Lustre-exp/kind2-benchmarks/FMCAD08/Int32/memory1/DRAGON_4_e2_2799_e7_2499.lus,l2l1,0.234,1,31,3,0,0,Not Found,invalid,1,0.613
/home/ubuntu/Lustre-exp/kind2-benchmarks/FMCAD08/Int32/memory1/DRAGON_3_e3_5422_e1_2288.lus,base,Not Found,Not Found,Not Found,Not Found,Not Found,Not Found,Not Found,timeout,Not Found,290.114
/home/ubuntu/Lustre-exp/kind2-benchmarks/FMCAD08/Int32/memory1/DRAGON_3_e3_5422_e2_3135.lus,base,Not Found,Not Found,Not Found,Not Found,Not Found,Not Found,Not Found,timeout,Not Found,290.115
/home/ubuntu/Lustre-exp/kind2-benchmarks/FMCAD08/Int32/memory1/DRAGON_3.lus,base,Not Found,Not Found,Not Found,Not Found,Not Found,Not Found,Not Found,timeout,Not Found,290.115
/home/ubuntu/Lustre-exp/kind2-benchmarks/FMCAD08/Int32/memory1/DRAGON_4_e7_2329_e3_4574.lus,l2l1,0.334,1,56,5,0,0,Not Found,invalid,3,0.734
/home/ubuntu/Lustre-exp/kind2-benchmarks/FMCAD08/Int32/memory1/DRAGON_4_e7_2329_e7_3856.lus,l1l2,0.336,1,54,5,0,0,Not Found,invalid,3,0.739
/home/ubuntu/Lustre-exp/kind2-benchmarks/FMCAD08/Int32/memory1/DRAGON_4_e7_2329.lus,l1l2,0.159,1,24,2,0,0,Not Found,invalid,0,0.549
/home/ubuntu/Lustre-exp/kind2-benchmarks/FMCAD08/Int32/memory1/DRAGON_4_e1_4312.lus,base,0.320,1,70,5,0,0,Not Found,timeout,5,290.210
/home/ubuntu/Lustre-exp/kind2-benchmarks/FMCAD08/Int32/memory1/DRAGON_4_e2_2799_e1_1303.lus,base,0.222,1,52,4,0,0,Not Found,timeout,4,290.203
/home/ubuntu/Lustre-exp/kind2-benchmarks/FMCAD08/Int32/memory1/DRAGON_4_e2_2799_e2_2251.lus,base,0.223,1,52,4,0,0,Not Found,timeout,4,290.227
/home/ubuntu/Lustre-exp/kind2-benchmarks/FMCAD08/Int32/memory1/DRAGON_5_e7_2017_e1_5832.lus,l2l1,0.424,1,53,4,0,0,Not Found,invalid,3,0.818
/home/ubuntu/Lustre-exp/kind2-benchmarks/FMCAD08/Int32/memory1/DRAGON_5_e7_2017_e2_664.lus,l1l2,0.538,1,50,4,0,0,Not Found,invalid,2,0.935
/home/ubuntu/Lustre-exp/kind2-benchmarks/FMCAD08/Int32/memory1/DRAGON_5_e7_2017_e3_1763.lus,l2l1,0.238,1,22,2,0,0,Not Found,invalid,0,0.638
/home/ubuntu/Lustre-exp/kind2-benchmarks/FMCAD08/Int32/memory1/DRAGON_5_e7_2017_e7_2326.lus,l2l1,0.245,1,29,3,0,0,Not Found,invalid,1,0.588
/home/ubuntu/Lustre-exp/kind2-benchmarks/FMCAD08/Int32/memory1/DRAGON_5_e7_2017.lus,l2l1,0.133,1,12,1,0,0,Not Found,invalid,0,0.539
/home/ubuntu/Lustre-exp/kind2-benchmarks/FMCAD08/Int32/memory1/DRAGON_4_e2_2799_e3_1915.lus,base,0.368,1,62,5,0,0,Not Found,timeout,5,290.262
/home/ubuntu/Lustre-exp/kind2-benchmarks/FMCAD08/Int32/memory1/DRAGON_6_e7_5046_e7_3623.lus,l2l1,0.095,1,14,1,0,0,Not Found,valid,1,0.774
/home/ubuntu/Lustre-exp/kind2-benchmarks/FMCAD08/Int32/memory1/DRAGON_6.lus,l2l1,0.109,2,27,1,0,0,Not Found,valid,1,0.463
/home/ubuntu/Lustre-exp/kind2-benchmarks/FMCAD08/Int32/memory1/DRAGON_4_e2_2799.lus,base,0.315,1,70,5,0,0,Not Found,timeout,5,290.225
/home/ubuntu/Lustre-exp/kind2-benchmarks/FMCAD08/Int32/memory1/DRAGON_4_e3_1540_e1_5048.lus,base,0.298,1,68,5,0,0,Not Found,timeout,5,290.212
/home/ubuntu/Lustre-exp/kind2-benchmarks/FMCAD08/Int32/memory1/DRAGON_5_e2_3018_e2_936.lus,l2l1,72.988,2,148,5,0,0,Not Found,valid,6 4,165.762
/home/ubuntu/Lustre-exp/kind2-benchmarks/FMCAD08/Int32/memory1/DRAGON_4_e3_4133.lus,base,0.223,1,52,4,0,0,Not Found,timeout,4,290.234
/home/ubuntu/Lustre-exp/kind2-benchmarks/FMCAD08/Int32/memory1/DRAGON_5.lus,l1l2,145.888,4,338,7,1,0,Not Found,valid,8 6 3,154.570
/home/ubuntu/Lustre-exp/kind2-benchmarks/FMCAD08/Int32/memory1/DRAGON_4.lus,base,0.262,1,62,5,0,0,Not Found,timeout,5,290.197
/home/ubuntu/Lustre-exp/kind2-benchmarks/FMCAD08/Int32/memory1/DRAGON_5_e1_1835.lus,l2l1,141.762,2,146,5,0,0,Not Found,valid,5 3,192.618
/home/ubuntu/Lustre-exp/kind2-benchmarks/FMCAD08/Int32/memory1/DRAGON_7_e2_2872_e2_5844.lus,base,4.162,1,41,3,0,0,Not Found,timeout,3,290.117
/home/ubuntu/Lustre-exp/kind2-benchmarks/FMCAD08/Int32/memory1/DRAGON_7_e2_2872_e3_2640.lus,base,11.405,1,41,3,0,0,Not Found,timeout,3,290.118
/home/ubuntu/Lustre-exp/kind2-benchmarks/FMCAD08/Int32/memory1/DRAGON_7_e7_3157_e2_2082.lus,base,9.724,1,41,3,0,0,Not Found,timeout,3,290.118
/home/ubuntu/Lustre-exp/kind2-benchmarks/FMCAD08/Int32/memory1/DRAGON_7.lus,base,7.170,1,41,3,0,0,Not Found,timeout,3,290.124
/home/ubuntu/Lustre-exp/kind2-benchmarks/FMCAD08/Int32/memory1/DRAGON_8_e2_3896_e3_3125.lus,base,0.258,1,29,2,0,0,Not Found,timeout,2,290.146
/home/ubuntu/Lustre-exp/kind2-benchmarks/FMCAD08/Int32/memory1/DRAGON_8_e3_786_e7_4541.lus,base,7.849,2,247,8,1,0,Not Found,timeout,13 7,290.119
/home/ubuntu/Lustre-exp/kind2-benchmarks/FMCAD08/Int32/memory1/DRAGON_8_e3_786.lus,base,195.165,3,698,12,2,1,Not Found,timeout,19 15 5,290.117
/home/ubuntu/Lustre-exp/kind2-benchmarks/FMCAD08/Int32/memory1/DRAGON_8_e7_3752.lus,base,0.248,1,29,2,0,0,Not Found,timeout,2,290.149
/home/ubuntu/Lustre-exp/kind2-benchmarks/FMCAD08/Int32/memory1/DRAGON_all2_e2_2073_e8_3691.lus,l1l2,0.101,0,2,0,0,0,Not Found,invalid,Not Found,0.521
/home/ubuntu/Lustre-exp/kind2-benchmarks/FMCAD08/Int32/memory1/DRAGON_8.lus,base,48.899,2,226,7,1,0,Not Found,timeout,11 6,290.116
/home/ubuntu/Lustre-exp/kind2-benchmarks/FMCAD08/Int32/memory1/DRAGON_9_e7_1843_e1_5434.lus,base,0.133,1,27,2,0,0,Not Found,timeout,2,290.131
/home/ubuntu/Lustre-exp/kind2-benchmarks/FMCAD08/Int32/memory1/DRAGON_9_e7_1843_e2_1145.lus,base,29.470,3,318,5,1,0,Not Found,timeout,7 6 3,290.125
/home/ubuntu/Lustre-exp/kind2-benchmarks/FMCAD08/Int32/memory1/DRAGON_9_e7_1843_e3_5316.lus,base,0.150,1,29,2,0,0,Not Found,timeout,2,290.170
/home/ubuntu/Lustre-exp/kind2-benchmarks/FMCAD08/Int32/memory1/DRAGON_9_e7_1843_e7_2225.lus,base,198.678,7,2470,23,1,0,Not Found,timeout,22 21 20 19 18 17 16,290.159
/home/ubuntu/Lustre-exp/kind2-benchmarks/FMCAD08/Int32/memory1/DRAGON_all2_e3_4612_e8_5861.lus,l2l1,0.058,0,2,0,0,0,Not Found,invalid,Not Found,0.463
/home/ubuntu/Lustre-exp/kind2-benchmarks/FMCAD08/Int32/memory1/DRAGON_all2_e7_5406_e1_6690.lus,l2l1,0.059,0,2,0,0,0,Not Found,invalid,Not Found,0.491
/home/ubuntu/Lustre-exp/kind2-benchmarks/FMCAD08/Int32/memory1/DRAGON_all2_e7_5406_e2_3084.lus,l2l1,0.058,0,2,0,0,0,Not Found,invalid,Not Found,0.482
/home/ubuntu/Lustre-exp/kind2-benchmarks/FMCAD08/Int32/memory1/DRAGON_all2_e7_5406_e3_506.lus,l2l1,0.059,0,2,0,0,0,Not Found,invalid,Not Found,0.472
/home/ubuntu/Lustre-exp/kind2-benchmarks/FMCAD08/Int32/memory1/DRAGON_9_e7_1843.lus,base,0.151,1,31,2,0,0,Not Found,timeout,2,290.138
/home/ubuntu/Lustre-exp/kind2-benchmarks/FMCAD08/Int32/memory1/DRAGON_all2_e7_5406_e7_6697.lus,l2l1,0.054,0,2,0,0,0,Not Found,invalid,Not Found,0.472
/home/ubuntu/Lustre-exp/kind2-benchmarks/FMCAD08/Int32/memory1/DRAGON_all2_e7_5406.lus,l1l2,0.083,0,2,0,0,0,Not Found,invalid,Not Found,0.510
/home/ubuntu/Lustre-exp/kind2-benchmarks/FMCAD08/Int32/memory1/DRAGON_all2_e8_4626.lus,l1l2,0.053,0,2,0,0,0,Not Found,invalid,Not Found,0.498
/home/ubuntu/Lustre-exp/kind2-benchmarks/FMCAD08/Int32/memory1/DRAGON_all2_e8_5504_e7_579.lus,l2l1,0.055,0,2,0,0,0,Not Found,invalid,Not Found,0.467
/home/ubuntu/Lustre-exp/kind2-benchmarks/FMCAD08/Int32/memory1/DRAGON_all2_e8_5504_e1_4719.lus,l2l1,0.104,0,2,0,0,0,Not Found,invalid,Not Found,0.523
/home/ubuntu/Lustre-exp/kind2-benchmarks/FMCAD08/Int32/memory1/DRAGON_9.lus,base,0.129,1,29,2,0,0,Not Found,timeout,2,290.195
/home/ubuntu/Lustre-exp/kind2-benchmarks/FMCAD08/Int32/memory1/DRAGON_all2_e3_4612_e1_6463.lus,base,63.118,1,397,17,0,0,Not Found,timeout,17,290.119
/home/ubuntu/Lustre-exp/kind2-benchmarks/FMCAD08/Int32/memory1/DRAGON_all2_e3_4612_e2_5774.lus,base,31.023,1,289,14,0,0,Not Found,timeout,14,290.117
/home/ubuntu/Lustre-exp/kind2-benchmarks/FMCAD08/Int32/memory1/DRAGON_all_e1_4022_e7_2886.lus,l2l1,0.051,0,2,0,0,0,Not Found,invalid,Not Found,0.434
/home/ubuntu/Lustre-exp/kind2-benchmarks/FMCAD08/Int32/memory1/DRAGON_all2_e3_4612_e3_1543.lus,base,50.801,1,302,14,0,0,Not Found,timeout,14,290.119
/home/ubuntu/Lustre-exp/kind2-benchmarks/FMCAD08/Int32/memory1/DRAGON_all2_e3_4612_e4_3719.lus,base,70.339,1,319,15,0,0,Not Found,timeout,15,290.120
/home/ubuntu/Lustre-exp/kind2-benchmarks/FMCAD08/Int32/memory1/DRAGON_all2_e3_4612_e5_3642.lus,base,44.225,1,341,15,0,0,Not Found,timeout,15,290.120
/home/ubuntu/Lustre-exp/kind2-benchmarks/FMCAD08/Int32/memory1/DRAGON_all2.lus,base,64.330,1,321,15,0,0,Not Found,timeout,15,290.119
/home/ubuntu/Lustre-exp/kind2-benchmarks/FMCAD08/Int32/memory1/DRAGON_all_e1_4022_e1_1759.lus,base,Not Found,Not Found,Not Found,Not Found,Not Found,Not Found,Not Found,timeout,Not Found,290.118
/home/ubuntu/Lustre-exp/kind2-benchmarks/FMCAD08/Int32/memory1/DRAGON_all_e1_4022_e2_267.lus,base,Not Found,Not Found,Not Found,Not Found,Not Found,Not Found,Not Found,timeout,Not Found,290.116
/home/ubuntu/Lustre-exp/kind2-benchmarks/FMCAD08/Int32/memory1/DRAGON_all_e1_4022_e3_3628.lus,base,Not Found,Not Found,Not Found,Not Found,Not Found,Not Found,Not Found,timeout,Not Found,290.117
/home/ubuntu/Lustre-exp/kind2-benchmarks/FMCAD08/Int32/memory1/DRAGON_all_e1_4037.lus,base,Not Found,Not Found,Not Found,Not Found,Not Found,Not Found,Not Found,timeout,Not Found,290.114
/home/ubuntu/Lustre-exp/kind2-benchmarks/FMCAD08/Int32/memory1/DRAGON_all_e2_6104_e1_6205.lus,base,Not Found,Not Found,Not Found,Not Found,Not Found,Not Found,Not Found,timeout,Not Found,290.115
/home/ubuntu/Lustre-exp/kind2-benchmarks/FMCAD08/Int32/memory1/DRAGON_all_e2_6104_e2_3308.lus,base,Not Found,Not Found,Not Found,Not Found,Not Found,Not Found,Not Found,timeout,Not Found,290.116
/home/ubuntu/Lustre-exp/kind2-benchmarks/FMCAD08/Int32/memory1/DRAGON_all_e7_1941_e2_6086.lus,l2l1,0.049,0,2,0,0,0,Not Found,invalid,Not Found,0.457
/home/ubuntu/Lustre-exp/kind2-benchmarks/FMCAD08/Int32/memory1/DRAGON_all_e7_4065.lus,l1l2,0.047,0,2,0,0,0,Not Found,invalid,Not Found,0.455
/home/ubuntu/Lustre-exp/kind2-benchmarks/FMCAD08/Int32/memory1/DRAGON_all_e2_6104_e3_2607.lus,base,Not Found,Not Found,Not Found,Not Found,Not Found,Not Found,Not Found,timeout,Not Found,290.117
/home/ubuntu/Lustre-exp/kind2-benchmarks/FMCAD08/Int32/memory1/DRAGON_all_e2_6104.lus,base,Not Found,Not Found,Not Found,Not Found,Not Found,Not Found,Not Found,timeout,Not Found,290.115
/home/ubuntu/Lustre-exp/kind2-benchmarks/FMCAD08/Int32/memory1/DRAGON_all_e3_4821_e1_1318.lus,base,Not Found,Not Found,Not Found,Not Found,Not Found,Not Found,Not Found,timeout,Not Found,290.117
/home/ubuntu/Lustre-exp/kind2-benchmarks/FMCAD08/Int32/memory1/DRAGON_all_e3_4821_e2_1089.lus,base,Not Found,Not Found,Not Found,Not Found,Not Found,Not Found,Not Found,timeout,Not Found,290.116
/home/ubuntu/Lustre-exp/kind2-benchmarks/FMCAD08/Int32/memory1/DRAGON_all_e3_4821_e4_1791.lus,base,Not Found,Not Found,Not Found,Not Found,Not Found,Not Found,Not Found,timeout,Not Found,290.116
/home/ubuntu/Lustre-exp/kind2-benchmarks/FMCAD08/Int32/memory1/DRAGON_all_e3_4821_e5_1536.lus,base,Not Found,Not Found,Not Found,Not Found,Not Found,Not Found,Not Found,timeout,Not Found,290.115
/home/ubuntu/Lustre-exp/kind2-benchmarks/FMCAD08/Int32/memory1/DRAGON_all_e3_5957.lus,base,Not Found,Not Found,Not Found,Not Found,Not Found,Not Found,Not Found,timeout,Not Found,290.115
/home/ubuntu/Lustre-exp/kind2-benchmarks/FMCAD08/Int32/memory1/DRAGON_all.lus,base,Not Found,Not Found,Not Found,Not Found,Not Found,Not Found,Not Found,timeout,Not Found,290.115
/home/ubuntu/Lustre-exp/kind2-benchmarks/FMCAD08/Int32/memory1/FIREFLY_1_e1_1092_e1_1486.lus,l2l1,73.138,1,25,2,0,0,Not Found,invalid,0,73.824
/home/ubuntu/Lustre-exp/kind2-benchmarks/FMCAD08/Int32/memory1/FIREFLY_1_e1_1092_e7_1119.lus,l1l2,0.028,0,2,0,0,0,Not Found,invalid,Not Found,0.407
/home/ubuntu/Lustre-exp/kind2-benchmarks/FMCAD08/Int32/memory1/FIREFLY_1_e1_1092.lus,l2l1,39.359,1,36,3,0,0,Not Found,invalid,1,40.039
/home/ubuntu/Lustre-exp/kind2-benchmarks/FMCAD08/Int32/memory1/FIREFLY_10_e7_919_e2_3192.lus,base,0.092,1,29,2,0,0,Not Found,timeout,2,290.338
/home/ubuntu/Lustre-exp/kind2-benchmarks/FMCAD08/Int32/memory1/FIREFLY_11_e1_3457.lus,base,0.122,1,39,3,0,0,Not Found,timeout,3,290.175
/home/ubuntu/Lustre-exp/kind2-benchmarks/FMCAD08/Int32/memory1/FIREFLY_10.lus,base,0.148,2,91,4,1,0,Not Found,timeout,5 3,290.181
/home/ubuntu/Lustre-exp/kind2-benchmarks/FMCAD08/Int32/memory1/FIREFLY_1_e1_1092_e3_389.lus,l1l2,92.622,1,33,3,0,0,Not Found,invalid,1,93.309
/home/ubuntu/Lustre-exp/kind2-benchmarks/FMCAD08/Int32/memory1/FIREFLY_11_e3_2076_e1_1270.lus,base,0.088,1,25,2,0,0,Not Found,timeout,2,290.202
/home/ubuntu/Lustre-exp/kind2-benchmarks/FMCAD08/Int32/memory1/FIREFLY_3_e2_2236_e3_2657.lus,l1l2,0.115,1,22,2,0,0,Not Found,invalid,0,0.503
/home/ubuntu/Lustre-exp/kind2-benchmarks/FMCAD08/Int32/memory1/FIREFLY_11.lus,base,0.086,1,25,2,0,0,Not Found,timeout,2,290.225
/home/ubuntu/Lustre-exp/kind2-benchmarks/FMCAD08/Int32/memory1/FIREFLY_2_e3_151_e3_1540.lus,l2l1,96.286,1,30,3,0,0,Not Found,invalid,1,96.978
/home/ubuntu/Lustre-exp/kind2-benchmarks/FMCAD08/Int32/memory1/FIREFLY_1_e1_1092_e2_1853.lus,base,Not Found,Not Found,Not Found,Not Found,Not Found,Not Found,Not Found,timeout,Not Found,290.117
/home/ubuntu/Lustre-exp/kind2-benchmarks/FMCAD08/Int32/memory1/FIREFLY_1.lus,base,266.500,1,27,2,0,0,Not Found,timeout,2,290.114
/home/ubuntu/Lustre-exp/kind2-benchmarks/FMCAD08/Int32/memory1/FIREFLY_2.lus,base,Not Found,Not Found,Not Found,Not Found,Not Found,Not Found,Not Found,timeout,Not Found,290.121
/home/ubuntu/Lustre-exp/kind2-benchmarks/FMCAD08/Int32/memory1/FIREFLY_3_e2_2236_e1_2305.lus,base,0.232,1,52,4,0,0,Not Found,timeout,4,290.147
/home/ubuntu/Lustre-exp/kind2-benchmarks/FMCAD08/Int32/memory1/FIREFLY_3_e2_2236_e2_1058.lus,base,202.544,2,1165,23,2,0,Not Found,timeout,34 15,290.119
/home/ubuntu/Lustre-exp/kind2-benchmarks/FMCAD08/Int32/memory1/FIREFLY_3_e2_2236_e7_3681.lus,base,15.529,2,693,16,2,0,Not Found,timeout,25 13,290.122
/home/ubuntu/Lustre-exp/kind2-benchmarks/FMCAD08/Int32/memory1/FIREFLY_4_e3_3511_e7_3568.lus,l2l1,0.082,0,2,0,0,0,Not Found,invalid,Not Found,0.450
/home/ubuntu/Lustre-exp/kind2-benchmarks/FMCAD08/Int32/memory1/FIREFLY_3_e2_2236.lus,base,0.149,1,48,4,0,0,Not Found,timeout,4,290.133
/home/ubuntu/Lustre-exp/kind2-benchmarks/FMCAD08/Int32/memory1/FIREFLY_3.lus,base,45.776,2,324,10,2,0,Not Found,timeout,13 7,290.118
/home/ubuntu/Lustre-exp/kind2-benchmarks/FMCAD08/Int32/memory1/FIREFLY_4_e3_3511_e1_2375.lus,base,Not Found,Not Found,Not Found,Not Found,Not Found,Not Found,Not Found,timeout,Not Found,290.116
/home/ubuntu/Lustre-exp/kind2-benchmarks/FMCAD08/Int32/memory1/FIREFLY_4_e3_3511_e2_1923.lus,base,Not Found,Not Found,Not Found,Not Found,Not Found,Not Found,Not Found,timeout,Not Found,290.115
/home/ubuntu/Lustre-exp/kind2-benchmarks/FMCAD08/Int32/memory1/FIREFLY_4_e3_3511_e3_422.lus,base,Not Found,Not Found,Not Found,Not Found,Not Found,Not Found,Not Found,timeout,Not Found,290.118
/home/ubuntu/Lustre-exp/kind2-benchmarks/FMCAD08/Int32/memory1/FIREFLY_4_e3_3511_e4_1464.lus,base,Not Found,Not Found,Not Found,Not Found,Not Found,Not Found,Not Found,timeout,Not Found,290.117
/home/ubuntu/Lustre-exp/kind2-benchmarks/FMCAD08/Int32/memory1/FIREFLY_4_e3_3511_e5_3248.lus,base,Not Found,Not Found,Not Found,Not Found,Not Found,Not Found,Not Found,timeout,Not Found,290.116
/home/ubuntu/Lustre-exp/kind2-benchmarks/FMCAD08/Int32/memory1/FIREFLY_4_e3_3511.lus,base,Not Found,Not Found,Not Found,Not Found,Not Found,Not Found,Not Found,timeout,Not Found,290.116
/home/ubuntu/Lustre-exp/kind2-benchmarks/FMCAD08/Int32/memory1/FIREFLY_4.lus,base,Not Found,Not Found,Not Found,Not Found,Not Found,Not Found,Not Found,timeout,Not Found,290.116
/home/ubuntu/Lustre-exp/kind2-benchmarks/FMCAD08/Int32/memory1/FIREFLY_5_e1_2552_e7_1169.lus,base,0.093,1,29,2,0,0,Not Found,timeout,2,290.177
/home/ubuntu/Lustre-exp/kind2-benchmarks/FMCAD08/Int32/memory1/FIREFLY_6.lus,l2l1,4.880,4,681,12,2,3,Not Found,valid,17 15 10 5,7.095
/home/ubuntu/Lustre-exp/kind2-benchmarks/FMCAD08/Int32/memory1/FIREFLY_5_e2_2229.lus,base,0.087,1,27,2,0,0,Not Found,timeout,2,290.216
/home/ubuntu/Lustre-exp/kind2-benchmarks/FMCAD08/Int32/memory1/FIREFLY_8_e2_1711_e1_1489.lus,l1l2,0.069,2,27,1,0,0,Not Found,valid,1,0.432
/home/ubuntu/Lustre-exp/kind2-benchmarks/FMCAD08/Int32/memory1/FIREFLY_8_e2_1711_e2_2673.lus,l1l2,0.065,2,27,1,0,0,Not Found,valid,1,0.426
/home/ubuntu/Lustre-exp/kind2-benchmarks/FMCAD08/Int32/memory1/FIREFLY_8_e2_1711_e3_1753.lus,l2l1,0.081,2,27,1,0,0,Not Found,valid,1,0.426
/home/ubuntu/Lustre-exp/kind2-benchmarks/FMCAD08/Int32/memory1/FIREFLY_8_e2_1711_e7_1962.lus,l2l1,0.024,0,2,0,0,0,Not Found,invalid,Not Found,0.394
/home/ubuntu/Lustre-exp/kind2-benchmarks/FMCAD08/Int32/memory1/FIREFLY_8_e2_1711.lus,l2l1,0.078,2,27,1,0,0,Not Found,valid,1,0.409
/home/ubuntu/Lustre-exp/kind2-benchmarks/FMCAD08/Int32/memory1/FIREFLY_8.lus,l2l1,0.072,2,27,1,0,0,Not Found,valid,1,0.425
/home/ubuntu/Lustre-exp/kind2-benchmarks/FMCAD08/Int32/memory1/FIREFLY_9_e7_170_e3_3647.lus,l1l2,0.436,2,26,1,0,0,Not Found,valid,1,0.794
/home/ubuntu/Lustre-exp/kind2-benchmarks/FMCAD08/Int32/memory1/FIREFLY_9.lus,l2l1,0.539,2,31,1,0,0,Not Found,valid,1,0.878
/home/ubuntu/Lustre-exp/kind2-benchmarks/FMCAD08/Int32/memory1/FIREFLY_5_e2_2884_e1_2678.lus,base,0.089,1,27,2,0,0,Not Found,timeout,2,290.224
/home/ubuntu/Lustre-exp/kind2-benchmarks/FMCAD08/Int32/memory1/FIREFLY_a3_e1_3233_e1_3123.lus,l2l1,70.719,1,80,6,0,0,Not Found,invalid,4,71.421
/home/ubuntu/Lustre-exp/kind2-benchmarks/FMCAD08/Int32/memory1/FIREFLY_5_e2_2884_e2_1492.lus,base,0.099,1,27,2,0,0,Not Found,timeout,2,290.219
/home/ubuntu/Lustre-exp/kind2-benchmarks/FMCAD08/Int32/memory1/FIREFLY_5_e2_2884_e3_1882.lus,base,0.093,1,27,2,0,0,Not Found,timeout,2,290.230
/home/ubuntu/Lustre-exp/kind2-benchmarks/FMCAD08/Int32/memory1/FIREFLY_a3_e1_3233_e7_906.lus,l2l1,0.033,0,2,0,0,0,Not Found,invalid,Not Found,0.411
/home/ubuntu/Lustre-exp/kind2-benchmarks/FMCAD08/Int32/memory1/FIREFLY_5_e2_2884_e7_3594.lus,base,0.081,1,23,2,0,0,Not Found,timeout,2,290.169
/home/ubuntu/Lustre-exp/kind2-benchmarks/FMCAD08/Int32/memory1/FIREFLY_5.lus,base,0.081,1,27,2,0,0,Not Found,timeout,2,290.208
/home/ubuntu/Lustre-exp/kind2-benchmarks/FMCAD08/Int32/memory1/FIREFLY_6_e2_3302.lus,base,52.499001,3,700,7,1,0,Not Found,timeout,11 8 3,290.405
/home/ubuntu/Lustre-exp/kind2-benchmarks/FMCAD08/Int32/memory1/FIREFLY_a3_e2_2086_e7_2614.lus,l2l1,0.030,0,2,0,0,0,Not Found,invalid,Not Found,0.399
/home/ubuntu/Lustre-exp/kind2-benchmarks/FMCAD08/Int32/memory1/FIREFLY_a3_e1_3233.lus,l1l2,37.616,1,183,10,0,0,Not Found,invalid,8,38.333
/home/ubuntu/Lustre-exp/kind2-benchmarks/FMCAD08/Int32/memory1/FIREFLY_7.lus,base,1.440,1,63,4,0,0,Not Found,timeout,4,290.136
/home/ubuntu/Lustre-exp/kind2-benchmarks/FMCAD08/Int32/memory1/FIREFLY_a3_e1_3233_e2_2392.lus,base,Not Found,Not Found,Not Found,Not Found,Not Found,Not Found,Not Found,timeout,Not Found,290.119
/home/ubuntu/Lustre-exp/kind2-benchmarks/FMCAD08/Int32/memory1/FIREFLY_a3_e1_3233_e3_2970.lus,base,Not Found,Not Found,Not Found,Not Found,Not Found,Not Found,Not Found,timeout,Not Found,290.116
/home/ubuntu/Lustre-exp/kind2-benchmarks/FMCAD08/Int32/memory1/FIREFLY_a3_e2_2086_e1_3235.lus,base,Not Found,Not Found,Not Found,Not Found,Not Found,Not Found,Not Found,timeout,Not Found,290.117
/home/ubuntu/Lustre-exp/kind2-benchmarks/FMCAD08/Int32/memory1/FIREFLY_all_e1_1207_e1_1201.lus,l1l2,0.230,1,23,2,0,0,Not Found,invalid,0,0.609
/home/ubuntu/Lustre-exp/kind2-benchmarks/FMCAD08/Int32/memory1/FIREFLY_a3_e2_2086_e2_2689.lus,base,Not Found,Not Found,Not Found,Not Found,Not Found,Not Found,Not Found,timeout,Not Found,290.115
/home/ubuntu/Lustre-exp/kind2-benchmarks/FMCAD08/Int32/memory1/FIREFLY_a3_e2_2086_e3_2542.lus,base,Not Found,Not Found,Not Found,Not Found,Not Found,Not Found,Not Found,timeout,Not Found,290.116
/home/ubuntu/Lustre-exp/kind2-benchmarks/FMCAD08/Int32/memory1/FIREFLY_all_e1_1207_e7_156.lus,l1l2,0.034,0,2,0,0,0,Not Found,invalid,Not Found,0.408
/home/ubuntu/Lustre-exp/kind2-benchmarks/FMCAD08/Int32/memory1/FIREFLY_a3_e2_2952.lus,base,Not Found,Not Found,Not Found,Not Found,Not Found,Not Found,Not Found,timeout,Not Found,290.116
/home/ubuntu/Lustre-exp/kind2-benchmarks/FMCAD08/Int32/memory1/FIREFLY_a3_e3_314_e1_1979.lus,base,Not Found,Not Found,Not Found,Not Found,Not Found,Not Found,Not Found,timeout,Not Found,290.114
/home/ubuntu/Lustre-exp/kind2-benchmarks/FMCAD08/Int32/memory1/FIREFLY_a3_e3_314_e2_2812.lus,base,Not Found,Not Found,Not Found,Not Found,Not Found,Not Found,Not Found,timeout,Not Found,290.117
/home/ubuntu/Lustre-exp/kind2-benchmarks/FMCAD08/Int32/memory1/FIREFLY_all_e1_1207_e3_1928.lus,l1l2,104.961,1,81,6,0,0,Not Found,invalid,4,105.648
/home/ubuntu/Lustre-exp/kind2-benchmarks/FMCAD08/Int32/memory1/FIREFLY_all_e2_2924_e7_3371.lus,l1l2,0.026,0,2,0,0,0,Not Found,invalid,Not Found,0.396
/home/ubuntu/Lustre-exp/kind2-benchmarks/FMCAD08/Int32/memory1/FIREFLY_all_e2_3678.lus,l1l2,128.215,1,196,10,0,0,Not Found,invalid,8,128.907
/home/ubuntu/Lustre-exp/kind2-benchmarks/FMCAD08/Int32/memory1/FIREFLY_a3_e3_314_e4_897.lus,base,Not Found,Not Found,Not Found,Not Found,Not Found,Not Found,Not Found,timeout,Not Found,290.115
/home/ubuntu/Lustre-exp/kind2-benchmarks/FMCAD08/Int32/memory1/FIREFLY_a3.lus,base,Not Found,Not Found,Not Found,Not Found,Not Found,Not Found,Not Found,timeout,Not Found,290.116
/home/ubuntu/Lustre-exp/kind2-benchmarks/FMCAD08/Int32/memory1/FIREFLY_all_e3_1600_e1_667.lus,l1l2,37.978,1,70,5,0,0,Not Found,invalid,3,38.657
/home/ubuntu/Lustre-exp/kind2-benchmarks/FMCAD08/Int32/memory1/FIREFLY_all_e3_1600_e3_2055.lus,l2l1,10.959,1,91,6,0,0,Not Found,invalid,4,11.642
/home/ubuntu/Lustre-exp/kind2-benchmarks/FMCAD08/Int32/memory1/FIREFLY_all_e1_1207_e2_3220.lus,base,Not Found,Not Found,Not Found,Not Found,Not Found,Not Found,Not Found,timeout,Not Found,290.117
/home/ubuntu/Lustre-exp/kind2-benchmarks/FMCAD08/Int32/memory1/FIREFLY_all_e3_1600_e7_1607.lus,l1l2,0.025,0,2,0,0,0,Not Found,invalid,Not Found,0.401
/home/ubuntu/Lustre-exp/kind2-benchmarks/FMCAD08/Int32/memory1/FIREFLY_all_e3_3496.lus,l2l1,1.672,1,46,4,0,0,Not Found,invalid,2,1.940
/home/ubuntu/Lustre-exp/kind2-benchmarks/FMCAD08/Int32/memory1/FIREFLY_all_e7_1909.lus,l2l1,0.033,0,2,0,0,0,Not Found,invalid,Not Found,0.398
/home/ubuntu/Lustre-exp/kind2-benchmarks/FMCAD08/Int32/memory1/FIREFLY_all_e1_3406.lus,base,Not Found,Not Found,Not Found,Not Found,Not Found,Not Found,Not Found,timeout,Not Found,290.114
/home/ubuntu/Lustre-exp/kind2-benchmarks/FMCAD08/Int32/memory1/FIREFLY_all_e2_2924_e1_768.lus,base,Not Found,Not Found,Not Found,Not Found,Not Found,Not Found,Not Found,timeout,Not Found,290.116
/home/ubuntu/Lustre-exp/kind2-benchmarks/FMCAD08/Int32/memory1/FIREFLY_all_e3_1600_e2_676.lus,l2l1,76.145,1,91,6,0,0,Not Found,invalid,4,76.830
/home/ubuntu/Lustre-exp/kind2-benchmarks/FMCAD08/Int32/memory1/FIREFLY_all_e2_2924_e2_1767.lus,base,Not Found,Not Found,Not Found,Not Found,Not Found,Not Found,Not Found,timeout,Not Found,290.115
/home/ubuntu/Lustre-exp/kind2-benchmarks/FMCAD08/Int32/memory1/FIREFLY_all_e2_2924_e3_3946.lus,base,Not Found,Not Found,Not Found,Not Found,Not Found,Not Found,Not Found,timeout,Not Found,290.116
/home/ubuntu/Lustre-exp/kind2-benchmarks/FMCAD08/Int32/memory1/FIREFLY_all_e3_1600_e5_84.lus,l2l1,105.208,1,99,6,0,0,Not Found,invalid,4,105.895
/home/ubuntu/Lustre-exp/kind2-benchmarks/FMCAD08/Int32/memory1/FIREFLY_all_e3_1600_e4_2415.lus,base,Not Found,Not Found,Not Found,Not Found,Not Found,Not Found,Not Found,timeout,Not Found,290.115
/home/ubuntu/Lustre-exp/kind2-benchmarks/FMCAD08/Int32/memory1/FIREFLY_all.lus,base,Not Found,Not Found,Not Found,Not Found,Not Found,Not Found,Not Found,timeout,Not Found,290.115
/home/ubuntu/Lustre-exp/kind2-benchmarks/FMCAD08/Int32/memory1/FIREFLY_luke_1a_e2_284_e1_2924.lus,base,0.088,1,25,2,0,0,Not Found,timeout,2,290.193
/home/ubuntu/Lustre-exp/kind2-benchmarks/FMCAD08/Int32/memory1/FIREFLY_luke_1a_e2_284_e2_2755.lus,base,0.136,1,39,3,0,0,Not Found,timeout,3,290.207
/home/ubuntu/Lustre-exp/kind2-benchmarks/FMCAD08/Int32/memory1/FIREFLY_luke_1a_e2_284_e3_3091.lus,base,0.083,1,25,2,0,0,Not Found,timeout,2,290.171
/home/ubuntu/Lustre-exp/kind2-benchmarks/FMCAD08/Int32/memory1/FIREFLY_luke_1a_e2_284_e7_998.lus,base,0.099,1,21,2,0,0,Not Found,timeout,2,290.175
/home/ubuntu/Lustre-exp/kind2-benchmarks/FMCAD08/Int32/memory1/FIREFLY_luke_1b_e1_1139_e3_1839.lus,l2l1,42.389,1,34,3,0,0,Not Found,invalid,1,43.067
/home/ubuntu/Lustre-exp/kind2-benchmarks/FMCAD08/Int32/memory1/FIREFLY_luke_1b_e1_1139_e1_1565.lus,l2l1,86.923,1,34,3,0,0,Not Found,invalid,1,87.613
/home/ubuntu/Lustre-exp/kind2-benchmarks/FMCAD08/Int32/memory1/FIREFLY_luke_1a_e7_3042_e3_1213.lus,base,0.098,1,31,2,0,0,Not Found,timeout,2,290.196
/home/ubuntu/Lustre-exp/kind2-benchmarks/FMCAD08/Int32/memory1/FIREFLY_luke_1b_e3_671_e1_725.lus,l1l2,0.456,1,24,2,0,0,Not Found,invalid,0,1.131
/home/ubuntu/Lustre-exp/kind2-benchmarks/FMCAD08/Int32/memory1/FIREFLY_luke_1a.lus,base,0.137,1,39,3,0,0,Not Found,timeout,3,290.176
/home/ubuntu/Lustre-exp/kind2-benchmarks/FMCAD08/Int32/memory1/FIREFLY_luke_1b_e1_1691.lus,l2l1,98.487,1,34,3,0,0,Not Found,invalid,1,99.175
/home/ubuntu/Lustre-exp/kind2-benchmarks/FMCAD08/Int32/memory1/FIREFLY_luke_1b_e3_671_e4_147.lus,l2l1,13.171,1,27,2,0,0,Not Found,invalid,0,13.859
/home/ubuntu/Lustre-exp/kind2-benchmarks/FMCAD08/Int32/memory1/FIREFLY_luke_1b_e2_3049.lus,l2l1,56.898,1,34,3,0,0,Not Found,invalid,1,57.579
/home/ubuntu/Lustre-exp/kind2-benchmarks/FMCAD08/Int32/memory1/FIREFLY_luke_1b_e3_671_e3_941.lus,l1l2,39.480,1,33,3,0,0,Not Found,invalid,1,40.174
/home/ubuntu/Lustre-exp/kind2-benchmarks/FMCAD08/Int32/memory1/FIREFLY_luke_1b_e3_671_e7_1882.lus,l2l1,0.028,0,2,0,0,0,Not Found,invalid,Not Found,0.395
/home/ubuntu/Lustre-exp/kind2-benchmarks/FMCAD08/Int32/memory1/FIREFLY_luke_1b_e3_671.lus,l1l2,19.965,1,24,2,0,0,Not Found,invalid,0,20.662
/home/ubuntu/Lustre-exp/kind2-benchmarks/FMCAD08/Int32/memory1/FIREFLY_luke_1b_e7_2574.lus,l1l2,0.027,0,2,0,0,0,Not Found,invalid,Not Found,0.391
/home/ubuntu/Lustre-exp/kind2-benchmarks/FMCAD08/Int32/memory1/FIREFLY_luke_1b_e7_3191_e1_1303.lus,l2l1,0.029,0,2,0,0,0,Not Found,invalid,Not Found,0.393
/home/ubuntu/Lustre-exp/kind2-benchmarks/FMCAD08/Int32/memory1/FIREFLY_luke_1b_e7_3191_e2_1864.lus,l2l1,0.030,0,2,0,0,0,Not Found,invalid,Not Found,0.394
/home/ubuntu/Lustre-exp/kind2-benchmarks/FMCAD08/Int32/memory1/FIREFLY_luke_1b_e7_3191_e7_2146.lus,l2l1,0.028,0,2,0,0,0,Not Found,invalid,Not Found,0.393
/home/ubuntu/Lustre-exp/kind2-benchmarks/FMCAD08/Int32/memory1/FIREFLY_luke_1b_e2_3049_e3_2697.lus,l1l2,112.593,1,29,3,0,0,Not Found,invalid,1,113.265
/home/ubuntu/Lustre-exp/kind2-benchmarks/FMCAD08/Int32/memory1/FIREFLY_luke_2_e2_1375_e1_418.lus,l1l2,8.905,5,811,12,2,3,Not Found,valid,17 15 10 5,9.516
/home/ubuntu/Lustre-exp/kind2-benchmarks/FMCAD08/Int32/memory1/FIREFLY_luke_2_e7_1826_e8_126.lus,l2l1,5.832,4,689,12,2,3,Not Found,valid,17 15 10 5,8.103
/home/ubuntu/Lustre-exp/kind2-benchmarks/FMCAD08/Int32/memory1/FIREFLY_luke_2.lus,l2l1,6.063,4,689,12,2,3,Not Found,valid,17 15 10 5,8.457
/home/ubuntu/Lustre-exp/kind2-benchmarks/FMCAD08/Int32/memory1/FIREFLY_luke_1b_e2_3049_e2_698.lus,l1l2,165.535,1,33,3,0,0,Not Found,invalid,1,166.230
/home/ubuntu/Lustre-exp/kind2-benchmarks/FMCAD08/Int32/memory1/FIREFLY_luke_1b_e3_671_e5_1637.lus,l2l1,76.633,1,65,5,0,0,Not Found,invalid,3,77.311
/home/ubuntu/Lustre-exp/kind2-benchmarks/FMCAD08/Int32/memory1/FIREFLY_luke_1b_e1_1139_e2_2893.lus,base,Not Found,Not Found,Not Found,Not Found,Not Found,Not Found,Not Found,timeout,Not Found,290.118
/home/ubuntu/Lustre-exp/kind2-benchmarks/FMCAD08/Int32/memory1/FIREFLY_luke_1b_e2_3049_e1_946.lus,base,Not Found,Not Found,Not Found,Not Found,Not Found,Not Found,Not Found,timeout,Not Found,290.117
/home/ubuntu/Lustre-exp/kind2-benchmarks/FMCAD08/Int32/memory1/FIREFLY_luke_1b_e3_671_e2_2131.lus,base,Not Found,Not Found,Not Found,Not Found,Not Found,Not Found,Not Found,timeout,Not Found,290.118
/home/ubuntu/Lustre-exp/kind2-benchmarks/FMCAD08/Int32/memory1/FIREFLY_luke_rt_e1_913_e1_1993.lus,l1l2,0.136,1,12,1,0,0,Not Found,invalid,0,0.530
/home/ubuntu/Lustre-exp/kind2-benchmarks/FMCAD08/Int32/memory1/FIREFLY_luke_1b_e3_671_e6_1974.lus,base,Not Found,Not Found,Not Found,Not Found,Not Found,Not Found,Not Found,timeout,Not Found,290.115
/home/ubuntu/Lustre-exp/kind2-benchmarks/FMCAD08/Int32/memory1/FIREFLY_luke_1b.lus,base,Not Found,Not Found,Not Found,Not Found,Not Found,Not Found,Not Found,timeout,Not Found,290.115
/home/ubuntu/Lustre-exp/kind2-benchmarks/FMCAD08/Int32/memory1/FIREFLY_luke_rt_e1_913_e7_1403.lus,l2l1,0.023,0,2,0,0,0,Not Found,invalid,Not Found,0.396
/home/ubuntu/Lustre-exp/kind2-benchmarks/FMCAD08/Int32/memory1/FIREFLY_luke_rt_e1_913_e3_2128.lus,l2l1,41.211,1,32,3,0,0,Not Found,invalid,1,41.915
/home/ubuntu/Lustre-exp/kind2-benchmarks/FMCAD08/Int32/memory1/FIREFLY_luke_3_e1_2217_e3_1200.lus,base,88.237,4,1015,15,1,0,Not Found,timeout,23 20 15 7,290.143
/home/ubuntu/Lustre-exp/kind2-benchmarks/FMCAD08/Int32/memory1/FIREFLY_luke_rt_e1_913.lus,l1l2,40.179,1,38,3,0,0,Not Found,invalid,1,40.863
/home/ubuntu/Lustre-exp/kind2-benchmarks/FMCAD08/Int32/memory1/FIREFLY_luke_3.lus,base,174.270,4,1019,16,2,2,Not Found,timeout,18 15 10 3,290.147
/home/ubuntu/Lustre-exp/kind2-benchmarks/FMCAD08/Int32/memory1/FIREFLY_luke_4_e2_325.lus,base,0.078,1,25,2,0,0,Not Found,timeout,2,290.172
/home/ubuntu/Lustre-exp/kind2-benchmarks/FMCAD08/Int32/memory1/FIREFLY_luke_rt_e2_3460_e7_471.lus,l2l1,0.032,0,2,0,0,0,Not Found,invalid,Not Found,0.395
/home/ubuntu/Lustre-exp/kind2-benchmarks/FMCAD08/Int32/memory1/FIREFLY_luke_rt_e2_3460.lus,l1l2,9.423,1,31,2,0,0,Not Found,invalid,0,10.110
/home/ubuntu/Lustre-exp/kind2-benchmarks/FMCAD08/Int32/memory1/FIREFLY_luke_rt_e3_1549.lus,l2l1,50.545,1,31,2,0,0,Not Found,invalid,0,51.230
/home/ubuntu/Lustre-exp/kind2-benchmarks/FMCAD08/Int32/memory1/FIREFLY_luke_rt_e2_3460_e2_2670.lus,l2l1,61.479,1,33,3,0,0,Not Found,invalid,1,62.160
/home/ubuntu/Lustre-exp/kind2-benchmarks/FMCAD08/Int32/memory1/FIREFLY_luke_4.lus,base,199.735,5,1559,14,1,0,Not Found,timeout,19 17 16 15 14,290.175
/home/ubuntu/Lustre-exp/kind2-benchmarks/FMCAD08/Int32/memory1/FIREFLY_luke_rt_e2_3460_e3_1333.lus,l1l2,101.697,1,38,3,0,0,Not Found,invalid,1,102.372
/home/ubuntu/Lustre-exp/kind2-benchmarks/FMCAD08/Int32/memory1/FIREFLY_u1_e7_3318.lus,l2l1,0.079,1,12,1,0,0,Not Found,invalid,0,0.464
/home/ubuntu/Lustre-exp/kind2-benchmarks/FMCAD08/Int32/memory1/FIREFLY_u1.lus,l2l1,5.832,4,776,13,2,3,Not Found,valid,18 16 11 6,8.017
/home/ubuntu/Lustre-exp/kind2-benchmarks/FMCAD08/Int32/memory2/ILLINOIS_1.lus,l1l2,0.221,3,91,3,0,0,Not Found,valid,1 0,0.576
/home/ubuntu/Lustre-exp/kind2-benchmarks/FMCAD08/Int32/memory2/ILLINOIS_2_e1_834_e1_1895.lus,l1l2,0.027,0,2,0,0,0,Not Found,invalid,Not Found,0.397
/home/ubuntu/Lustre-exp/kind2-benchmarks/FMCAD08/Int32/memory1/FIREFLY_luke_5.lus,base,Not Found,Not Found,Not Found,Not Found,Not Found,Not Found,Not Found,timeout,Not Found,290.116
/home/ubuntu/Lustre-exp/kind2-benchmarks/FMCAD08/Int32/memory2/ILLINOIS_2_e1_834_e3_2931.lus,l1l2,0.040,0,2,0,0,0,Not Found,invalid,Not Found,0.408
/home/ubuntu/Lustre-exp/kind2-benchmarks/FMCAD08/Int32/memory2/ILLINOIS_2_e1_834_e7_3738.lus,l1l2,0.025,0,2,0,0,0,Not Found,invalid,Not Found,0.397
/home/ubuntu/Lustre-exp/kind2-benchmarks/FMCAD08/Int32/memory2/ILLINOIS_2_e1_834.lus,l1l2,0.025,0,2,0,0,0,Not Found,invalid,Not Found,0.408
/home/ubuntu/Lustre-exp/kind2-benchmarks/FMCAD08/Int32/memory1/FIREFLY_luke_rt_e1_913_e2_3353.lus,base,Not Found,Not Found,Not Found,Not Found,Not Found,Not Found,Not Found,timeout,Not Found,290.117
/home/ubuntu/Lustre-exp/kind2-benchmarks/FMCAD08/Int32/memory2/ILLINOIS_2_e2_2367_e2_1561.lus,l1l2,0.027,0,2,0,0,0,Not Found,invalid,Not Found,0.394
/home/ubuntu/Lustre-exp/kind2-benchmarks/FMCAD08/Int32/memory2/ILLINOIS_2_e2_2367_e3_1601.lus,l2l1,0.036,0,2,0,0,0,Not Found,invalid,Not Found,0.403
/home/ubuntu/Lustre-exp/kind2-benchmarks/FMCAD08/Int32/memory2/ILLINOIS_2_e2_2367_e7_2728.lus,l2l1,0.037,0,2,0,0,0,Not Found,invalid,Not Found,0.405
/home/ubuntu/Lustre-exp/kind2-benchmarks/FMCAD08/Int32/memory2/ILLINOIS_2_e2_876.lus,l2l1,0.034,0,2,0,0,0,Not Found,invalid,Not Found,0.394
/home/ubuntu/Lustre-exp/kind2-benchmarks/FMCAD08/Int32/memory1/FIREFLY_luke_rt_e2_3460_e1_1455.lus,base,Not Found,Not Found,Not Found,Not Found,Not Found,Not Found,Not Found,timeout,Not Found,290.115
/home/ubuntu/Lustre-exp/kind2-benchmarks/FMCAD08/Int32/memory2/ILLINOIS_3_e3_2581_e1_1130.lus,l2l1,0.019,0,1,0,0,0,Not Found,invalid,Not Found,0.392
/home/ubuntu/Lustre-exp/kind2-benchmarks/FMCAD08/Int32/memory2/ILLINOIS_3_e3_2581_e2_2545.lus,l2l1,0.021,0,1,0,0,0,Not Found,invalid,Not Found,0.382
/home/ubuntu/Lustre-exp/kind2-benchmarks/FMCAD08/Int32/memory2/ILLINOIS_3_e3_2581_e3_979.lus,l2l1,0.036,0,2,0,0,0,Not Found,invalid,Not Found,0.407
/home/ubuntu/Lustre-exp/kind2-benchmarks/FMCAD08/Int32/memory2/ILLINOIS_3_e3_2581_e4_958.lus,l2l1,0.020,0,1,0,0,0,Not Found,invalid,Not Found,0.384
/home/ubuntu/Lustre-exp/kind2-benchmarks/FMCAD08/Int32/memory2/ILLINOIS_3_e3_2581_e5_4006.lus,l2l1,0.020,0,1,0,0,0,Not Found,invalid,Not Found,0.381
/home/ubuntu/Lustre-exp/kind2-benchmarks/FMCAD08/Int32/memory2/ILLINOIS_3_e3_2581_e7_3447.lus,l2l1,0.039,0,2,0,0,0,Not Found,invalid,Not Found,0.419
/home/ubuntu/Lustre-exp/kind2-benchmarks/FMCAD08/Int32/memory2/ILLINOIS_3_e3_2581.lus,l2l1,0.036,0,2,0,0,0,Not Found,invalid,Not Found,0.411
/home/ubuntu/Lustre-exp/kind2-benchmarks/FMCAD08/Int32/memory1/FIREFLY_luke_rt.lus,base,Not Found,Not Found,Not Found,Not Found,Not Found,Not Found,Not Found,timeout,Not Found,290.115
/home/ubuntu/Lustre-exp/kind2-benchmarks/FMCAD08/Int32/memory1/FIREFLY_rt_e3_1770_e2_637.lus,base,60.690,3,5344,94,3,0,Not Found,timeout,93 91 8,290.238
/home/ubuntu/Lustre-exp/kind2-benchmarks/FMCAD08/Int32/memory1/FIREFLY_rt.lus,base,4.151,3,732,16,2,0,Not Found,timeout,21 19 10,290.160
/home/ubuntu/Lustre-exp/kind2-benchmarks/FMCAD08/Int32/memory2/ILLINOIS_5_e7_692_e7_2865.lus,l2l1,0.114,2,36,2,0,0,Not Found,valid,2,0.457
/home/ubuntu/Lustre-exp/kind2-benchmarks/FMCAD08/Int32/memory2/ILLINOIS_5.lus,l2l1,0.105,2,36,2,0,0,Not Found,valid,2,0.454
/home/ubuntu/Lustre-exp/kind2-benchmarks/FMCAD08/Int32/memory2/ILLINOIS_a1.lus,l1l2,4.213,4,551,12,3,1,Not Found,valid,14 10 4,4.585
/home/ubuntu/Lustre-exp/kind2-benchmarks/FMCAD08/Int32/memory1/FIREFLY_u1_e2_3403_e2_957.lus,base,13.159,3,690,10,1,0,Not Found,timeout,16 12 4,290.161
/home/ubuntu/Lustre-exp/kind2-benchmarks/FMCAD08/Int32/memory2/ILLINOIS_2_e1_834_e2_3395.lus,base,Not Found,Not Found,Not Found,Not Found,Not Found,Not Found,Not Found,timeout,Not Found,290.116
/home/ubuntu/Lustre-exp/kind2-benchmarks/FMCAD08/Int32/memory2/MESI_1_e2_162_e7_1545.lus,l2l1,1.277,2,228,10,1,0,Not Found,valid,11 3,1.550
/home/ubuntu/Lustre-exp/kind2-benchmarks/FMCAD08/Int32/memory2/MESI_1.lus,l2l1,0.254,4,129,2,0,0,Not Found,valid,2 1 0,0.564
/home/ubuntu/Lustre-exp/kind2-benchmarks/FMCAD08/Int32/memory2/MESI_2.lus,l1l2,0.047,2,27,1,0,0,Not Found,valid,1,0.388
/home/ubuntu/Lustre-exp/kind2-benchmarks/FMCAD08/Int32/memory2/ILLINOIS_r4a.lus,l2l1,13.332,3,475,10,1,0,Not Found,valid,14 10 5,25.274
/home/ubuntu/Lustre-exp/kind2-benchmarks/FMCAD08/Int32/memory2/ILLINOIS_2_e2_2367_e1_3182.lus,base,Not Found,Not Found,Not Found,Not Found,Not Found,Not Found,Not Found,timeout,Not Found,290.114
/home/ubuntu/Lustre-exp/kind2-benchmarks/FMCAD08/Int32/memory2/MESI_3_e2_819_e2_562.lus,l1l2,0.031,0,2,0,0,0,Not Found,invalid,Not Found,0.378
/home/ubuntu/Lustre-exp/kind2-benchmarks/FMCAD08/Int32/memory2/MESI_3_e2_819_e3_2698.lus,l2l1,0.027,0,2,0,0,0,Not Found,invalid,Not Found,0.383
/home/ubuntu/Lustre-exp/kind2-benchmarks/FMCAD08/Int32/memory2/ILLINOIS_2.lus,base,Not Found,Not Found,Not Found,Not Found,Not Found,Not Found,Not Found,timeout,Not Found,290.116
/home/ubuntu/Lustre-exp/kind2-benchmarks/FMCAD08/Int32/memory2/MESI_3_e2_819_e5_2554.lus,l2l1,0.033,0,2,0,0,0,Not Found,invalid,Not Found,0.393
/home/ubuntu/Lustre-exp/kind2-benchmarks/FMCAD08/Int32/memory2/ILLINOIS_3.lus,base,Not Found,Not Found,Not Found,Not Found,Not Found,Not Found,Not Found,timeout,Not Found,290.115
/home/ubuntu/Lustre-exp/kind2-benchmarks/FMCAD08/Int32/memory2/MESI_3_e2_819_e7_1665.lus,l2l1,0.031,0,2,0,0,0,Not Found,invalid,Not Found,0.384
/home/ubuntu/Lustre-exp/kind2-benchmarks/FMCAD08/Int32/memory2/MESI_3_e2_819_e8_1896.lus,l2l1,0.033,0,2,0,0,0,Not Found,invalid,Not Found,0.382
/home/ubuntu/Lustre-exp/kind2-benchmarks/FMCAD08/Int32/memory2/MESI_3_e2_819.lus,l2l1,0.031,0,2,0,0,0,Not Found,invalid,Not Found,0.389
/home/ubuntu/Lustre-exp/kind2-benchmarks/FMCAD08/Int32/memory2/ILLINOIS_4_e7_2651_e7_2847.lus,base,0.081,1,23,2,0,0,Not Found,timeout,2,290.154
/home/ubuntu/Lustre-exp/kind2-benchmarks/FMCAD08/Int32/memory2/ILLINOIS_4.lus,base,0.080,1,27,2,0,0,Not Found,timeout,2,290.202
/home/ubuntu/Lustre-exp/kind2-benchmarks/FMCAD08/Int32/memory2/MESI_4_e7_1140_e7_433.lus,l2l1,2.066,3,340,10,1,0,Not Found,valid,14 6,2.379
/home/ubuntu/Lustre-exp/kind2-benchmarks/FMCAD08/Int32/memory2/MESI_4.lus,l1l2,0.207,4,150,2,0,0,Not Found,valid,2 1 0,0.554
/home/ubuntu/Lustre-exp/kind2-benchmarks/FMCAD08/Int32/memory2/ILLINOIS_all.lus,base,Not Found,Not Found,Not Found,Not Found,Not Found,Not Found,Not Found,timeout,Not Found,290.116
/home/ubuntu/Lustre-exp/kind2-benchmarks/FMCAD08/Int32/memory2/MESI_all.lus,l2l1,0.344,4,226,5,0,0,Not Found,valid,4 3 1,0.693
/home/ubuntu/Lustre-exp/kind2-benchmarks/FMCAD08/Int32/memory2/MESI_i1_e2_1758_e8_12.lus,l2l1,0.024,0,2,0,0,0,Not Found,invalid,Not Found,0.377
/home/ubuntu/Lustre-exp/kind2-benchmarks/FMCAD08/Int32/memory2/MESI_i1_e2_2656.lus,l2l1,0.024,0,2,0,0,0,Not Found,invalid,Not Found,0.379
/home/ubuntu/Lustre-exp/kind2-benchmarks/FMCAD08/Int32/memory2/MESI_i1_e3_2145_e1_2667.lus,l2l1,0.026,0,2,0,0,0,Not Found,invalid,Not Found,0.387
/home/ubuntu/Lustre-exp/kind2-benchmarks/FMCAD08/Int32/memory2/MESI_i1_e3_2145_e2_2228.lus,l1l2,0.021,0,2,0,0,0,Not Found,invalid,Not Found,0.377
/home/ubuntu/Lustre-exp/kind2-benchmarks/FMCAD08/Int32/memory2/MESI_i1_e3_2145_e3_977.lus,l2l1,0.026,0,2,0,0,0,Not Found,invalid,Not Found,0.387
/home/ubuntu/Lustre-exp/kind2-benchmarks/FMCAD08/Int32/memory2/MESI_i1_e3_2145_e4_1717.lus,l1l2,0.019,0,2,0,0,0,Not Found,invalid,Not Found,0.369
/home/ubuntu/Lustre-exp/kind2-benchmarks/FMCAD08/Int32/memory2/MESI_i1_e3_2145_e5_2391.lus,l2l1,0.025,0,2,0,0,0,Not Found,invalid,Not Found,0.379
/home/ubuntu/Lustre-exp/kind2-benchmarks/FMCAD08/Int32/memory2/MESI_i1_e3_2145_e7_1847.lus,l2l1,0.025,0,2,0,0,0,Not Found,invalid,Not Found,0.387
/home/ubuntu/Lustre-exp/kind2-benchmarks/FMCAD08/Int32/memory2/MESI_i1_e3_2145_e8_2325.lus,l2l1,0.025,0,2,0,0,0,Not Found,invalid,Not Found,0.377
/home/ubuntu/Lustre-exp/kind2-benchmarks/FMCAD08/Int32/memory2/MESI_i1_e3_2145.lus,l1l2,0.019,0,2,0,0,0,Not Found,invalid,Not Found,0.376
/home/ubuntu/Lustre-exp/kind2-benchmarks/FMCAD08/Int32/memory2/MESI_i1_e4_1986_e1_1519.lus,l1l2,2.187,1,24,2,0,0,Not Found,invalid,0,2.846
/home/ubuntu/Lustre-exp/kind2-benchmarks/FMCAD08/Int32/memory2/MESI_i1_e4_1986.lus,l1l2,0.018,0,2,0,0,0,Not Found,invalid,Not Found,0.375
/home/ubuntu/Lustre-exp/kind2-benchmarks/FMCAD08/Int32/memory2/MESI_i1.lus,l2l1,0.021,0,2,0,0,0,Not Found,invalid,Not Found,0.375
/home/ubuntu/Lustre-exp/kind2-benchmarks/FMCAD08/Int32/memory2/MESI_i2.lus,l1l2,0.062,1,22,2,0,0,Not Found,invalid,0,0.415
/home/ubuntu/Lustre-exp/kind2-benchmarks/FMCAD08/Int32/memory2/MESI_3_e1_2517_e8_2163.lus,base,124.916,1,171,10,0,0,Not Found,timeout,10,290.114
/home/ubuntu/Lustre-exp/kind2-benchmarks/FMCAD08/Int32/memory2/MESI_i3_e1_447_e2_1098.lus,l2l1,0.017,0,2,0,0,0,Not Found,invalid,Not Found,0.375
/home/ubuntu/Lustre-exp/kind2-benchmarks/FMCAD08/Int32/memory2/MESI_3_e2_819_e1_1145.lus,base,41.546,1,167,10,0,0,Not Found,timeout,10,290.117
/home/ubuntu/Lustre-exp/kind2-benchmarks/FMCAD08/Int32/memory2/MESI_i3_e1_447_e5_2444.lus,l2l1,0.016,0,2,0,0,0,Not Found,invalid,Not Found,0.364
/home/ubuntu/Lustre-exp/kind2-benchmarks/FMCAD08/Int32/memory2/MESI_i3_e1_447_e3_1180.lus,l2l1,0.308,1,29,2,0,0,Not Found,valid,2,7.868
/home/ubuntu/Lustre-exp/kind2-benchmarks/FMCAD08/Int32/memory2/MESI_i3_e1_447_e7_2194.lus,l1l2,1.313,2,52,4,1,0,Not Found,invalid,2 1,1.921
/home/ubuntu/Lustre-exp/kind2-benchmarks/FMCAD08/Int32/memory2/MESI_i3_e1_447.lus,l1l2,1.421,2,56,4,1,0,Not Found,invalid,2 1,1.990
/home/ubuntu/Lustre-exp/kind2-benchmarks/FMCAD08/Int32/memory2/MESI_i3.lus,l2l1,0.019,0,2,0,0,0,Not Found,invalid,Not Found,0.362
/home/ubuntu/Lustre-exp/kind2-benchmarks/FMCAD08/Int32/memory2/MESI_3_e2_819_e4_1595.lus,base,40.968,1,167,10,0,0,Not Found,timeout,10,290.115
/home/ubuntu/Lustre-exp/kind2-benchmarks/FMCAD08/Int32/memory2/MESI_i4_e4_1689.lus,l1l2,9.914,2,79,6,1,0,Not Found,invalid,3 1,10.578
/home/ubuntu/Lustre-exp/kind2-benchmarks/FMCAD08/Int32/memory2/MESI_3_e2_819_e6_1459.lus,base,213.952,1,114,8,0,0,Not Found,timeout,8,290.118
/home/ubuntu/Lustre-exp/kind2-benchmarks/FMCAD08/Int32/memory2/MESI_i4_e8_1381_e1_1837.lus,l1l2,23.836,2,124,7,1,0,Not Found,invalid,6 2,24.506
/home/ubuntu/Lustre-exp/kind2-benchmarks/FMCAD08/Int32/memory2/MESI_i4_e8_1381_e4_313.lus,l1l2,24.852,2,124,7,1,0,Not Found,invalid,6 2,25.503
/home/ubuntu/Lustre-exp/kind2-benchmarks/FMCAD08/Int32/memory2/MESI_i4.lus,l2l1,6.633,2,52,3,0,0,Not Found,invalid,3,6.886
/home/ubuntu/Lustre-exp/kind2-benchmarks/FMCAD08/Int32/memory2/MOESI_1_e2_982_e7_492.lus,l1l2,0.157,2,38,2,0,0,Not Found,valid,2,0.500
/home/ubuntu/Lustre-exp/kind2-benchmarks/FMCAD08/Int32/memory2/MOESI_1_e3_1884_e7_1875.lus,l1l2,0.087,2,34,2,0,0,Not Found,valid,2,0.429
/home/ubuntu/Lustre-exp/kind2-benchmarks/FMCAD08/Int32/memory2/MOESI_1.lus,l1l2,0.061,2,23,1,0,0,Not Found,valid,1,0.410
/home/ubuntu/Lustre-exp/kind2-benchmarks/FMCAD08/Int32/memory2/MOESI_2_e1_1753_e1_1510.lus,l1l2,0.060,0,2,0,0,0,Not Found,invalid,Not Found,0.414
/home/ubuntu/Lustre-exp/kind2-benchmarks/FMCAD08/Int32/memory2/MOESI_2_e1_1753_e2_615.lus,l2l1,0.028,0,2,0,0,0,Not Found,invalid,Not Found,0.380
/home/ubuntu/Lustre-exp/kind2-benchmarks/FMCAD08/Int32/memory2/MESI_3_e3_2669.lus,base,115.185,1,104,8,0,0,Not Found,timeout,8,290.115
/home/ubuntu/Lustre-exp/kind2-benchmarks/FMCAD08/Int32/memory2/MESI_3.lus,base,76.044,1,138,9,0,0,Not Found,timeout,9,290.118
/home/ubuntu/Lustre-exp/kind2-benchmarks/FMCAD08/Int32/memory2/MESI_all_e4_1147_e7_497.lus,base,66.753,8,1427,13,2,0,Not Found,timeout,10 9 8 7 6 5 4 3,290.138
/home/ubuntu/Lustre-exp/kind2-benchmarks/FMCAD08/Int32/memory2/MOESI_2_e2_1599_e1_2383.lus,l2l1,0.080,0,2,0,0,0,Not Found,invalid,Not Found,0.431
/home/ubuntu/Lustre-exp/kind2-benchmarks/FMCAD08/Int32/memory2/MOESI_2_e2_1599_e2_1815.lus,l2l1,0.030,0,2,0,0,0,Not Found,invalid,Not Found,0.384
/home/ubuntu/Lustre-exp/kind2-benchmarks/FMCAD08/Int32/memory2/MOESI_2_e2_1599_e3_1658.lus,l2l1,0.152,1,12,1,0,0,Not Found,invalid,0,0.495
/home/ubuntu/Lustre-exp/kind2-benchmarks/FMCAD08/Int32/memory2/MESI_i3_e1_447_e1_1292.lus,base,0.324,1,29,2,0,0,Not Found,timeout,2,290.116
/home/ubuntu/Lustre-exp/kind2-benchmarks/FMCAD08/Int32/memory2/MOESI_2_e3_929_e1_2319.lus,l2l1,0.062,0,2,0,0,0,Not Found,invalid,Not Found,0.409
/home/ubuntu/Lustre-exp/kind2-benchmarks/FMCAD08/Int32/memory2/MOESI_2_e3_929_e2_2421.lus,l2l1,0.031,0,2,0,0,0,Not Found,invalid,Not Found,0.368
/home/ubuntu/Lustre-exp/kind2-benchmarks/FMCAD08/Int32/memory2/MOESI_2_e3_929_e3_2294.lus,l1l2,17.973,1,24,2,0,0,Not Found,invalid,0,18.647
/home/ubuntu/Lustre-exp/kind2-benchmarks/FMCAD08/Int32/memory2/MESI_i3_e1_447_e6_2281.lus,base,0.398,1,29,2,0,0,Not Found,timeout,2,290.120
/home/ubuntu/Lustre-exp/kind2-benchmarks/FMCAD08/Int32/memory2/MESI_i4_e6_2175.lus,base,0.857,1,27,2,0,0,Not Found,timeout,2,290.115
/home/ubuntu/Lustre-exp/kind2-benchmarks/FMCAD08/Int32/memory2/MESI_i4_e7_1017_e6_1132.lus,base,0.545,1,25,2,0,0,Not Found,timeout,2,290.115
/home/ubuntu/Lustre-exp/kind2-benchmarks/FMCAD08/Int32/memory2/MOESI_2_e3_929_e7_619.lus,l2l1,0.033,0,2,0,0,0,Not Found,invalid,Not Found,0.388
/home/ubuntu/Lustre-exp/kind2-benchmarks/FMCAD08/Int32/memory2/MOESI_2_e1_1753_e3_2021.lus,base,Not Found,Not Found,Not Found,Not Found,Not Found,Not Found,Not Found,timeout,Not Found,290.116
/home/ubuntu/Lustre-exp/kind2-benchmarks/FMCAD08/Int32/memory2/MOESI_2_e1_1753.lus,base,Not Found,Not Found,Not Found,Not Found,Not Found,Not Found,Not Found,timeout,Not Found,290.116
/home/ubuntu/Lustre-exp/kind2-benchmarks/FMCAD08/Int32/memory2/MOESI_2_e7_2607.lus,l1l2,0.036,0,2,0,0,0,Not Found,invalid,Not Found,0.398
/home/ubuntu/Lustre-exp/kind2-benchmarks/FMCAD08/Int32/memory2/MOESI_2_e7_2910_e1_1021.lus,l2l1,0.031,0,2,0,0,0,Not Found,invalid,Not Found,0.369
/home/ubuntu/Lustre-exp/kind2-benchmarks/FMCAD08/Int32/memory2/MOESI_2_e7_2910_e2_611.lus,l1l2,0.029,0,2,0,0,0,Not Found,invalid,Not Found,0.379
/home/ubuntu/Lustre-exp/kind2-benchmarks/FMCAD08/Int32/memory2/MOESI_2_e7_2910_e7_1804.lus,l2l1,0.029,0,2,0,0,0,Not Found,invalid,Not Found,0.388
/home/ubuntu/Lustre-exp/kind2-benchmarks/FMCAD08/Int32/memory2/MOESI_2_e2_155.lus,base,Not Found,Not Found,Not Found,Not Found,Not Found,Not Found,Not Found,timeout,Not Found,290.116
/home/ubuntu/Lustre-exp/kind2-benchmarks/FMCAD08/Int32/memory2/MOESI_2_e2_1599_e8_1334.lus,base,Not Found,Not Found,Not Found,Not Found,Not Found,Not Found,Not Found,timeout,Not Found,290.114
/home/ubuntu/Lustre-exp/kind2-benchmarks/FMCAD08/Int32/memory2/MOESI_2_e8_926_e7_961.lus,l2l1,0.030,0,2,0,0,0,Not Found,invalid,Not Found,0.381
/home/ubuntu/Lustre-exp/kind2-benchmarks/FMCAD08/Int32/memory2/MOESI_2_e3_929_e4_578.lus,base,Not Found,Not Found,Not Found,Not Found,Not Found,Not Found,Not Found,timeout,Not Found,290.114
/home/ubuntu/Lustre-exp/kind2-benchmarks/FMCAD08/Int32/memory2/MOESI_2_e3_929_e5_1826.lus,base,Not Found,Not Found,Not Found,Not Found,Not Found,Not Found,Not Found,timeout,Not Found,290.117
/home/ubuntu/Lustre-exp/kind2-benchmarks/FMCAD08/Int32/memory2/MOESI_all_e3_2032_e3_2788.lus,l1l2,0.423,1,24,2,0,0,Not Found,invalid,0,0.869
/home/ubuntu/Lustre-exp/kind2-benchmarks/FMCAD08/Int32/memory2/MOESI_2_e3_929_e6_2707.lus,base,Not Found,Not Found,Not Found,Not Found,Not Found,Not Found,Not Found,timeout,Not Found,290.115
/home/ubuntu/Lustre-exp/kind2-benchmarks/FMCAD08/Int32/memory2/SYNAPSE_123_e2_1653.lus,l1l2,0.029,0,2,0,0,0,Not Found,invalid,Not Found,0.377
/home/ubuntu/Lustre-exp/kind2-benchmarks/FMCAD08/Int32/memory2/SYNAPSE_123_e3_302_e1_1141.lus,l1l2,1.258,1,51,4,0,0,Not Found,invalid,2,1.652
/home/ubuntu/Lustre-exp/kind2-benchmarks/FMCAD08/Int32/memory2/SYNAPSE_123_e3_302.lus,l1l2,0.287,1,22,2,0,0,Not Found,invalid,0,0.645
/home/ubuntu/Lustre-exp/kind2-benchmarks/FMCAD08/Int32/memory2/SYNAPSE_123_e7_837_e2_1394.lus,l1l2,0.042,0,2,0,0,0,Not Found,invalid,Not Found,0.386
/home/ubuntu/Lustre-exp/kind2-benchmarks/FMCAD08/Int32/memory2/SYNAPSE_123_e7_837_e3_135.lus,l1l2,0.322,1,20,2,0,0,Not Found,invalid,0,0.684
/home/ubuntu/Lustre-exp/kind2-benchmarks/FMCAD08/Int32/memory2/MOESI_2_e3_929_e8_1167.lus,base,Not Found,Not Found,Not Found,Not Found,Not Found,Not Found,Not Found,timeout,Not Found,290.114
/home/ubuntu/Lustre-exp/kind2-benchmarks/FMCAD08/Int32/memory2/MOESI_2_e3_929.lus,base,Not Found,Not Found,Not Found,Not Found,Not Found,Not Found,Not Found,timeout,Not Found,290.115
/home/ubuntu/Lustre-exp/kind2-benchmarks/FMCAD08/Int32/memory2/SYNAPSE_123_e8_953_e1_1128.lus,l1l2,0.021,0,2,0,0,0,Not Found,invalid,Not Found,0.369
/home/ubuntu/Lustre-exp/kind2-benchmarks/FMCAD08/Int32/memory2/SYNAPSE_123_e8_953_e2_458.lus,l2l1,0.024,0,2,0,0,0,Not Found,invalid,Not Found,0.379
/home/ubuntu/Lustre-exp/kind2-benchmarks/FMCAD08/Int32/memory2/SYNAPSE_123_e8_953_e3_271.lus,l1l2,1.653,1,51,4,0,0,Not Found,invalid,2,2.314
/home/ubuntu/Lustre-exp/kind2-benchmarks/FMCAD08/Int32/memory2/MOESI_2_e8_101.lus,base,Not Found,Not Found,Not Found,Not Found,Not Found,Not Found,Not Found,timeout,Not Found,290.114
/home/ubuntu/Lustre-exp/kind2-benchmarks/FMCAD08/Int32/memory2/SYNAPSE_123_e7_837_e7_1262.lus,l1l2,145.138,2,56,3,0,0,Not Found,valid,3,145.776
/home/ubuntu/Lustre-exp/kind2-benchmarks/FMCAD08/Int32/memory2/SYNAPSE_123_e7_856.lus,l1l2,159.241,2,52,3,0,0,Not Found,valid,3,159.879
/home/ubuntu/Lustre-exp/kind2-benchmarks/FMCAD08/Int32/memory2/MOESI_2_e8_926_e1_1065.lus,base,Not Found,Not Found,Not Found,Not Found,Not Found,Not Found,Not Found,timeout,Not Found,290.115
/home/ubuntu/Lustre-exp/kind2-benchmarks/FMCAD08/Int32/memory2/SYNAPSE_1.lus,l1l2,0.041,2,27,1,0,0,Not Found,valid,1,0.377
/home/ubuntu/Lustre-exp/kind2-benchmarks/FMCAD08/Int32/memory2/SYNAPSE_2_e1_1239_e1_1331.lus,l2l1,0.016,0,2,0,0,0,Not Found,invalid,Not Found,0.363
/home/ubuntu/Lustre-exp/kind2-benchmarks/FMCAD08/Int32/memory2/SYNAPSE_2_e1_1239_e2_74.lus,l1l2,0.020,0,2,0,0,0,Not Found,invalid,Not Found,0.363
/home/ubuntu/Lustre-exp/kind2-benchmarks/FMCAD08/Int32/memory2/SYNAPSE_2_e1_1239.lus,l2l1,0.019,0,2,0,0,0,Not Found,invalid,Not Found,0.362
/home/ubuntu/Lustre-exp/kind2-benchmarks/FMCAD08/Int32/memory2/SYNAPSE_2_e3_216.lus,l1l2,0.479,1,22,2,0,0,Not Found,invalid,0,1.141
/home/ubuntu/Lustre-exp/kind2-benchmarks/FMCAD08/Int32/memory2/SYNAPSE_2_e8_1118_e1_667.lus,l2l1,0.019,0,2,0,0,0,Not Found,invalid,Not Found,0.361
/home/ubuntu/Lustre-exp/kind2-benchmarks/FMCAD08/Int32/memory2/SYNAPSE_2_e8_1118_e2_237.lus,l1l2,0.021,0,2,0,0,0,Not Found,invalid,Not Found,0.361
/home/ubuntu/Lustre-exp/kind2-benchmarks/FMCAD08/Int32/memory2/SYNAPSE_2_e8_1118_e3_1216.lus,l1l2,3.212,1,24,2,0,0,Not Found,invalid,0,3.863
/home/ubuntu/Lustre-exp/kind2-benchmarks/FMCAD08/Int32/memory2/SYNAPSE_2_e8_1118_e7_1043.lus,l1l2,25.059,2,29,1,0,0,Not Found,valid,1,25.645
/home/ubuntu/Lustre-exp/kind2-benchmarks/FMCAD08/Int32/memory2/MOESI_2_e8_926_e8_2138.lus,base,Not Found,Not Found,Not Found,Not Found,Not Found,Not Found,Not Found,timeout,Not Found,290.115
/home/ubuntu/Lustre-exp/kind2-benchmarks/FMCAD08/Int32/memory2/SYNAPSE_2_e8_1118_e8_1177.lus,l1l2,17.344,2,29,1,0,0,Not Found,valid,1,17.989
/home/ubuntu/Lustre-exp/kind2-benchmarks/FMCAD08/Int32/memory2/SYNAPSE_123_e8_953_e7_1465.lus,l2l1,62.533,1,47,3,0,0,Not Found,valid,3,114.000
/home/ubuntu/Lustre-exp/kind2-benchmarks/FMCAD08/Int32/memory2/SYNAPSE_3_e1_1416_e1_1675.lus,l1l2,0.020,0,2,0,0,0,Not Found,invalid,Not Found,0.365
/home/ubuntu/Lustre-exp/kind2-benchmarks/FMCAD08/Int32/memory2/SYNAPSE_3_e1_1416_e2_753.lus,l2l1,0.021,0,2,0,0,0,Not Found,invalid,Not Found,0.365
/home/ubuntu/Lustre-exp/kind2-benchmarks/FMCAD08/Int32/memory2/SYNAPSE_3_e1_1416_e3_1191.lus,l2l1,0.023,0,2,0,0,0,Not Found,invalid,Not Found,0.365
/home/ubuntu/Lustre-exp/kind2-benchmarks/FMCAD08/Int32/memory2/SYNAPSE_3_e1_1416_e7_193.lus,l2l1,0.035,0,2,0,0,0,Not Found,invalid,Not Found,0.376
/home/ubuntu/Lustre-exp/kind2-benchmarks/FMCAD08/Int32/memory2/SYNAPSE_3_e1_1416.lus,l1l2,0.017,0,2,0,0,0,Not Found,invalid,Not Found,0.366
/home/ubuntu/Lustre-exp/kind2-benchmarks/FMCAD08/Int32/memory2/SYNAPSE_3_e3_1041.lus,l2l1,0.126,1,12,1,0,0,Not Found,invalid,0,0.479
/home/ubuntu/Lustre-exp/kind2-benchmarks/FMCAD08/Int32/memory2/SYNAPSE_2.lus,l1l2,12.937,2,29,1,0,0,Not Found,valid,1,13.581
/home/ubuntu/Lustre-exp/kind2-benchmarks/FMCAD08/Int32/memory2/MOESI_2.lus,base,Not Found,Not Found,Not Found,Not Found,Not Found,Not Found,Not Found,timeout,Not Found,290.115
/home/ubuntu/Lustre-exp/kind2-benchmarks/FMCAD08/Int32/memory2/SYNAPSE_3_e8_1329_e1_1270.lus,l2l1,0.020,0,2,0,0,0,Not Found,invalid,Not Found,0.367
/home/ubuntu/Lustre-exp/kind2-benchmarks/FMCAD08/Int32/memory2/SYNAPSE_3_e8_1329_e2_236.lus,l2l1,0.022,0,2,0,0,0,Not Found,invalid,Not Found,0.362
/home/ubuntu/Lustre-exp/kind2-benchmarks/FMCAD08/Int32/memory2/SYNAPSE_3_e8_1329_e3_421.lus,l1l2,0.291,1,24,2,0,0,Not Found,invalid,0,0.948
/home/ubuntu/Lustre-exp/kind2-benchmarks/FMCAD08/Int32/memory2/SYNAPSE_2_e8_656.lus,l2l1,31.814,2,30,1,0,0,Not Found,valid,1,32.462
/home/ubuntu/Lustre-exp/kind2-benchmarks/FMCAD08/Int32/memory2/SYNAPSE_3_e8_1329_e7_1062.lus,l1l2,16.489,2,25,1,0,0,Not Found,valid,1,17.126
/home/ubuntu/Lustre-exp/kind2-benchmarks/FMCAD08/Int32/memory2/SYNAPSE_123.lus,l1l2,103.127,2,58,3,0,0,Not Found,valid,3,103.771
/home/ubuntu/Lustre-exp/kind2-benchmarks/FMCAD08/Int32/memory2/SYNAPSE_3_e7_425.lus,l2l1,17.526,1,20,1,0,0,Not Found,valid,1,32.452
/home/ubuntu/Lustre-exp/kind2-benchmarks/FMCAD08/Int32/memory2/SYNAPSE_4_e8_420_e7_572.lus,l2l1,0.054,2,27,1,0,0,Not Found,valid,1,0.395
/home/ubuntu/Lustre-exp/kind2-benchmarks/FMCAD08/Int32/memory2/SYNAPSE_4_e8_420_e8_1525.lus,l1l2,0.047,2,31,1,0,0,Not Found,valid,1,0.387
/home/ubuntu/Lustre-exp/kind2-benchmarks/FMCAD08/Int32/memory2/SYNAPSE_4_e8_974.lus,l1l2,0.046,2,31,1,0,0,Not Found,valid,1,0.387
/home/ubuntu/Lustre-exp/kind2-benchmarks/FMCAD08/Int32/memory2/SYNAPSE_4.lus,l2l1,0.054,2,31,1,0,0,Not Found,valid,1,0.396
/home/ubuntu/Lustre-exp/kind2-benchmarks/FMCAD08/Int32/memory2/SYNAPSE_5_e1_811_e1_823.lus,l1l2,0.064,1,22,2,0,0,Not Found,invalid,0,0.417
/home/ubuntu/Lustre-exp/kind2-benchmarks/FMCAD08/Int32/memory2/SYNAPSE_5_e1_811_e2_1026.lus,l1l2,0.068,1,22,2,0,0,Not Found,invalid,0,0.418
/home/ubuntu/Lustre-exp/kind2-benchmarks/FMCAD08/Int32/memory2/SYNAPSE_5_e1_811.lus,l2l1,0.089,1,22,2,0,0,Not Found,invalid,0,0.426
/home/ubuntu/Lustre-exp/kind2-benchmarks/FMCAD08/Int32/memory2/SYNAPSE_3_e8_1329_e8_320.lus,l2l1,18.224,1,20,1,0,0,Not Found,valid,1,24.884
/home/ubuntu/Lustre-exp/kind2-benchmarks/FMCAD08/Int32/memory2/MOESI_all.lus,base,Not Found,Not Found,Not Found,Not Found,Not Found,Not Found,Not Found,timeout,Not Found,290.115
/home/ubuntu/Lustre-exp/kind2-benchmarks/FMCAD08/Int32/memory2/SYNAPSE_3_e7_1444_e7_638.lus,l2l1,35.242,1,20,1,0,0,Not Found,valid,1,52.079
/home/ubuntu/Lustre-exp/kind2-benchmarks/FMCAD08/Int32/memory2/SYNAPSE_123_e8_953_e8_941.lus,l2l1,82.836,1,47,3,0,0,Not Found,valid,3,157.532
/home/ubuntu/Lustre-exp/kind2-benchmarks/FMCAD08/Int32/memory2/SYNAPSE_3_e8_1708.lus,l1l2,29.453,2,29,1,0,0,Not Found,valid,1,30.093
/home/ubuntu/Lustre-exp/kind2-benchmarks/FMCAD08/Int32/memory2/SYNAPSE_123_e8_953.lus,l1l2,155.775,2,60,3,0,0,Not Found,valid,3,156.422
/home/ubuntu/Lustre-exp/kind2-benchmarks/FMCAD08/Int32/memory2/SYNAPSE_3.lus,l2l1,41.018,1,20,1,0,0,Not Found,valid,1,66.502
/home/ubuntu/Lustre-exp/kind2-benchmarks/FMCAD08/Int32/memory2/SYNAPSE_all_e3_1750.lus,l1l2,0.402,1,24,2,0,0,Not Found,invalid,0,0.757
/home/ubuntu/Lustre-exp/kind2-benchmarks/FMCAD08/Int32/memory2/SYNAPSE_all_e3_1864_e3_495.lus,l2l1,1.509,1,54,4,0,0,Not Found,invalid,2,2.165
/home/ubuntu/Lustre-exp/kind2-benchmarks/FMCAD08/Int32/memory2/SYNAPSE_all_e3_1864_e4_34.lus,l2l1,0.024,0,2,0,0,0,Not Found,invalid,Not Found,0.375
/home/ubuntu/Lustre-exp/kind2-benchmarks/FMCAD08/Int32/memory2/SYNAPSE_all_e3_1864_e5_1637.lus,l2l1,0.024,0,2,0,0,0,Not Found,invalid,Not Found,0.374
/home/ubuntu/Lustre-exp/kind2-benchmarks/FMCAD08/Int32/memory2/SYNAPSE_all_e3_1864_e7_251.lus,l1l2,1.137,1,35,3,0,0,Not Found,invalid,1,1.631
/home/ubuntu/Lustre-exp/kind2-benchmarks/FMCAD08/Int32/memory2/SYNAPSE_all_e7_907_e7_1363.lus,l2l1,157.799,2,75,4,0,0,Not Found,valid,4,158.442
/home/ubuntu/Lustre-exp/kind2-benchmarks/FMCAD08/Int32/memory2/SYNAPSE_5_e2_1525.lus,base,0.184,1,41,3,0,0,Not Found,timeout,3,290.118
/home/ubuntu/Lustre-exp/kind2-benchmarks/FMCAD08/Int32/memory2/SYNAPSE_all_e8_251_e1_1852.lus,l2l1,0.023,0,2,0,0,0,Not Found,invalid,Not Found,0.377
/home/ubuntu/Lustre-exp/kind2-benchmarks/FMCAD08/Int32/memory2/SYNAPSE_all_e8_251_e2_1053.lus,l1l2,0.018,0,2,0,0,0,Not Found,invalid,Not Found,0.367
/home/ubuntu/Lustre-exp/kind2-benchmarks/FMCAD08/Int32/memory2/SYNAPSE_all_e8_251_e3_1472.lus,l1l2,1.914,1,51,4,0,0,Not Found,invalid,2,2.567
/home/ubuntu/Lustre-exp/kind2-benchmarks/FMCAD08/Int32/memory2/SYNAPSE_5.lus,base,0.134,1,41,3,0,0,Not Found,timeout,3,290.119
/home/ubuntu/Lustre-exp/kind2-benchmarks/FMCAD08/Int32/memory2/SYNAPSE_6_e2_1439_e1_954.lus,base,14.211,1,68,4,0,0,Not Found,timeout,4,290.117
/home/ubuntu/Lustre-exp/kind2-benchmarks/FMCAD08/Int32/memory2/SYNAPSE_i1.lus,l1l2,0.018,0,2,0,0,0,Not Found,invalid,Not Found,0.360
/home/ubuntu/Lustre-exp/kind2-benchmarks/FMCAD08/Int32/misc/_6countern.lus,l2l1,0.006,0,1,0,0,0,Not Found,invalid,Not Found,0.342
/home/ubuntu/Lustre-exp/kind2-benchmarks/FMCAD08/Int32/memory2/SYNAPSE_6_e3_1666_e5_1558.lus,base,33.894,1,64,4,0,0,Not Found,timeout,4,290.116
/home/ubuntu/Lustre-exp/kind2-benchmarks/FMCAD08/Int32/memory2/SYNAPSE_6_e7_938_e2_1012.lus,base,14.243,1,63,4,0,0,Not Found,timeout,4,290.117
/home/ubuntu/Lustre-exp/kind2-benchmarks/FMCAD08/Int32/misc/_6counters_e8_371_e2_80.lus,l2l1,0.012,2,12,0,0,0,Not Found,valid,0,0.343
/home/ubuntu/Lustre-exp/kind2-benchmarks/FMCAD08/Int32/memory2/SYNAPSE_6_e8_1147_e2_1326.lus,base,31.062,1,72,4,0,0,Not Found,timeout,4,290.116
/home/ubuntu/Lustre-exp/kind2-benchmarks/FMCAD08/Int32/misc/_6counters_e8_371_e7_304.lus,l1l2,0.061,2,59,5,1,0,Not Found,invalid,2 0,0.397
/home/ubuntu/Lustre-exp/kind2-benchmarks/FMCAD08/Int32/memory2/SYNAPSE_6.lus,base,23.578,1,66,4,0,0,Not Found,timeout,4,290.115
/home/ubuntu/Lustre-exp/kind2-benchmarks/FMCAD08/Int32/misc/durationThm_1_e1_350.lus,l2l1,0.015,0,2,0,0,0,Not Found,invalid,Not Found,0.358
/home/ubuntu/Lustre-exp/kind2-benchmarks/FMCAD08/Int32/misc/durationThm_1_e2_3.lus,l2l1,0.014,0,2,0,0,0,Not Found,invalid,Not Found,0.348
/home/ubuntu/Lustre-exp/kind2-benchmarks/FMCAD08/Int32/misc/_6counters.lus,l2l1,6.679,9,5802,41,5,9,Not Found,invalid,35 32 28 24 22 20 16 13 10,6.985
/home/ubuntu/Lustre-exp/kind2-benchmarks/FMCAD08/Int32/misc/durationThm_1_e3_389_e4_294.lus,l2l1,0.014,0,2,0,0,0,Not Found,invalid,Not Found,0.359
/home/ubuntu/Lustre-exp/kind2-benchmarks/FMCAD08/Int32/misc/durationThm_1_e3_389_e5_5.lus,l1l2,0.011,0,2,0,0,0,Not Found,invalid,Not Found,0.347
/home/ubuntu/Lustre-exp/kind2-benchmarks/FMCAD08/Int32/misc/durationThm_1_e3_389.lus,l2l1,0.013,0,2,0,0,0,Not Found,invalid,Not Found,0.357
/home/ubuntu/Lustre-exp/kind2-benchmarks/FMCAD08/Int32/misc/durationThm_1_e7_217_e1_89.lus,l1l2,0.011,0,2,0,0,0,Not Found,invalid,Not Found,0.358
/home/ubuntu/Lustre-exp/kind2-benchmarks/FMCAD08/Int32/misc/durationThm_1_e7_217_e2_352.lus,l2l1,0.015,0,2,0,0,0,Not Found,invalid,Not Found,0.358
/home/ubuntu/Lustre-exp/kind2-benchmarks/FMCAD08/Int32/misc/durationThm_1_e7_217_e3_132.lus,l2l1,0.014,0,2,0,0,0,Not Found,invalid,Not Found,0.348
/home/ubuntu/Lustre-exp/kind2-benchmarks/FMCAD08/Int32/misc/durationThm_1_e7_217_e7_31.lus,l2l1,0.014,0,2,0,0,0,Not Found,invalid,Not Found,0.375
/home/ubuntu/Lustre-exp/kind2-benchmarks/FMCAD08/Int32/misc/durationThm_1_e7_217.lus,l1l2,0.016,0,2,0,0,0,Not Found,invalid,Not Found,0.358
/home/ubuntu/Lustre-exp/kind2-benchmarks/FMCAD08/Int32/misc/durationThm_1.lus,l2l1,0.014,0,2,0,0,0,Not Found,invalid,Not Found,0.356
/home/ubuntu/Lustre-exp/kind2-benchmarks/FMCAD08/Int32/misc/durationThm_2_e2_63.lus,l2l1,0.110,2,38,2,0,0,Not Found,valid,2,0.434
/home/ubuntu/Lustre-exp/kind2-benchmarks/FMCAD08/Int32/misc/durationThm_2_e3_329_e4_1.lus,l1l2,0.094,2,38,2,0,0,Not Found,valid,2,0.435
/home/ubuntu/Lustre-exp/kind2-benchmarks/FMCAD08/Int32/memory2/SYNAPSE_all_e7_907.lus,l1l2,104.804,2,73,4,0,0,Not Found,valid,4,105.452
/home/ubuntu/Lustre-exp/kind2-benchmarks/FMCAD08/Int32/memory2/SYNAPSE_all.lus,l2l1,44.930,1,62,4,0,0,Not Found,valid,4,131.477
/home/ubuntu/Lustre-exp/kind2-benchmarks/FMCAD08/Int32/misc/durationThm_2_e7_145_e1_343.lus,l1l2,0.015,0,2,0,0,0,Not Found,invalid,Not Found,0.357
/home/ubuntu/Lustre-exp/kind2-benchmarks/FMCAD08/Int32/misc/durationThm_2_e7_145_e2_169.lus,l2l1,0.185,2,61,4,0,0,Not Found,valid,4,0.516
/home/ubuntu/Lustre-exp/kind2-benchmarks/FMCAD08/Int32/memory2/SYNAPSE_all_e8_251.lus,l2l1,83.442,1,62,4,0,0,Not Found,valid,4,177.707
/home/ubuntu/Lustre-exp/kind2-benchmarks/FMCAD08/Int32/misc/durationThm_2_e7_145_e7_154.lus,l2l1,0.016,0,2,0,0,0,Not Found,invalid,Not Found,0.359
/home/ubuntu/Lustre-exp/kind2-benchmarks/FMCAD08/Int32/misc/_6counters_e3_140_e8_149.lus,base,0.267,3,402,11,2,1,Not Found,timeout,12 9 4,290.326
/home/ubuntu/Lustre-exp/kind2-benchmarks/FMCAD08/Int32/misc/durationThm_2_e7_149.lus,l2l1,0.012,0,2,0,0,0,Not Found,invalid,Not Found,0.356
/home/ubuntu/Lustre-exp/kind2-benchmarks/FMCAD08/Int32/misc/_6counters_e8_371_e1_448.lus,base,0.483,4,723,14,2,1,Not Found,timeout,12 10 8 5,290.322
/home/ubuntu/Lustre-exp/kind2-benchmarks/FMCAD08/Int32/misc/durationThm_3_e1_36.lus,l2l1,0.011,0,1,0,0,0,Not Found,invalid,Not Found,0.348
/home/ubuntu/Lustre-exp/kind2-benchmarks/FMCAD08/Int32/misc/durationThm_3_e2_63.lus,l2l1,0.011,0,1,0,0,0,Not Found,invalid,Not Found,0.347
/home/ubuntu/Lustre-exp/kind2-benchmarks/FMCAD08/Int32/misc/durationThm_3_e3_207.lus,l2l1,0.010,0,1,0,0,0,Not Found,invalid,Not Found,0.347
/home/ubuntu/Lustre-exp/kind2-benchmarks/FMCAD08/Int32/misc/durationThm_3_e3_442_e4_165.lus,l2l1,0.009,0,1,0,0,0,Not Found,invalid,Not Found,0.348
/home/ubuntu/Lustre-exp/kind2-benchmarks/FMCAD08/Int32/misc/durationThm_3_e3_442_e5_260.lus,l2l1,0.012,0,1,0,0,0,Not Found,invalid,Not Found,0.345
/home/ubuntu/Lustre-exp/kind2-benchmarks/FMCAD08/Int32/misc/durationThm_3_e7_334_e1_431.lus,l1l2,0.010,0,1,0,0,0,Not Found,invalid,Not Found,0.343
/home/ubuntu/Lustre-exp/kind2-benchmarks/FMCAD08/Int32/misc/durationThm_3_e7_334_e2_62.lus,l1l2,0.010,0,1,0,0,0,Not Found,invalid,Not Found,0.344
/home/ubuntu/Lustre-exp/kind2-benchmarks/FMCAD08/Int32/misc/durationThm_3_e7_334_e3_42.lus,l2l1,0.010,0,1,0,0,0,Not Found,invalid,Not Found,0.344
/home/ubuntu/Lustre-exp/kind2-benchmarks/FMCAD08/Int32/misc/durationThm_3_e7_334_e7_118.lus,l2l1,0.011,0,1,0,0,0,Not Found,invalid,Not Found,0.345
/home/ubuntu/Lustre-exp/kind2-benchmarks/FMCAD08/Int32/misc/durationThm_3_e7_334.lus,l2l1,0.010,0,1,0,0,0,Not Found,invalid,Not Found,0.348
/home/ubuntu/Lustre-exp/kind2-benchmarks/FMCAD08/Int32/misc/durationThm_3.lus,l2l1,0.009,0,1,0,0,0,Not Found,invalid,Not Found,0.349
/home/ubuntu/Lustre-exp/kind2-benchmarks/FMCAD08/Int32/misc/_6counters_e8_371_e3_224.lus,base,0.277,3,402,11,2,1,Not Found,timeout,12 9 4,290.305
/home/ubuntu/Lustre-exp/kind2-benchmarks/FMCAD08/Int32/misc/ex8_e7_74_e7_740.lus,l1l2,0.011,0,2,0,0,0,Not Found,invalid,Not Found,0.362
/home/ubuntu/Lustre-exp/kind2-benchmarks/FMCAD08/Int32/misc/ex8_e7_74_e8_302.lus,l1l2,0.011,0,2,0,0,0,Not Found,invalid,Not Found,0.351
/home/ubuntu/Lustre-exp/kind2-benchmarks/FMCAD08/Int32/misc/ex8_e7_74.lus,l2l1,0.012,0,2,0,0,0,Not Found,invalid,Not Found,0.359
/home/ubuntu/Lustre-exp/kind2-benchmarks/FMCAD08/Int32/misc/ex8_e8_220_e7_249.lus,l2l1,0.012,0,2,0,0,0,Not Found,invalid,Not Found,0.361
/home/ubuntu/Lustre-exp/kind2-benchmarks/FMCAD08/Int32/misc/ex8_e8_220.lus,l2l1,0.010,0,2,0,0,0,Not Found,invalid,Not Found,0.349
/home/ubuntu/Lustre-exp/kind2-benchmarks/FMCAD08/Int32/misc/ex8.lus,l2l1,0.011,0,2,0,0,0,Not Found,invalid,Not Found,0.359
/home/ubuntu/Lustre-exp/kind2-benchmarks/FMCAD08/Int32/misc/ticket3i_1_e7_1669.lus,l1l2,0.113,2,44,3,0,0,Not Found,valid,3,0.462
/home/ubuntu/Lustre-exp/kind2-benchmarks/FMCAD08/Int32/misc/ticket3i_1.lus,l2l1,0.129,2,42,3,0,0,Not Found,valid,3,0.474
/home/ubuntu/Lustre-exp/kind2-benchmarks/FMCAD08/Int32/misc/ticket3i_2.lus,l2l1,0.321,2,122,8,2,0,Not Found,invalid,6 2,0.677
/home/ubuntu/Lustre-exp/kind2-benchmarks/FMCAD08/Int32/misc/ticket3i_3_e7_1312_e7_1495.lus,l2l1,0.023,0,2,0,0,0,Not Found,invalid,Not Found,0.395
/home/ubuntu/Lustre-exp/kind2-benchmarks/FMCAD08/Int32/misc/ticket3i_3_e7_1312_e8_1916.lus,l2l1,0.024,0,2,0,0,0,Not Found,invalid,Not Found,0.384
/home/ubuntu/Lustre-exp/kind2-benchmarks/FMCAD08/Int32/misc/ticket3i_3_e7_99.lus,l1l2,0.020,0,2,0,0,0,Not Found,invalid,Not Found,0.400
/home/ubuntu/Lustre-exp/kind2-benchmarks/FMCAD08/Int32/misc/ticket3i_3_e8_1703_e7_3491.lus,l1l2,0.020,0,2,0,0,0,Not Found,invalid,Not Found,0.387
/home/ubuntu/Lustre-exp/kind2-benchmarks/FMCAD08/Int32/misc/ticket3i_3_e8_1703_e8_2560.lus,l1l2,0.022,0,2,0,0,0,Not Found,invalid,Not Found,0.403
/home/ubuntu/Lustre-exp/kind2-benchmarks/FMCAD08/Int32/misc/ticket3i_3_e8_1703.lus,l2l1,0.024,0,2,0,0,0,Not Found,invalid,Not Found,0.387
/home/ubuntu/Lustre-exp/kind2-benchmarks/FMCAD08/Int32/misc/ticket3i_3.lus,l2l1,0.023,0,2,0,0,0,Not Found,invalid,Not Found,0.395
/home/ubuntu/Lustre-exp/kind2-benchmarks/FMCAD08/Int32/misc/ticket3i_4_e7_1775_e7_3320.lus,l2l1,0.101,2,32,2,0,0,Not Found,valid,2,0.453
/home/ubuntu/Lustre-exp/kind2-benchmarks/FMCAD08/Int32/misc/ticket3i_4.lus,l1l2,0.085,2,36,2,0,0,Not Found,valid,2,0.443
/home/ubuntu/Lustre-exp/kind2-benchmarks/FMCAD08/Int32/misc/ticket3i_5_e7_3307.lus,l1l2,0.084,2,32,2,0,0,Not Found,valid,2,0.435
/home/ubuntu/Lustre-exp/kind2-benchmarks/FMCAD08/Int32/misc/ticket3i_5.lus,l2l1,0.096,2,36,2,0,0,Not Found,valid,2,0.444
/home/ubuntu/Lustre-exp/kind2-benchmarks/FMCAD08/Int32/misc/ticket3i_6_e7_1096_e7_2688.lus,l1l2,0.095,2,34,2,0,0,Not Found,valid,2,0.445
/home/ubuntu/Lustre-exp/kind2-benchmarks/FMCAD08/Int32/misc/ticket3i_6.lus,l1l2,0.093,2,36,2,0,0,Not Found,valid,2,0.452
/home/ubuntu/Lustre-exp/kind2-benchmarks/FMCAD08/Int32/misc/ticket3i_7_e1_2192_e1_1852.lus,l1l2,0.387,2,141,8,0,0,Not Found,valid,8,0.741
/home/ubuntu/Lustre-exp/kind2-benchmarks/FMCAD08/Int32/misc/durationThm_2_e1_301.lus,base,0.846,1,53,4,0,0,Not Found,timeout,4,290.127
/home/ubuntu/Lustre-exp/kind2-benchmarks/FMCAD08/Int32/misc/ticket3i_7_e2_2724_e7_524.lus,l1l2,0.265,2,94,6,0,0,Not Found,valid,6,0.635
/home/ubuntu/Lustre-exp/kind2-benchmarks/FMCAD08/Int32/misc/ticket3i_7_e3_59_e7_2122.lus,l1l2,0.243,2,98,6,0,0,Not Found,valid,6,0.609
/home/ubuntu/Lustre-exp/kind2-benchmarks/FMCAD08/Int32/misc/durationThm_2_e3_329_e5_124.lus,base,0.093,1,25,2,0,0,Not Found,timeout,2,290.122
/home/ubuntu/Lustre-exp/kind2-benchmarks/FMCAD08/Int32/misc/ticket3i_7_e7_3176_e1_2924.lus,l2l1,0.300,2,107,7,0,0,Not Found,valid,7,0.628
/home/ubuntu/Lustre-exp/kind2-benchmarks/FMCAD08/Int32/misc/ticket3i_7_e7_3176.lus,l2l1,0.285,2,87,7,0,0,Not Found,valid,7,0.616
/home/ubuntu/Lustre-exp/kind2-benchmarks/FMCAD08/Int32/misc/ticket3i_7_e8_2126_e7_78.lus,l1l2,0.241,2,92,6,0,0,Not Found,valid,6,0.597
/home/ubuntu/Lustre-exp/kind2-benchmarks/FMCAD08/Int32/misc/ticket3i_7.lus,l2l1,0.270,2,90,6,0,0,Not Found,valid,6,0.625
/home/ubuntu/Lustre-exp/kind2-benchmarks/FMCAD08/Int32/misc/ticket3i_all_e1_2706_e7_1776.lus,l2l1,0.256,2,86,6,0,0,Not Found,valid,6,0.620
/home/ubuntu/Lustre-exp/kind2-benchmarks/FMCAD08/Int32/misc/ticket3i_all_e2_1117_e7_553.lus,l2l1,0.278,2,107,7,0,0,Not Found,valid,7,0.607
/home/ubuntu/Lustre-exp/kind2-benchmarks/FMCAD08/Int32/misc/ticket3i_all_e3_557_e7_3464.lus,l1l2,0.257,2,92,6,0,0,Not Found,valid,6,0.620
/home/ubuntu/Lustre-exp/kind2-benchmarks/FMCAD08/Int32/misc/ticket3i_all_e7_591.lus,l1l2,0.267,2,92,6,0,0,Not Found,valid,6,0.621
/home/ubuntu/Lustre-exp/kind2-benchmarks/FMCAD08/Int32/misc/ticket3i_all_e8_505_e7_2450.lus,l2l1,0.291,2,105,7,0,0,Not Found,valid,7,0.616
/home/ubuntu/Lustre-exp/kind2-benchmarks/FMCAD08/Int32/misc/traffic_e7_46_e7_171.lus,l2l1,0.008,0,1,0,0,0,Not Found,invalid,Not Found,0.347
/home/ubuntu/Lustre-exp/kind2-benchmarks/FMCAD08/Int32/misc/traffic_e7_46.lus,l2l1,0.008,0,1,0,0,0,Not Found,invalid,Not Found,0.346
/home/ubuntu/Lustre-exp/kind2-benchmarks/FMCAD08/Int32/misc/ticket3i_all.lus,l1l2,0.331,3,152,7,0,0,Not Found,valid,1 0,0.696
/home/ubuntu/Lustre-exp/kind2-benchmarks/FMCAD08/Int32/misc/two_counters_e1_268.lus,l2l1,0.008,0,2,0,0,0,Not Found,invalid,Not Found,0.360
/home/ubuntu/Lustre-exp/kind2-benchmarks/FMCAD08/Int32/misc/traffic.lus,l2l1,0.053,2,41,2,0,0,Not Found,valid,2,0.699
/home/ubuntu/Lustre-exp/kind2-benchmarks/FMCAD08/Int32/misc/two_counters_e2_3.lus,l1l2,0.021,1,12,1,0,0,Not Found,invalid,0,0.357
/home/ubuntu/Lustre-exp/kind2-benchmarks/FMCAD08/Int32/misc/two_counters_e3_325.lus,l2l1,0.025,1,12,1,0,0,Not Found,invalid,0,0.366
/home/ubuntu/Lustre-exp/kind2-benchmarks/FMCAD08/Int32/misc/two_counters_e7_222.lus,l2l1,0.008,0,2,0,0,0,Not Found,invalid,Not Found,0.345
/home/ubuntu/Lustre-exp/kind2-benchmarks/FMCAD08/Int32/misc/two_counters.lus,l2l1,1.138,6,1505,20,4,5,Not Found,valid,25 23 18 15 9,1.442
/home/ubuntu/Lustre-exp/kind2-benchmarks/FMCAD08/Int32/protocol/peterson_1.lus,l2l1,0.288,4,152,2,0,0,Not Found,valid,2 1 0,0.654
/home/ubuntu/Lustre-exp/kind2-benchmarks/FMCAD08/Int32/protocol/peterson_2.lus,l2l1,0.279,4,152,2,0,0,Not Found,valid,2 1 0,0.661
/home/ubuntu/Lustre-exp/kind2-benchmarks/FMCAD08/Int32/protocol/peterson_3.lus,l2l1,0.338,4,152,2,0,0,Not Found,valid,2 1 0,0.677
/home/ubuntu/Lustre-exp/kind2-benchmarks/FMCAD08/Int32/protocol/peterson_4.lus,l1l2,0.277,4,152,2,0,0,Not Found,valid,2 1 0,0.642
/home/ubuntu/Lustre-exp/kind2-benchmarks/FMCAD08/Int32/misc/twisted_counters.lus,l2l1,4.706,9,4209,34,3,9,Not Found,valid,35 32 28 25 23 20 15 8,4.962
/home/ubuntu/Lustre-exp/kind2-benchmarks/FMCAD08/Int32/misc/durationThm_2_e3_99.lus,base,0.110,1,25,2,0,0,Not Found,timeout,2,290.129
/home/ubuntu/Lustre-exp/kind2-benchmarks/FMCAD08/Int32/protocol/peterson_all.lus,l1l2,1.363,4,415,8,0,0,Not Found,valid,8 4 0,1.745
/home/ubuntu/Lustre-exp/kind2-benchmarks/FMCAD08/Int32/misc/durationThm_2_e7_145_e3_222.lus,base,68.186,3,336,9,1,0,Not Found,timeout,7 5 3,290.141
/home/ubuntu/Lustre-exp/kind2-benchmarks/FMCAD08/Int32/protocol/rtp_10.lus,l1l2,0.255,4,152,2,0,0,Not Found,valid,2 1 0,0.619
/home/ubuntu/Lustre-exp/kind2-benchmarks/FMCAD08/Int32/protocol/rtp_1.lus,l1l2,0.069,2,23,1,0,0,Not Found,valid,1,0.436
/home/ubuntu/Lustre-exp/kind2-benchmarks/FMCAD08/Int32/protocol/rtp_2.lus,l1l2,0.152,2,56,3,0,0,Not Found,valid,3,0.531
/home/ubuntu/Lustre-exp/kind2-benchmarks/FMCAD08/Int32/protocol/rtp_3.lus,l2l1,0.269,4,152,2,0,0,Not Found,valid,2 1 0,0.607
/home/ubuntu/Lustre-exp/kind2-benchmarks/FMCAD08/Int32/protocol/rtp_4.lus,l2l1,0.273,4,152,2,0,0,Not Found,valid,2 1 0,0.640
/home/ubuntu/Lustre-exp/kind2-benchmarks/FMCAD08/Int32/misc/durationThm_2_e7_145_e8_73.lus,base,10.647,1,55,4,0,0,Not Found,timeout,4,290.125
/home/ubuntu/Lustre-exp/kind2-benchmarks/FMCAD08/Int32/protocol/rtp_5.lus,l1l2,0.247,4,152,2,0,0,Not Found,valid,2 1 0,0.620
/home/ubuntu/Lustre-exp/kind2-benchmarks/FMCAD08/Int32/protocol/rtp_6.lus,l1l2,0.247,4,152,2,0,0,Not Found,valid,2 1 0,0.611
/home/ubuntu/Lustre-exp/kind2-benchmarks/FMCAD08/Int32/protocol/rtp_7.lus,l1l2,0.249,4,152,2,0,0,Not Found,valid,2 1 0,0.607
/home/ubuntu/Lustre-exp/kind2-benchmarks/FMCAD08/Int32/protocol/rtp_8.lus,l1l2,0.244,4,152,2,0,0,Not Found,valid,2 1 0,0.607
/home/ubuntu/Lustre-exp/kind2-benchmarks/FMCAD08/Int32/protocol/rtp_9.lus,l2l1,0.276,4,152,2,0,0,Not Found,valid,2 1 0,0.629
/home/ubuntu/Lustre-exp/kind2-benchmarks/FMCAD08/Int32/misc/durationThm_2.lus,base,10.371,1,55,4,0,0,Not Found,timeout,4,290.122
/home/ubuntu/Lustre-exp/kind2-benchmarks/FMCAD08/Int32/protocol/rtp_all.lus,l2l1,5.020,4,927,19,0,0,Not Found,valid,16 8 0,5.349
/home/ubuntu/Lustre-exp/kind2-benchmarks/FMCAD08/Int32/misc/ex3.lus,base,3.907,4,479,11,0,1,Not Found,timeout,8 7 4 2,290.147
/home/ubuntu/Lustre-exp/kind2-benchmarks/FMCAD08/Int32/protocol/peterson_1_e7_4234.lus,base,0.145,1,25,2,0,0,Not Found,timeout,2,290.195
/home/ubuntu/Lustre-exp/kind2-benchmarks/FMCAD08/Int32/protocol/peterson_vt.lus,base,Not Found,Not Found,Not Found,Not Found,Not Found,Not Found,Not Found,timeout,Not Found,290.117
/home/ubuntu/Lustre-exp/kind2-benchmarks/FMCAD08/Int32/protocol/swimmingpool_2.lus,l2l1,0.028,0,2,0,0,0,Not Found,invalid,Not Found,0.388
/home/ubuntu/Lustre-exp/kind2-benchmarks/FMCAD08/Int32/protocol/swimmingpool_3.lus,l1l2,0.061,1,12,1,0,0,Not Found,invalid,0,0.433
/home/ubuntu/Lustre-exp/kind2-benchmarks/FMCAD08/Int32/protocol/swimmingpool_4_e7_2197.lus,l2l1,0.170,2,48,4,1,0,Not Found,invalid,2 1,0.535
/home/ubuntu/Lustre-exp/kind2-benchmarks/FMCAD08/Int32/protocol/readwrit.lus,base,0.099,1,27,2,0,0,Not Found,timeout,2,290.153
/home/ubuntu/Lustre-exp/kind2-benchmarks/FMCAD08/Int32/protocol/rtp_10_e7_106_e7_2564.lus,base,2.788,4,399,8,1,0,Not Found,timeout,5 4 3 2,290.233
/home/ubuntu/Lustre-exp/kind2-benchmarks/FMCAD08/Int32/protocol/swimmingpool_4.lus,l2l1,0.183,2,48,4,1,0,Not Found,invalid,2 1,0.526
/home/ubuntu/Lustre-exp/kind2-benchmarks/FMCAD08/Int32/protocol/swimmingpool_5.lus,l1l2,0.324,2,72,6,1,0,Not Found,invalid,3 2,0.705
/home/ubuntu/Lustre-exp/kind2-benchmarks/FMCAD08/Int32/protocol/swimmingpool_6_e7_10_e7_341.lus,l2l1,0.397,2,68,6,1,0,Not Found,invalid,4 1,0.721
/home/ubuntu/Lustre-exp/kind2-benchmarks/FMCAD08/Int32/protocol/swimmingpool_6.lus,l1l2,0.300,2,68,6,1,0,Not Found,invalid,3 1,0.708
/home/ubuntu/Lustre-exp/kind2-benchmarks/FMCAD08/Int32/protocol/swimmingpool_7.lus,l1l2,0.723,3,169,7,1,0,Not Found,invalid,4 2 0,1.124
/home/ubuntu/Lustre-exp/kind2-benchmarks/FMCAD08/Int32/protocol/swimmingpool_8.lus,l1l2,0.620,3,122,8,0,0,Not Found,invalid,4 1 0,1.033
/home/ubuntu/Lustre-exp/kind2-benchmarks/FMCAD08/Int32/protocol/swimmingpool_6_e7_399.lus,l1l2,19.334,4,645,13,2,1,Not Found,invalid,12 11 9 4,19.922
/home/ubuntu/Lustre-exp/kind2-benchmarks/FMCAD08/Int32/simulation/car_1.lus,l2l1,0.200,4,152,2,0,0,Not Found,valid,2 1 0,0.539
/home/ubuntu/Lustre-exp/kind2-benchmarks/FMCAD08/Int32/simulation/car_2_e7_1027_e1_1047.lus,l2l1,0.209,3,75,2,0,0,Not Found,valid,3 2,0.500
/home/ubuntu/Lustre-exp/kind2-benchmarks/FMCAD08/Int32/simulation/car_2_e7_1027_e7_359.lus,l1l2,0.502,4,164,4,0,0,Not Found,valid,5 4 2,0.854
/home/ubuntu/Lustre-exp/kind2-benchmarks/FMCAD08/Int32/simulation/car_2_e8_491_e7_826.lus,l2l1,0.204,3,75,2,0,0,Not Found,valid,3 2,0.527
/home/ubuntu/Lustre-exp/kind2-benchmarks/FMCAD08/Int32/simulation/car_2.lus,l2l1,0.414,4,148,2,0,0,Not Found,valid,2 1 0,0.689
/home/ubuntu/Lustre-exp/kind2-benchmarks/FMCAD08/Int32/simulation/car_3_e1_586.lus,l2l1,0.040,1,12,1,0,0,Not Found,invalid,0,0.378
/home/ubuntu/Lustre-exp/kind2-benchmarks/FMCAD08/Int32/simulation/car_3_e2_695.lus,l2l1,0.044,2,29,1,0,0,Not Found,valid,1,0.384
/home/ubuntu/Lustre-exp/kind2-benchmarks/FMCAD08/Int32/simulation/car_3_e7_626_e1_305.lus,l1l2,0.052,1,18,2,0,0,Not Found,invalid,0,0.398
/home/ubuntu/Lustre-exp/kind2-benchmarks/FMCAD08/Int32/simulation/car_3_e7_626.lus,l2l1,0.213,3,82,2,0,0,Not Found,valid,2 0,0.496
/home/ubuntu/Lustre-exp/kind2-benchmarks/FMCAD08/Int32/simulation/car_3_e8_33_e1_856.lus,l2l1,0.039,1,12,1,0,0,Not Found,invalid,0,0.376
/home/ubuntu/Lustre-exp/kind2-benchmarks/FMCAD08/Int32/simulation/car_3_e8_33_e2_1010.lus,l1l2,0.044,2,29,1,0,0,Not Found,valid,1,0.391
/home/ubuntu/Lustre-exp/kind2-benchmarks/FMCAD08/Int32/simulation/car_3_e8_33_e7_220.lus,l2l1,0.162,3,78,2,0,0,Not Found,valid,2 1,0.497
/home/ubuntu/Lustre-exp/kind2-benchmarks/FMCAD08/Int32/simulation/car_3_e8_33.lus,l1l2,0.191,3,75,2,0,0,Not Found,valid,2 1,0.536
/home/ubuntu/Lustre-exp/kind2-benchmarks/FMCAD08/Int32/simulation/car_3.lus,l1l2,0.256,3,111,3,0,0,Not Found,valid,3 0,0.608
/home/ubuntu/Lustre-exp/kind2-benchmarks/FMCAD08/Int32/simulation/car_4_e3_57_e4_1047.lus,l2l1,0.039,2,27,1,0,0,Not Found,valid,1,0.374
/home/ubuntu/Lustre-exp/kind2-benchmarks/FMCAD08/Int32/simulation/car_4_e3_57_e5_999.lus,l1l2,0.010,0,2,0,0,0,Not Found,invalid,Not Found,0.346
/home/ubuntu/Lustre-exp/kind2-benchmarks/FMCAD08/Int32/simulation/car_4_e3_57_e6_784.lus,l2l1,0.183,4,154,2,0,0,Not Found,valid,2 1 0,0.486
/home/ubuntu/Lustre-exp/kind2-benchmarks/FMCAD08/Int32/simulation/car_4_e3_57.lus,l2l1,0.013,0,2,0,0,0,Not Found,invalid,Not Found,0.369
/home/ubuntu/Lustre-exp/kind2-benchmarks/FMCAD08/Int32/simulation/car_4_e7_592_e3_442.lus,l1l2,0.011,0,2,0,0,0,Not Found,invalid,Not Found,0.346
/home/ubuntu/Lustre-exp/kind2-benchmarks/FMCAD08/Int32/simulation/car_4_e7_592_e7_265.lus,l1l2,0.196,4,168,4,0,0,Not Found,valid,5 4 2,0.537
/home/ubuntu/Lustre-exp/kind2-benchmarks/FMCAD08/Int32/simulation/car_4_e7_592.lus,l2l1,0.099,3,73,2,0,0,Not Found,valid,2 1,0.425
/home/ubuntu/Lustre-exp/kind2-benchmarks/FMCAD08/Int32/simulation/car_4_e8_118_e3_514.lus,l2l1,0.014,0,2,0,0,0,Not Found,invalid,Not Found,0.361
/home/ubuntu/Lustre-exp/kind2-benchmarks/FMCAD08/Int32/simulation/car_4_e8_118_e7_178.lus,l1l2,0.096,3,76,2,0,0,Not Found,valid,2 1,0.435
/home/ubuntu/Lustre-exp/kind2-benchmarks/FMCAD08/Int32/simulation/car_4_e8_118.lus,l2l1,0.118,3,80,2,0,0,Not Found,valid,2 1,0.455
/home/ubuntu/Lustre-exp/kind2-benchmarks/FMCAD08/Int32/simulation/car_4.lus,l1l2,0.169,4,154,2,0,0,Not Found,valid,2 1 0,0.505
/home/ubuntu/Lustre-exp/kind2-benchmarks/FMCAD08/Int32/simulation/car_5_e2_405_e2_1083.lus,l1l2,0.309,2,141,11,0,0,Not Found,invalid,9 2,0.660
/home/ubuntu/Lustre-exp/kind2-benchmarks/FMCAD08/Int32/simulation/car_5_e2_405_e3_473.lus,l2l1,0.414,2,155,12,0,0,Not Found,invalid,10 3,0.762
/home/ubuntu/Lustre-exp/kind2-benchmarks/FMCAD08/Int32/simulation/car_5_e2_405_e8_1055.lus,l2l1,0.337,2,141,11,0,0,Not Found,invalid,8 1,0.672
/home/ubuntu/Lustre-exp/kind2-benchmarks/FMCAD08/Int32/simulation/car_5_e3_11_e1_429.lus,l2l1,1.009,2,199,14,0,0,Not Found,invalid,12 2,1.297
/home/ubuntu/Lustre-exp/kind2-benchmarks/FMCAD08/Int32/simulation/car_5_e3_11_e5_24.lus,l2l1,0.848,2,150,11,0,0,Not Found,invalid,9 1,1.179
/home/ubuntu/Lustre-exp/kind2-benchmarks/FMCAD08/Int32/simulation/car_5_e3_661.lus,l2l1,0.946,2,150,11,0,0,Not Found,invalid,9 2,1.214
/home/ubuntu/Lustre-exp/kind2-benchmarks/FMCAD08/Int32/protocol/rtp_5_e7_3972.lus,base,3.382,4,478,8,1,0,Not Found,timeout,5 4 3 2,290.217
/home/ubuntu/Lustre-exp/kind2-benchmarks/FMCAD08/Int32/simulation/car_5_e7_244_e2_693.lus,l2l1,0.389,2,153,12,0,0,Not Found,invalid,10 3,0.729
/home/ubuntu/Lustre-exp/kind2-benchmarks/FMCAD08/Int32/simulation/car_5_e7_244_e3_1071.lus,l2l1,0.844,2,148,11,0,0,Not Found,invalid,9 1,1.170
/home/ubuntu/Lustre-exp/kind2-benchmarks/FMCAD08/Int32/protocol/rtp_all_e7_2500.lus,base,1.563,1,372,19,0,0,Not Found,timeout,19,290.240
/home/ubuntu/Lustre-exp/kind2-benchmarks/FMCAD08/Int32/protocol/rtp_vt.lus,base,71.202,4,1650,24,3,3,Not Found,timeout,29 28 24 14,290.125
/home/ubuntu/Lustre-exp/kind2-benchmarks/FMCAD08/Int32/protocol/swimmingpool_1_e7_1621.lus,base,Not Found,Not Found,Not Found,Not Found,Not Found,Not Found,Not Found,timeout,Not Found,290.118
/home/ubuntu/Lustre-exp/kind2-benchmarks/FMCAD08/Int32/protocol/swimmingpool_1.lus,base,Not Found,Not Found,Not Found,Not Found,Not Found,Not Found,Not Found,timeout,Not Found,290.118
/home/ubuntu/Lustre-exp/kind2-benchmarks/FMCAD08/Int32/simulation/car_6_e2_589_e2_506.lus,l1l2,0.326,2,190,14,0,0,Not Found,invalid,12 3,0.675
/home/ubuntu/Lustre-exp/kind2-benchmarks/FMCAD08/Int32/simulation/car_6_e2_589_e3_349.lus,l2l1,0.365,2,146,12,0,0,Not Found,invalid,10 2,0.701
/home/ubuntu/Lustre-exp/kind2-benchmarks/FMCAD08/Int32/simulation/car_6_e2_893.lus,l1l2,0.327,2,174,13,0,0,Not Found,invalid,11 2,0.680
/home/ubuntu/Lustre-exp/kind2-benchmarks/FMCAD08/Int32/simulation/car_6_e3_294_e1_956.lus,l1l2,0.794,2,190,14,0,0,Not Found,invalid,12 3,1.160
/home/ubuntu/Lustre-exp/kind2-benchmarks/FMCAD08/Int32/simulation/car_6_e3_294_e3_47.lus,l1l2,0.863,2,174,13,0,0,Not Found,invalid,11 2,1.351
/home/ubuntu/Lustre-exp/kind2-benchmarks/FMCAD08/Int32/simulation/car_6_e3_294_e5_979.lus,l2l1,0.853,2,199,14,0,0,Not Found,invalid,13 2,1.159
/home/ubuntu/Lustre-exp/kind2-benchmarks/FMCAD08/Int32/protocol/swimmingpool_9.lus,base,10.790,5,759,11,2,0,Not Found,timeout,14 12 10 8 4,290.130
/home/ubuntu/Lustre-exp/kind2-benchmarks/FMCAD08/Int32/simulation/car_all_e1_618_e3_303.lus,l1l2,0.048,1,12,1,0,0,Not Found,invalid,0,0.404
/home/ubuntu/Lustre-exp/kind2-benchmarks/FMCAD08/Int32/simulation/car_1_e7_184_e3_299.lus,base,0.058,1,21,2,0,0,Not Found,timeout,2,290.180
/home/ubuntu/Lustre-exp/kind2-benchmarks/FMCAD08/Int32/simulation/car_all_e1_618.lus,l1l2,0.107,1,36,3,0,0,Not Found,invalid,1,0.468
/home/ubuntu/Lustre-exp/kind2-benchmarks/FMCAD08/Int32/simulation/car_all_e2_142_e7_209.lus,l1l2,0.577,3,182,7,0,0,Not Found,valid,6 5,0.932
/home/ubuntu/Lustre-exp/kind2-benchmarks/FMCAD08/Int32/simulation/car_all_e3_1068_e1_178.lus,l2l1,0.015,0,2,0,0,0,Not Found,invalid,Not Found,0.364
/home/ubuntu/Lustre-exp/kind2-benchmarks/FMCAD08/Int32/simulation/car_all_e3_1068_e2_13.lus,l2l1,0.016,0,2,0,0,0,Not Found,invalid,Not Found,0.368
/home/ubuntu/Lustre-exp/kind2-benchmarks/FMCAD08/Int32/simulation/car_all_e3_1068_e3_163.lus,l2l1,0.013,0,2,0,0,0,Not Found,invalid,Not Found,0.364
/home/ubuntu/Lustre-exp/kind2-benchmarks/FMCAD08/Int32/simulation/car_all_e2_142.lus,l1l2,2.039,6,567,8,2,0,Not Found,valid,5 4 3 2 1,2.394
/home/ubuntu/Lustre-exp/kind2-benchmarks/FMCAD08/Int32/simulation/car_all_e3_1068_e5_882.lus,l1l2,0.013,0,2,0,0,0,Not Found,invalid,Not Found,0.375
/home/ubuntu/Lustre-exp/kind2-benchmarks/FMCAD08/Int32/simulation/car_all_e3_1068.lus,l2l1,0.016,0,2,0,0,0,Not Found,invalid,Not Found,0.376
/home/ubuntu/Lustre-exp/kind2-benchmarks/FMCAD08/Int32/simulation/car_all_e3_1068_e4_275.lus,l2l1,2.485,6,567,8,2,0,Not Found,valid,5 4 3 2 1,2.772
/home/ubuntu/Lustre-exp/kind2-benchmarks/FMCAD08/Int32/simulation/car_all_e8_856_e1_217.lus,l2l1,0.049,1,12,1,0,0,Not Found,invalid,0,0.394
/home/ubuntu/Lustre-exp/kind2-benchmarks/FMCAD08/Int32/simulation/car_all_e7_188_e7_743.lus,l1l2,1.545,4,391,11,0,0,Not Found,valid,9 6 4,1.881
/home/ubuntu/Lustre-exp/kind2-benchmarks/FMCAD08/Int32/simulation/car_all_e8_856_e3_180.lus,l2l1,0.014,0,2,0,0,0,Not Found,invalid,Not Found,0.360
/home/ubuntu/Lustre-exp/kind2-benchmarks/FMCAD08/Int32/simulation/car_all_e8_856_e7_578.lus,l2l1,0.859,3,204,8,0,0,Not Found,valid,9 7,1.159
/home/ubuntu/Lustre-exp/kind2-benchmarks/FMCAD08/Int32/simulation/car_all_e8_856_e2_585.lus,l1l2,2.244,6,557,7,1,0,Not Found,valid,5 4 3 2 1,2.651
/home/ubuntu/Lustre-exp/kind2-benchmarks/FMCAD08/Int32/simulation/car_all_e8_856.lus,l1l2,6.236,6,901,10,2,0,Not Found,valid,10 7 5 3 2,6.722
/home/ubuntu/Lustre-exp/kind2-benchmarks/FMCAD08/Int32/simulation/car_all.lus,l2l1,4.768,5,689,11,3,0,Not Found,valid,10 7 5 3 2,6.959
/home/ubuntu/Lustre-exp/kind2-benchmarks/FMCAD08/Int32/simulation/car_5_e7_244_e1_823.lus,base,68.498,8,1474,10,0,0,Not Found,timeout,10 9 8 7 6 5 4 3,290.158
/home/ubuntu/Lustre-exp/kind2-benchmarks/FMCAD08/Int32/simulation/car_5_e7_244.lus,base,83.926,8,1647,11,0,0,Not Found,timeout,10 8 7 6 5 4 3 2,290.149
/home/ubuntu/Lustre-exp/kind2-benchmarks/FMCAD08/Int32/simulation/fast_1_e7_2044_e7_1287.lus,l2l1,0.022,0,2,0,0,0,Not Found,invalid,Not Found,0.366
/home/ubuntu/Lustre-exp/kind2-benchmarks/FMCAD08/Int32/simulation/fast_1_e7_2044.lus,l2l1,0.015,0,2,0,0,0,Not Found,invalid,Not Found,0.374
/home/ubuntu/Lustre-exp/kind2-benchmarks/FMCAD08/Int32/simulation/fast_1_e8_747_e7_692.lus,l2l1,0.020,0,2,0,0,0,Not Found,invalid,Not Found,0.375
/home/ubuntu/Lustre-exp/kind2-benchmarks/FMCAD08/Int32/simulation/fast_1_e8_747_e8_1041.lus,l1l2,0.109,3,92,3,0,0,Not Found,valid,1 0,0.464
/home/ubuntu/Lustre-exp/kind2-benchmarks/FMCAD08/Int32/simulation/fast_1_e8_751.lus,l2l1,0.130,3,109,4,0,0,Not Found,valid,1 0,0.464
/home/ubuntu/Lustre-exp/kind2-benchmarks/FMCAD08/Int32/simulation/fast_1.lus,l2l1,0.142,3,109,4,0,0,Not Found,valid,1 0,0.482
/home/ubuntu/Lustre-exp/kind2-benchmarks/FMCAD08/Int32/simulation/fast_2_e7_2526_e7_2736.lus,l2l1,0.023,0,2,0,0,0,Not Found,invalid,Not Found,0.381
/home/ubuntu/Lustre-exp/kind2-benchmarks/FMCAD08/Int32/simulation/fast_2_e7_2526.lus,l1l2,0.021,0,2,0,0,0,Not Found,invalid,Not Found,0.374
/home/ubuntu/Lustre-exp/kind2-benchmarks/FMCAD08/Int32/simulation/fast_2_e8_460_e7_43.lus,l2l1,0.025,0,2,0,0,0,Not Found,invalid,Not Found,0.370
/home/ubuntu/Lustre-exp/kind2-benchmarks/FMCAD08/Int32/simulation/fast_2_e8_460_e8_1920.lus,l2l1,0.222,3,161,7,0,0,Not Found,valid,2 1,0.570
/home/ubuntu/Lustre-exp/kind2-benchmarks/FMCAD08/Int32/simulation/fast_2_e8_976.lus,l1l2,0.235,3,160,7,0,0,Not Found,valid,2 1,0.588
/home/ubuntu/Lustre-exp/kind2-benchmarks/FMCAD08/Int32/simulation/fast_2.lus,l1l2,0.221,3,163,7,0,0,Not Found,valid,1 0,0.580
/home/ubuntu/Lustre-exp/kind2-benchmarks/FMCAD08/Int32/simulation/car_5.lus,base,85.281,8,1522,10,0,0,Not Found,timeout,10 9 8 7 6 5 4 3,290.165
/home/ubuntu/Lustre-exp/kind2-benchmarks/FMCAD08/Int32/simulation/hysteresis_1.lus,l2l1,0.018,2,12,0,0,0,Not Found,valid,0,0.359
/home/ubuntu/Lustre-exp/kind2-benchmarks/FMCAD08/Int32/simulation/hysteresis_2.lus,l2l1,0.175,3,114,4,0,0,Not Found,valid,4 3,0.499
/home/ubuntu/Lustre-exp/kind2-benchmarks/FMCAD08/Int32/simulation/hysteresis_3.lus,l1l2,0.089,3,76,2,0,0,Not Found,valid,2 1,0.431
/home/ubuntu/Lustre-exp/kind2-benchmarks/FMCAD08/Int32/simulation/hysteresis_all.lus,l2l1,0.227,3,153,7,0,0,Not Found,valid,7 4,0.539
/home/ubuntu/Lustre-exp/kind2-benchmarks/FMCAD08/Int32/simulation/car_6_e1_152_e1_391.lus,base,85.383,9,1999,13,0,0,Not Found,timeout,10 9 8 7 6 5 4 3 2,290.165
/home/ubuntu/Lustre-exp/kind2-benchmarks/FMCAD08/Int32/simulation/car_6_e1_152.lus,base,110.730,9,1975,12,0,0,Not Found,timeout,10 9 8 7 6 5 4 3 2,290.148
/home/ubuntu/Lustre-exp/kind2-benchmarks/FMCAD08/Int32/simulation/car_6.lus,base,53.734,9,1978,13,0,0,Not Found,timeout,10 9 8 7 6 5 4 3 2,290.166
/home/ubuntu/Lustre-exp/kind2-benchmarks/FMCAD08/Int32/simulation/cd_e7_621_e7_669.lus,base,Not Found,Not Found,Not Found,Not Found,Not Found,Not Found,Not Found,timeout,Not Found,290.119
/home/ubuntu/Lustre-exp/kind2-benchmarks/FMCAD08/Int32/simulation/cd_e7_8.lus,base,Not Found,Not Found,Not Found,Not Found,Not Found,Not Found,Not Found,timeout,Not Found,290.115
/home/ubuntu/Lustre-exp/kind2-benchmarks/FMCAD08/Int32/simulation/cd.lus,base,70.794,4,679,15,0,1,Not Found,timeout,6 5 4 3,290.213
/home/ubuntu/Lustre-exp/kind2-benchmarks/FMCAD08/Int32/simulation/metros_1_e1_846_e1_1317.lus,l2l1,207.811,3,560,17,0,0,Not Found,valid,13 11 7,237.746
/home/ubuntu/Lustre-exp/kind2-benchmarks/FMCAD08/Int32/simulation/Gas.lus,base,230.554,2,2872,37,1,0,Not Found,timeout,66 31,290.157
/home/ubuntu/Lustre-exp/kind2-benchmarks/FMCAD08/Int32/simulation/metros_1_e2_1102_e2_943.lus,l1l2,136.687,4,914,20,0,0,Not Found,valid,7 1 0,137.332
/home/ubuntu/Lustre-exp/kind2-benchmarks/FMCAD08/Int32/simulation/metros_1_e1_846_e2_1394.lus,l2l1,189.009,3,931,22,0,0,Not Found,valid,7 2 0,194.614
/home/ubuntu/Lustre-exp/kind2-benchmarks/FMCAD08/Int32/simulation/metros_1_e1_846_e3_1060.lus,base,215.193,3,633,20,0,0,Not Found,timeout,8 6 5,290.123
/home/ubuntu/Lustre-exp/kind2-benchmarks/FMCAD08/Int32/simulation/metros_1_e8_725_e1_919.lus,l2l1,0.093,2,26,1,0,0,Not Found,valid,1,0.437
/home/ubuntu/Lustre-exp/kind2-benchmarks/FMCAD08/Int32/simulation/metros_1_e8_725_e2_1144.lus,l2l1,0.099,2,26,1,0,0,Not Found,valid,1,0.435
/home/ubuntu/Lustre-exp/kind2-benchmarks/FMCAD08/Int32/simulation/metros_1_e8_725_e3_556.lus,l1l2,0.141,2,26,1,0,0,Not Found,valid,1,0.483
/home/ubuntu/Lustre-exp/kind2-benchmarks/FMCAD08/Int32/simulation/metros_1_e8_725.lus,l2l1,0.091,2,26,1,0,0,Not Found,valid,1,0.433
/home/ubuntu/Lustre-exp/kind2-benchmarks/FMCAD08/Int32/simulation/metros_1_e2_1102_e1_317.lus,l2l1,78.659,2,398,15,0,0,Not Found,valid,17 14,251.508
/home/ubuntu/Lustre-exp/kind2-benchmarks/FMCAD08/Int32/simulation/metros_1_e1_846_e7_397.lus,base,55.810,2,472,18,0,0,Not Found,timeout,19 15,290.123
/home/ubuntu/Lustre-exp/kind2-benchmarks/FMCAD08/Int32/simulation/metros_1_e2_627.lus,l1l2,218.594,4,664,19,0,0,Not Found,valid,10 8 6,219.254
/home/ubuntu/Lustre-exp/kind2-benchmarks/FMCAD08/Int32/simulation/metros_1_e2_1102_e3_961.lus,base,272.733,3,781,23,0,0,Not Found,timeout,9 6 4,290.121
/home/ubuntu/Lustre-exp/kind2-benchmarks/FMCAD08/Int32/simulation/metros_2_e1_1116_e3_287.lus,l1l2,42.563,2,570,21,0,0,Not Found,invalid,25 9,43.253
/home/ubuntu/Lustre-exp/kind2-benchmarks/FMCAD08/Int32/simulation/metros_1_e2_1102_e7_1163.lus,base,14.795,2,273,12,0,0,Not Found,timeout,13 10,290.122
/home/ubuntu/Lustre-exp/kind2-benchmarks/FMCAD08/Int32/simulation/metros_1_e7_1255_e7_12.lus,base,8.612,2,271,12,0,0,Not Found,timeout,12 8,290.122
/home/ubuntu/Lustre-exp/kind2-benchmarks/FMCAD08/Int32/simulation/metros_1_e7_606.lus,base,1.274,2,198,9,0,0,Not Found,timeout,11 8,290.122
/home/ubuntu/Lustre-exp/kind2-benchmarks/FMCAD08/Int32/simulation/metros_2_e2_704_e3_76.lus,l2l1,0.162,1,35,3,0,0,Not Found,invalid,3,12.714
/home/ubuntu/Lustre-exp/kind2-benchmarks/FMCAD08/Int32/simulation/metros_2_e2_704_e7_810.lus,l2l1,0.232,1,48,4,0,0,Not Found,invalid,4,25.423
/home/ubuntu/Lustre-exp/kind2-benchmarks/FMCAD08/Int32/simulation/metros_1.lus,l2l1,220.562,3,821,22,0,0,Not Found,valid,10 6 4,261.448
/home/ubuntu/Lustre-exp/kind2-benchmarks/FMCAD08/Int32/simulation/metros_2_e1_1116_e1_556.lus,base,228.067,2,665,21,0,0,Not Found,timeout,23 14,290.124
/home/ubuntu/Lustre-exp/kind2-benchmarks/FMCAD08/Int32/simulation/metros_2_e1_1116_e2_617.lus,base,98.311,2,397,15,0,0,Not Found,timeout,16 10,290.122
/home/ubuntu/Lustre-exp/kind2-benchmarks/FMCAD08/Int32/simulation/metros_2_e1_1116_e7_1440.lus,base,0.172,1,37,3,0,0,Not Found,timeout,3,290.123
/home/ubuntu/Lustre-exp/kind2-benchmarks/FMCAD08/Int32/simulation/metros_2_e1_190.lus,base,108.370,2,421,13,0,0,Not Found,timeout,19 10,290.122
/home/ubuntu/Lustre-exp/kind2-benchmarks/FMCAD08/Int32/simulation/metros_2_e2_704_e1_389.lus,base,175.589,2,475,16,0,0,Not Found,timeout,18 10,290.123
/home/ubuntu/Lustre-exp/kind2-benchmarks/FMCAD08/Int32/simulation/metros_2_e2_704_e2_13.lus,base,256.707,3,544,16,0,0,Not Found,timeout,6 3 2,290.136
/home/ubuntu/Lustre-exp/kind2-benchmarks/FMCAD08/Int32/simulation/metros_2_e2_968.lus,base,210.066,2,586,19,0,0,Not Found,timeout,21 11,290.119
/home/ubuntu/Lustre-exp/kind2-benchmarks/FMCAD08/Int32/simulation/metros_2_e3_112.lus,base,278.398,2,637,21,0,0,Not Found,timeout,24 16,290.124
/home/ubuntu/Lustre-exp/kind2-benchmarks/FMCAD08/Int32/simulation/metros_2.lus,base,159.173,2,513,17,0,0,Not Found,timeout,20 9,290.122
/home/ubuntu/Lustre-exp/kind2-benchmarks/FMCAD08/Int32/simulation/metros_3_e3_1275_e1_1350.lus,base,0.375,1,31,3,0,0,Not Found,timeout,3,290.120
/home/ubuntu/Lustre-exp/kind2-benchmarks/FMCAD08/Int32/simulation/metros_3_e3_1275_e2_454.lus,base,0.325,1,25,2,0,0,Not Found,timeout,2,290.118
/home/ubuntu/Lustre-exp/kind2-benchmarks/FMCAD08/Int32/simulation/metros_3_e3_1275_e3_640.lus,base,0.420,1,33,3,0,0,Not Found,timeout,3,290.120
/home/ubuntu/Lustre-exp/kind2-benchmarks/FMCAD08/Int32/simulation/metros_3_e3_1275_e4_164.lus,base,0.160,1,14,1,0,0,Not Found,timeout,1,290.120
/home/ubuntu/Lustre-exp/kind2-benchmarks/FMCAD08/Int32/simulation/metros_3_e3_1275_e5_846.lus,base,0.267,1,23,2,0,0,Not Found,timeout,2,290.119
/home/ubuntu/Lustre-exp/kind2-benchmarks/FMCAD08/Int32/simulation/metros_3_e3_1275_e6_1315.lus,base,0.360,1,31,3,0,0,Not Found,timeout,3,290.118
/home/ubuntu/Lustre-exp/kind2-benchmarks/FMCAD08/Int32/simulation/metros_3_e3_1275_e7_529.lus,base,0.831,1,65,6,0,0,Not Found,timeout,6,290.120
/home/ubuntu/Lustre-exp/kind2-benchmarks/FMCAD08/Int32/simulation/metros_3_e3_1275.lus,base,0.486,1,44,4,0,0,Not Found,timeout,4,290.117
/home/ubuntu/Lustre-exp/kind2-benchmarks/FMCAD08/Int32/simulation/metros_3_e4_987_e1_1115.lus,base,0.473,1,31,3,0,0,Not Found,timeout,3,290.121
/home/ubuntu/Lustre-exp/kind2-benchmarks/FMCAD08/Int32/simulation/metros_3_e4_987_e2_80.lus,base,0.344,1,29,2,0,0,Not Found,timeout,2,290.119
/home/ubuntu/Lustre-exp/kind2-benchmarks/FMCAD08/Int32/simulation/metros_3_e4_987_e3_291.lus,base,0.416,1,33,3,0,0,Not Found,timeout,3,290.121
/home/ubuntu/Lustre-exp/kind2-benchmarks/FMCAD08/Int32/simulation/metros_3_e4_987.lus,base,0.426,1,35,3,0,0,Not Found,timeout,3,290.120
/home/ubuntu/Lustre-exp/kind2-benchmarks/FMCAD08/Int32/simulation/metros_3.lus,base,0.403,1,31,3,0,0,Not Found,timeout,3,290.119
/home/ubuntu/Lustre-exp/kind2-benchmarks/FMCAD08/Int32/simulation/metros_4_e1_821_e5_911.lus,base,0.247,1,18,1,0,0,Not Found,timeout,1,290.118
/home/ubuntu/Lustre-exp/kind2-benchmarks/FMCAD08/Int32/simulation/metros_4_e1_917.lus,base,0.284,1,23,2,0,0,Not Found,timeout,2,290.121
/home/ubuntu/Lustre-exp/kind2-benchmarks/FMCAD08/Int32/simulation/metros_4_e2_968_e1_956.lus,base,0.167,1,16,1,0,0,Not Found,timeout,1,290.119
/home/ubuntu/Lustre-exp/kind2-benchmarks/FMCAD08/Int32/simulation/metros_4_e2_968_e2_1166.lus,base,0.241,1,23,2,0,0,Not Found,timeout,2,290.120
/home/ubuntu/Lustre-exp/kind2-benchmarks/FMCAD08/Int32/simulation/metros_4_e2_968_e3_931.lus,base,0.242,1,25,2,0,0,Not Found,timeout,2,290.119
/home/ubuntu/Lustre-exp/kind2-benchmarks/FMCAD08/Int32/simulation/metros_4_e2_968_e4_801.lus,base,0.281,1,27,2,0,0,Not Found,timeout,2,290.120
/home/ubuntu/Lustre-exp/kind2-benchmarks/FMCAD08/Int32/simulation/metros_4_e2_968_e5_991.lus,base,0.484,1,44,4,0,0,Not Found,timeout,4,290.121
/home/ubuntu/Lustre-exp/kind2-benchmarks/FMCAD08/Int32/simulation/metros_4_e2_968_e6_236.lus,base,0.182,1,14,1,0,0,Not Found,timeout,1,290.130
/home/ubuntu/Lustre-exp/kind2-benchmarks/FMCAD08/Int32/simulation/metros_4_e2_968_e7_860.lus,base,0.453,1,37,3,0,0,Not Found,timeout,3,290.118
/home/ubuntu/Lustre-exp/kind2-benchmarks/FMCAD08/Int32/simulation/metros_4_e2_968.lus,base,0.413,1,33,3,0,0,Not Found,timeout,3,290.120
/home/ubuntu/Lustre-exp/kind2-benchmarks/FMCAD08/Int32/simulation/metros_4_e3_1025.lus,base,0.284,1,27,2,0,0,Not Found,timeout,2,290.119
/home/ubuntu/Lustre-exp/kind2-benchmarks/FMCAD08/Int32/simulation/metros_4_e3_1091_e1_1044.lus,base,0.151,1,16,1,0,0,Not Found,timeout,1,290.119
/home/ubuntu/Lustre-exp/kind2-benchmarks/FMCAD08/Int32/simulation/PRODUCER_CONSUMER_1.lus,l2l1,0.213,4,144,2,0,0,Not Found,valid,2 1 0,0.531
/home/ubuntu/Lustre-exp/kind2-benchmarks/FMCAD08/Int32/simulation/PRODUCER_CONSUMER_2.lus,l2l1,0.042,2,25,1,0,0,Not Found,valid,1,0.374
/home/ubuntu/Lustre-exp/kind2-benchmarks/FMCAD08/Int32/simulation/PRODUCER_CONSUMER_3.lus,l2l1,0.082,2,27,1,0,0,Not Found,valid,1,0.407
/home/ubuntu/Lustre-exp/kind2-benchmarks/FMCAD08/Int32/simulation/PRODUCER_CONSUMER_all.lus,l2l1,0.112,2,40,2,0,0,Not Found,valid,2,0.448
/home/ubuntu/Lustre-exp/kind2-benchmarks/FMCAD08/Int32/simulation/metros_4_e3_1091_e2_1317.lus,base,0.247,1,23,2,0,0,Not Found,timeout,2,290.117
/home/ubuntu/Lustre-exp/kind2-benchmarks/FMCAD08/Int32/simulation/metros_4_e3_1091_e3_522.lus,base,0.338,1,27,2,0,0,Not Found,timeout,2,290.120
/home/ubuntu/Lustre-exp/kind2-benchmarks/FMCAD08/Int32/simulation/metros_4_e3_1091_e4_232.lus,base,0.374,1,33,3,0,0,Not Found,timeout,3,290.120
/home/ubuntu/Lustre-exp/kind2-benchmarks/FMCAD08/Int32/simulation/metros_4_e5_1150.lus,base,0.437,1,25,2,0,0,Not Found,timeout,2,290.121
/home/ubuntu/Lustre-exp/kind2-benchmarks/FMCAD08/Int32/simulation/PRODUCER_CONSUMMER_luke_1.lus,l2l1,0.015,0,2,0,0,0,Not Found,invalid,Not Found,0.366
/home/ubuntu/Lustre-exp/kind2-benchmarks/FMCAD08/Int32/simulation/metros_4.lus,base,0.148,1,14,1,0,0,Not Found,timeout,1,290.118
/home/ubuntu/Lustre-exp/kind2-benchmarks/FMCAD08/Int32/simulation/metros_5_e4_1208_e1_337.lus,base,1.876,1,79,7,0,0,Not Found,timeout,7,290.121
/home/ubuntu/Lustre-exp/kind2-benchmarks/FMCAD08/Int32/simulation/metros_5.lus,base,1.057,1,56,5,0,0,Not Found,timeout,5,290.120
/home/ubuntu/Lustre-exp/kind2-benchmarks/FMCAD08/Int32/simulation/PRODUCER_CONSUMER_vt_e2_1352.lus,base,3.163,1,27,2,0,0,Not Found,timeout,2,290.117
/home/ubuntu/Lustre-exp/kind2-benchmarks/FMCAD08/Int32/simulation/PRODUCER_CONSUMER_vt_e3_507.lus,base,3.951,1,39,3,0,0,Not Found,timeout,3,290.118
/home/ubuntu/Lustre-exp/kind2-benchmarks/FMCAD08/Int32/simulation/PRODUCER_CONSUMER_vt_e7_1059_e8_1111.lus,base,2.327,1,27,2,0,0,Not Found,timeout,2,290.120
/home/ubuntu/Lustre-exp/kind2-benchmarks/FMCAD08/Int32/simulation/speed2_e8_449_e8_517.lus,l1l2,0.143,3,156,7,0,0,Not Found,valid,5 2,0.479
/home/ubuntu/Lustre-exp/kind2-benchmarks/FMCAD08/Int32/simulation/speed2_e8_449.lus,l2l1,0.096,3,91,3,0,0,Not Found,valid,3 2,0.424
/home/ubuntu/Lustre-exp/kind2-benchmarks/FMCAD08/Int32/simulation/PRODUCER_CONSUMER_vt.lus,base,2.286,1,27,2,0,0,Not Found,timeout,2,290.123
/home/ubuntu/Lustre-exp/kind2-benchmarks/FMCAD08/Int32/simulation/speed_e7_207_e7_538.lus,l1l2,0.013,2,12,0,0,0,Not Found,valid,0,0.356
/home/ubuntu/Lustre-exp/kind2-benchmarks/FMCAD08/Int32/simulation/speed_e7_207_e8_507.lus,l2l1,0.016,2,12,0,0,0,Not Found,valid,0,0.354
/home/ubuntu/Lustre-exp/kind2-benchmarks/FMCAD08/Int32/simulation/speed_e7_207.lus,l2l1,0.014,2,12,0,0,0,Not Found,valid,0,0.357
/home/ubuntu/Lustre-exp/kind2-benchmarks/FMCAD08/Int32/simulation/speed_e8_649_e7_709.lus,l2l1,0.016,2,12,0,0,0,Not Found,valid,0,0.358
/home/ubuntu/Lustre-exp/kind2-benchmarks/FMCAD08/Int32/simulation/speed_e8_649.lus,l2l1,0.017,2,12,0,0,0,Not Found,valid,0,0.356
/home/ubuntu/Lustre-exp/kind2-benchmarks/FMCAD08/Real_Int/large/ccp01.lus,l1l2,11.484,4,233,4,0,0,Not Found,valid,3 2 1,12.014
/home/ubuntu/Lustre-exp/kind2-benchmarks/FMCAD08/Real_Int/large/ccp02.lus,l1l2,5.655,3,93,2,0,0,Not Found,valid,1 0,6.149
/home/ubuntu/Lustre-exp/kind2-benchmarks/FMCAD08/Real_Int/large/ccp03.lus,l1l2,7.815,4,185,3,0,0,Not Found,valid,2 1 0,8.306
/home/ubuntu/Lustre-exp/kind2-benchmarks/FMCAD08/Real_Int/large/ccp04.lus,l2l1,1.270,2,41,2,0,0,Not Found,valid,2,1.733
/home/ubuntu/Lustre-exp/kind2-benchmarks/FMCAD08/Real_Int/large/ccp05.lus,l1l2,0.023,2,12,0,0,0,Not Found,valid,0,0.499
/home/ubuntu/Lustre-exp/kind2-benchmarks/FMCAD08/Real_Int/large/ccp06.lus,l2l1,0.037,2,12,0,0,0,Not Found,valid,0,0.748
/home/ubuntu/Lustre-exp/kind2-benchmarks/FMCAD08/Real_Int/large/ccp07.lus,l2l1,0.039,2,12,0,0,0,Not Found,valid,0,0.762
/home/ubuntu/Lustre-exp/kind2-benchmarks/FMCAD08/Real_Int/large/ccp08.lus,l1l2,3.896,3,191,7,0,0,Not Found,valid,7 6,4.604
/home/ubuntu/Lustre-exp/kind2-benchmarks/FMCAD08/Real_Int/large/ccp09.lus,l1l2,0.034,2,12,0,0,0,Not Found,valid,0,0.762
/home/ubuntu/Lustre-exp/kind2-benchmarks/FMCAD08/Real_Int/large/ccp10.lus,l1l2,10.746,2,126,9,0,0,Not Found,invalid,0,11.737
/home/ubuntu/Lustre-exp/kind2-benchmarks/FMCAD08/Int32/simulation/PRODUCER_CONSUMMER_luke_2_e7_1068_e8_1019.lus,base,2.042,1,27,2,0,0,Not Found,timeout,2,290.122
/home/ubuntu/Lustre-exp/kind2-benchmarks/FMCAD08/Int32/simulation/PRODUCER_CONSUMMER_luke_2.lus,base,2.078,1,27,2,0,0,Not Found,timeout,2,290.121
/home/ubuntu/Lustre-exp/kind2-benchmarks/FMCAD08/Real_Int/large/ccp12.lus,l1l2,63.431,2,1078,32,1,0,Not Found,invalid,0,64.385
/home/ubuntu/Lustre-exp/kind2-benchmarks/FMCAD08/Int32/simulation/speed2_e7_223_e7_213.lus,base,0.620,2,251,9,0,0,Not Found,timeout,13 7,290.141
/home/ubuntu/Lustre-exp/kind2-benchmarks/FMCAD08/Real_Int/large/ccp15.lus,l2l1,0.039,2,12,0,0,0,Not Found,valid,0,0.788
/home/ubuntu/Lustre-exp/kind2-benchmarks/FMCAD08/Real_Int/large/ccp16.lus,l1l2,0.009,2,12,0,0,0,Not Found,valid,0,0.382
/home/ubuntu/Lustre-exp/kind2-benchmarks/FMCAD08/Real_Int/large/ccp17.lus,l1l2,3.550,3,202,6,0,0,Not Found,valid,7 5,4.590
/home/ubuntu/Lustre-exp/kind2-benchmarks/FMCAD08/Real_Int/large/ccp18.lus,l2l1,3.993,3,147,6,0,0,Not Found,valid,6 5,4.654
/home/ubuntu/Lustre-exp/kind2-benchmarks/FMCAD08/Real_Int/large/ccp19.lus,l2l1,0.039,2,12,0,0,0,Not Found,valid,0,0.784
/home/ubuntu/Lustre-exp/kind2-benchmarks/FMCAD08/Real_Int/large/ccp20.lus,l1l2,19.898,4,896,18,0,0,Not Found,valid,8 3 0,20.749
/home/ubuntu/Lustre-exp/kind2-benchmarks/FMCAD08/Int32/simulation/speed2_e7_223_e8_329.lus,base,4.153,4,481,11,0,1,Not Found,timeout,8 7 4 2,290.147
/home/ubuntu/Lustre-exp/kind2-benchmarks/FMCAD08/Int32/simulation/speed2_e7_496.lus,base,0.301,2,153,7,0,0,Not Found,timeout,8 5,290.160
/home/ubuntu/Lustre-exp/kind2-benchmarks/FMCAD08/Real_Int/large/ccp14.lus,l1l2,78.747,2,1860,42,2,0,Not Found,invalid,0,79.590
/home/ubuntu/Lustre-exp/kind2-benchmarks/FMCAD08/Real_Int/large/ccp21.lus,l2l1,11.238,1,131,9,0,0,Not Found,invalid,9,43.538
/home/ubuntu/Lustre-exp/kind2-benchmarks/FMCAD08/Real_Int/large/cruise_controller_01.lus,l2l1,3.054,4,201,3,0,0,Not Found,valid,2 1 0,3.769
/home/ubuntu/Lustre-exp/kind2-benchmarks/FMCAD08/Real_Int/large/cruise_controller_02.lus,l1l2,2.790,4,192,3,0,0,Not Found,valid,2 1 0,3.507
/home/ubuntu/Lustre-exp/kind2-benchmarks/FMCAD08/Real_Int/large/cruise_controller_03.lus,l1l2,2.577,4,187,3,0,0,Not Found,valid,2 1 0,3.281
/home/ubuntu/Lustre-exp/kind2-benchmarks/FMCAD08/Real_Int/large/cruise_controller_04.lus,l2l1,0.268,2,39,2,0,0,Not Found,valid,2,0.676
/home/ubuntu/Lustre-exp/kind2-benchmarks/FMCAD08/Real_Int/large/cruise_controller_05.lus,l2l1,0.025,2,12,0,0,0,Not Found,valid,0,0.426
/home/ubuntu/Lustre-exp/kind2-benchmarks/FMCAD08/Real_Int/large/cruise_controller_06.lus,l1l2,0.030,2,12,0,0,0,Not Found,valid,0,0.518
/home/ubuntu/Lustre-exp/kind2-benchmarks/FMCAD08/Real_Int/large/cruise_controller_07.lus,l1l2,0.029,2,12,0,0,0,Not Found,valid,0,0.506
/home/ubuntu/Lustre-exp/kind2-benchmarks/FMCAD08/Int32/simulation/speed2_e8_449_e7_353.lus,base,0.175,2,92,4,0,0,Not Found,timeout,5 3,290.157
/home/ubuntu/Lustre-exp/kind2-benchmarks/FMCAD08/Real_Int/large/cruise_controller_09.lus,l2l1,6.948,1,119,10,0,0,Not Found,invalid,8,7.355
/home/ubuntu/Lustre-exp/kind2-benchmarks/FMCAD08/Real_Int/large/cruise_controller_10.lus,l1l2,11.618,4,1590,34,0,0,Not Found,valid,16 10 0,12.123
/home/ubuntu/Lustre-exp/kind2-benchmarks/FMCAD08/Real_Int/large/cruise_controller_11.lus,l1l2,0.034,2,12,0,0,0,Not Found,valid,0,0.533
/home/ubuntu/Lustre-exp/kind2-benchmarks/FMCAD08/Real_Int/large/cruise_controller_12.lus,l2l1,0.993,3,148,5,0,0,Not Found,valid,5 4,1.459
/home/ubuntu/Lustre-exp/kind2-benchmarks/FMCAD08/Real_Int/large/cruise_controller_13.lus,l1l2,0.027,2,12,0,0,0,Not Found,valid,0,0.514
/home/ubuntu/Lustre-exp/kind2-benchmarks/FMCAD08/Real_Int/large/cruise_controller_14.lus,l1l2,0.530,3,124,3,0,0,Not Found,valid,3 2,1.010
/home/ubuntu/Lustre-exp/kind2-benchmarks/FMCAD08/Real_Int/large/cruise_controller_15.lus,l2l1,11.962,2,1436,33,1,0,Not Found,invalid,0,12.456
/home/ubuntu/Lustre-exp/kind2-benchmarks/FMCAD08/Real_Int/large/ccp11.lus,l2l1,85.325,4,2793,41,1,0,Not Found,invalid,35 29 19 17,224.833
/home/ubuntu/Lustre-exp/kind2-benchmarks/FMCAD08/Int32/simulation/speed2.lus,base,3.891,4,410,9,0,0,Not Found,timeout,7 6 4 2,290.133
/home/ubuntu/Lustre-exp/kind2-benchmarks/FMCAD08/Real_Int/large/cruise_controller_18.lus,l2l1,9.613,4,362,13,0,0,Not Found,valid,8 6 3,10.069
/home/ubuntu/Lustre-exp/kind2-benchmarks/FMCAD08/Real_Int/large/ccp23.lus,l2l1,42.743,3,1226,25,0,0,Not Found,invalid,13 8 4,87.934
/home/ubuntu/Lustre-exp/kind2-benchmarks/FMCAD08/Real_Int/large/cruise_controller_17.lus,l2l1,8.222,1,253,15,0,0,Not Found,invalid,15,19.440
/home/ubuntu/Lustre-exp/kind2-benchmarks/FMCAD08/Real_Int/large/cruise_controller_21.lus,l2l1,0.028,2,13,0,0,0,Not Found,invalid,0,0.511
/home/ubuntu/Lustre-exp/kind2-benchmarks/FMCAD08/Real_Int/large/cruise_controller_19.lus,l1l2,8.546,4,395,12,0,0,Not Found,valid,7 5 3,9.054
/home/ubuntu/Lustre-exp/kind2-benchmarks/FMCAD08/Real_Int/large/cruise_controller_20.lus,l2l1,2.880,1,136,10,0,0,Not Found,invalid,10,15.365
/home/ubuntu/Lustre-exp/kind2-benchmarks/FMCAD08/Real_Int/large/cruise_controller_24.lus,l1l2,0.484,3,89,3,0,0,Not Found,valid,2 1,0.978
/home/ubuntu/Lustre-exp/kind2-benchmarks/FMCAD08/Real_Int/large/cruise_controller_22.lus,l2l1,15.398,2,799,28,1,0,Not Found,invalid,27 17,15.800
/home/ubuntu/Lustre-exp/kind2-benchmarks/FMCAD08/Real_Int32/large/ccp01.lus,l1l2,7.242,3,89,2,0,0,Not Found,valid,1 0,7.747
/home/ubuntu/Lustre-exp/kind2-benchmarks/FMCAD08/Real_Int32/large/ccp02.lus,l1l2,6.141,3,95,2,0,0,Not Found,valid,1 0,6.634
/home/ubuntu/Lustre-exp/kind2-benchmarks/FMCAD08/Real_Int32/large/ccp04.lus,l1l2,1.445,2,41,2,0,0,Not Found,valid,2,1.958
/home/ubuntu/Lustre-exp/kind2-benchmarks/FMCAD08/Real_Int32/large/ccp03.lus,l1l2,5.243,3,87,2,0,0,Not Found,valid,1 0,5.759
/home/ubuntu/Lustre-exp/kind2-benchmarks/FMCAD08/Real_Int32/large/ccp05.lus,l1l2,0.030,2,12,0,0,0,Not Found,valid,0,0.523
/home/ubuntu/Lustre-exp/kind2-benchmarks/FMCAD08/Real_Int32/large/ccp06.lus,l2l1,0.048,2,12,0,0,0,Not Found,valid,0,0.813
/home/ubuntu/Lustre-exp/kind2-benchmarks/FMCAD08/Real_Int32/large/ccp07.lus,l1l2,0.052,2,12,0,0,0,Not Found,valid,0,0.767
/home/ubuntu/Lustre-exp/kind2-benchmarks/FMCAD08/Real_Int32/large/ccp09.lus,l2l1,0.053,2,12,0,0,0,Not Found,valid,0,0.774
/home/ubuntu/Lustre-exp/kind2-benchmarks/FMCAD08/Real_Int32/large/ccp08.lus,l2l1,1.678,1,30,2,0,0,Not Found,valid,2,4.746
/home/ubuntu/Lustre-exp/kind2-benchmarks/FMCAD08/Real_Int32/large/ccp10.lus,l2l1,15.402,1,71,7,0,0,Not Found,invalid,5,16.619
/home/ubuntu/Lustre-exp/kind2-benchmarks/FMCAD08/Real_Int/large/cruise_controller_08.lus,l1l2,105.943,2,11228,143,2,4,Not Found,invalid,0,106.468
/home/ubuntu/Lustre-exp/kind2-benchmarks/FMCAD08/Real_Int/large/ccp13.lus,base,89.677,3,1865,35,3,2,Not Found,timeout,39 27 14,290.127
/home/ubuntu/Lustre-exp/kind2-benchmarks/FMCAD08/Real_Int/large/cruise_controller_23.lus,l1l2,119.594,2,10623,142,2,6,Not Found,invalid,0,120.241
/home/ubuntu/Lustre-exp/kind2-benchmarks/FMCAD08/Real_Int32/large/ccp15.lus,l1l2,0.048,2,12,0,0,0,Not Found,valid,0,0.790
/home/ubuntu/Lustre-exp/kind2-benchmarks/FMCAD08/Real_Int32/large/ccp16.lus,l2l1,0.007,2,12,0,0,0,Not Found,valid,0,0.383
/home/ubuntu/Lustre-exp/kind2-benchmarks/FMCAD08/Real_Int32/large/ccp17.lus,l2l1,8.103,1,70,6,0,0,Not Found,valid,6,10.154
/home/ubuntu/Lustre-exp/kind2-benchmarks/FMCAD08/Real_Int32/large/ccp18.lus,l1l2,2.704,3,129,4,0,0,Not Found,valid,5 4,3.704
/home/ubuntu/Lustre-exp/kind2-benchmarks/FMCAD08/Real_Int32/large/ccp19.lus,l2l1,0.052,2,12,0,0,0,Not Found,valid,0,0.774
/home/ubuntu/Lustre-exp/kind2-benchmarks/FMCAD08/Real_Int32/large/ccp12.lus,l2l1,35.720,1,200,12,0,0,Not Found,invalid,12,96.565
/home/ubuntu/Lustre-exp/kind2-benchmarks/FMCAD08/Real_Int32/large/ccp14.lus,l2l1,30.944,1,106,8,0,0,Not Found,invalid,8,39.543
/home/ubuntu/Lustre-exp/kind2-benchmarks/FMCAD08/Real_Int/large/cruise_controller_16.lus,l2l1,23.774,3,2382,42,0,0,Not Found,invalid,43 38 26,169.341
/home/ubuntu/Lustre-exp/kind2-benchmarks/FMCAD08/Real_Int/large/ccp22.lus,base,44.384,3,1352,33,0,3,Not Found,timeout,23 18 9,290.128
/home/ubuntu/Lustre-exp/kind2-benchmarks/FMCAD08/Real_Int32/large/ccp20.lus,l1l2,34.949,4,995,23,0,0,Not Found,valid,7 2 0,36.011
/home/ubuntu/Lustre-exp/kind2-benchmarks/FMCAD08/Real_Int32/large/cruise_controller_01.lus,l2l1,4.154,3,89,2,0,0,Not Found,valid,1 0,4.554
/home/ubuntu/Lustre-exp/kind2-benchmarks/FMCAD08/Real_Int32/large/cruise_controller_02.lus,l1l2,2.320,3,91,2,0,0,Not Found,valid,1 0,2.741
/home/ubuntu/Lustre-exp/kind2-benchmarks/FMCAD08/Real_Int32/large/cruise_controller_03.lus,l1l2,2.066,3,93,2,0,0,Not Found,valid,1 0,2.489
/home/ubuntu/Lustre-exp/kind2-benchmarks/FMCAD08/Real_Int32/large/cruise_controller_04.lus,l2l1,0.921,3,68,2,0,0,Not Found,valid,1 0,1.303
/home/ubuntu/Lustre-exp/kind2-benchmarks/FMCAD08/Real_Int32/large/cruise_controller_05.lus,l1l2,0.037,2,12,0,0,0,Not Found,valid,0,0.445
/home/ubuntu/Lustre-exp/kind2-benchmarks/FMCAD08/Real_Int32/large/cruise_controller_06.lus,l2l1,0.047,2,12,0,0,0,Not Found,valid,0,0.535
/home/ubuntu/Lustre-exp/kind2-benchmarks/FMCAD08/Real_Int32/large/cruise_controller_07.lus,l1l2,0.036,2,12,0,0,0,Not Found,valid,0,0.521
/home/ubuntu/Lustre-exp/kind2-benchmarks/FMCAD08/Real_Int/large/ccp24.lus,base,71.305,3,1519,33,0,1,Not Found,timeout,33 28 18,290.138
/home/ubuntu/Lustre-exp/kind2-benchmarks/FMCAD08/Real_Int32/large/ccp21.lus,l1l2,97.570,2,1283,31,0,0,Not Found,invalid,40 23,98.590
/home/ubuntu/Lustre-exp/kind2-benchmarks/FMCAD08/Real_Int32/large/cruise_controller_10.lus,l2l1,16.287,5,1713,34,0,0,Not Found,valid,15 10 2 1,16.753
/home/ubuntu/Lustre-exp/kind2-benchmarks/FMCAD08/Real_Int32/large/cruise_controller_11.lus,l2l1,0.051,2,12,0,0,0,Not Found,valid,0,0.546
/home/ubuntu/Lustre-exp/kind2-benchmarks/FMCAD08/Real_Int32/large/cruise_controller_12.lus,l1l2,2.180,3,143,5,0,0,Not Found,valid,5 4,2.967
/home/ubuntu/Lustre-exp/kind2-benchmarks/FMCAD08/Real_Int32/large/cruise_controller_13.lus,l1l2,0.032,2,12,0,0,0,Not Found,valid,0,0.516
/home/ubuntu/Lustre-exp/kind2-benchmarks/FMCAD08/Real_Int32/large/cruise_controller_14.lus,l1l2,0.741,3,112,3,0,0,Not Found,valid,3 2,1.530
/home/ubuntu/Lustre-exp/kind2-benchmarks/FMCAD08/Real_Int32/large/cruise_controller_15.lus,l2l1,1.930,1,90,6,0,0,Not Found,invalid,6,11.379
/home/ubuntu/Lustre-exp/kind2-benchmarks/FMCAD08/Real_Int32/large/ccp11.lus,base,145.505,3,2773,47,0,1,Not Found,timeout,50 42 28,290.173
/home/ubuntu/Lustre-exp/kind2-benchmarks/FMCAD08/Real_Int32/large/ccp13.lus,base,287.055,4,7138,84,2,2,Not Found,timeout,101 88 65 25,290.152
/home/ubuntu/Lustre-exp/kind2-benchmarks/FMCAD08/Real_Int32/large/cruise_controller_17.lus,l2l1,33.540,2,780,28,0,0,Not Found,invalid,24 16,33.973
/home/ubuntu/Lustre-exp/kind2-benchmarks/FMCAD08/Real_Int32/large/cruise_controller_18.lus,l2l1,22.287,2,398,18,0,0,Not Found,valid,14 7,22.702
/home/ubuntu/Lustre-exp/kind2-benchmarks/FMCAD08/Real_Int32/large/cruise_controller_19.lus,l2l1,18.939,2,343,15,0,0,Not Found,valid,13 7,24.486
/home/ubuntu/Lustre-exp/kind2-benchmarks/FMCAD08/Real_Int32/large/cruise_controller_21.lus,l1l2,0.024,0,1,0,0,0,Not Found,invalid,Not Found,0.541
/home/ubuntu/Lustre-exp/kind2-benchmarks/FMCAD08/Real_Int32/large/cruise_controller_22.lus,l1l2,28.957,2,1829,43,0,0,Not Found,invalid,48 31,29.573
/home/ubuntu/Lustre-exp/kind2-benchmarks/FMCAD08/Real_Int32/large/ccp22.lus,base,34.558,2,314,13,0,0,Not Found,timeout,13 8,290.132
/home/ubuntu/Lustre-exp/kind2-benchmarks/FMCAD08/Real_Int32/large/ccp23.lus,base,21.352,2,290,13,0,0,Not Found,timeout,11 7,290.158
/home/ubuntu/Lustre-exp/kind2-benchmarks/FMCAD08/Real_Int32/large/cruise_controller_24.lus,l2l1,0.385,1,21,2,0,0,Not Found,valid,2,1.964
/home/ubuntu/Lustre-exp/kind2-benchmarks/FMCAD08/Real_Int32/large/ccp24.lus,base,214.763,4,3254,52,0,3,Not Found,timeout,51 43 33 19,290.150
/home/ubuntu/Lustre-exp/kind2-benchmarks/FMCAD08/Real_Int32/large/cruise_controller_08.lus,base,37.230,3,1857,37,1,1,Not Found,timeout,35 28 17,290.176
/home/ubuntu/Lustre-exp/kind2-benchmarks/FMCAD08/Real_Int32/large/cruise_controller_09.lus,base,Not Found,Not Found,Not Found,Not Found,Not Found,Not Found,Not Found,timeout,Not Found,290.115
/home/ubuntu/Lustre-exp/kind2-benchmarks/FunctionalChain/controlLaw/controlLaw.lus,l2l1,0.032,2,36,2,0,0,Not Found,valid,2,0.372
/home/ubuntu/Lustre-exp/kind2-benchmarks/FMCAD08/Real_Int32/large/cruise_controller_16.lus,base,59.648,3,2137,45,0,1,Not Found,timeout,41 33 22,290.207
/home/ubuntu/Lustre-exp/kind2-benchmarks/FMCAD08/Real_Int32/large/cruise_controller_23.lus,l1l2,211.676,4,12463,147,2,4,Not Found,invalid,137 116 92 55,212.808
/home/ubuntu/Lustre-exp/kind2-benchmarks/FMCAD08/Real_Int32/large/cruise_controller_20.lus,base,6.032,1,133,9,0,0,Not Found,timeout,9,290.123
/home/ubuntu/Lustre-exp/kind2-benchmarks/FunctionalChain/channel/channel_bounds.lus,base,Not Found,Not Found,Not Found,Not Found,Not Found,Not Found,Not Found,timeout,Not Found,290.115
/home/ubuntu/Lustre-exp/kind2-benchmarks/FunctionalChain/channel/channel.lus,base,Not Found,Not Found,Not Found,Not Found,Not Found,Not Found,Not Found,timeout,Not Found,290.116
/home/ubuntu/Lustre-exp/kind2-benchmarks/FunctionalChain/channel/channel_str.lus,base,Not Found,Not Found,Not Found,Not Found,Not Found,Not Found,Not Found,timeout,Not Found,290.130
/home/ubuntu/Lustre-exp/kind2-benchmarks/FunctionalChain/channel/channel_top.lus,base,Not Found,Not Found,Not Found,Not Found,Not Found,Not Found,Not Found,timeout,Not Found,290.114
/home/ubuntu/Lustre-exp/kind2-benchmarks/FunctionalChain/functionalChain_bounds_large.lus,base,Not Found,Not Found,Not Found,Not Found,Not Found,Not Found,Not Found,timeout,Not Found,290.116
/home/ubuntu/Lustre-exp/kind2-benchmarks/FunctionalChain/functionalChain_bounds_medium.lus,base,Not Found,Not Found,Not Found,Not Found,Not Found,Not Found,Not Found,timeout,Not Found,290.116
/home/ubuntu/Lustre-exp/kind2-benchmarks/FunctionalChain/functionalChain_bounds_small.lus,base,Not Found,Not Found,Not Found,Not Found,Not Found,Not Found,Not Found,timeout,Not Found,290.117
/home/ubuntu/Lustre-exp/kind2-benchmarks/FunctionalChain/functionalChain_str_large.lus,base,Not Found,Not Found,Not Found,Not Found,Not Found,Not Found,Not Found,timeout,Not Found,290.118
/home/ubuntu/Lustre-exp/kind2-benchmarks/FunctionalChain/functionalChain_str_medium.lus,base,Not Found,Not Found,Not Found,Not Found,Not Found,Not Found,Not Found,timeout,Not Found,290.136
/home/ubuntu/Lustre-exp/kind2-benchmarks/FunctionalChain/functionalChain_str_small.lus,base,Not Found,Not Found,Not Found,Not Found,Not Found,Not Found,Not Found,timeout,Not Found,290.130
/home/ubuntu/Lustre-exp/kind2-benchmarks/FunctionalChain/reconfiguration/reconfiguration_large_bound.lus,base,256.052,13,8897,30,1,0,Not Found,timeout,28 27 26 25 24 23 22 21 20 19 18 17 16,290.305
/home/ubuntu/Lustre-exp/kind2-benchmarks/FunctionalChain/reconfiguration/reconfiguration_large.lus,base,286.654,20,15338,30,1,0,Not Found,timeout,28 27 26 25 24 23 22 21 20 19 18 17 16 15 14 13 12 11 10 9,290.215
/home/ubuntu/Lustre-exp/kind2-benchmarks/FunctionalChain/reconfiguration/reconfiguration_medium_bounds.lus,base,11.340,8,2034,10,1,0,Not Found,timeout,8 7 6 5 4 3 2 1,290.276
/home/ubuntu/Lustre-exp/kind2-benchmarks/FunctionalChain/relatedCounters/relatedCounters_small_bounds.lus,l1l2,9.014,12,4788,29,3,15,Not Found,valid,11 10 9 8 7 6 5 4 3 2 1,9.368
/home/ubuntu/Lustre-exp/kind2-benchmarks/FunctionalChain/relatedCounters/relatedCounters_small.lus,l1l2,23.536,15,10274,65,2,36,Not Found,valid,15 13 12 11 10 9 8 7 6 5 4 3 2 1,23.942
/home/ubuntu/Lustre-exp/kind2-benchmarks/FunctionalChain/reconfiguration/reconfiguration_small_bounds.lus,l1l2,207.850,15,16876,70,2,15,Not Found,valid,42 38 35 32 30 27 24 22 20 15 14 12 9 5,208.634
/home/ubuntu/Lustre-exp/kind2-benchmarks/FunctionalChain/reconfiguration/reconfiguration_medium.lus,base,280.874,9,51737,311,2,237,Not Found,timeout,367 356 336 307 270 226 176 121 62,290.234
/home/ubuntu/Lustre-exp/kind2-benchmarks/FunctionalChain/triplexVoter/triplexVoter_str.lus,l2l1,0.999,3,213,9,0,0,Not Found,valid,1 0,1.331
/home/ubuntu/Lustre-exp/kind2-benchmarks/FunctionalChain/reconfiguration/reconfiguration_small.lus,base,142.857,15,19864,106,2,26,Not Found,timeout,30 28 25 22 19 17 15 13 11 8 6 5 4 3 2,290.226
/home/ubuntu/Lustre-exp/kind2-benchmarks/FunctionalChain/relatedCounters/relatedCounters_large_bounds.lus,base,0.030,1,28,2,0,0,Not Found,timeout,2,290.289
/home/ubuntu/Lustre-exp/kind2-benchmarks/FunctionalChain/relatedCounters/relatedCounters_large.lus,base,0.022,1,22,2,0,0,Not Found,timeout,2,290.265
/home/ubuntu/Lustre-exp/kind2-benchmarks/FunctionalChain/relatedCounters/relatedCounters_medium_bounds.lus,base,271.385,12,16025,62,1,0,Not Found,timeout,60 59 58 57 56 55 54 53 52 51 50 49,290.159
/home/ubuntu/Lustre-exp/kind2-benchmarks/FunctionalChain/relatedCounters/relatedCounters_medium.lus,base,240.093,4,18654,101,1,0,Not Found,timeout,99 97 96 95,290.154
/home/ubuntu/Lustre-exp/kind2-benchmarks/FunctionalChain/triplexVoter/triplexVoter_bounds.lus,base,4.500,2,253,11,3,0,Not Found,timeout,12 7,290.416
/home/ubuntu/Lustre-exp/kind2-benchmarks/FunctionalChain/triplexVoter/triplexVoter.lus,base,3.182,2,758,22,0,0,Not Found,timeout,26 22,290.441
