3in1_file_path,3in1_sorting_clause,3in1_time,3in1_k,3in1_solver,3in1_neg_state,3in1_num_s,3in1_num_t,3in1_num_gen,3in1_status,3in1_frame_sizes,3in1_elapsed_time
/home/ubuntu/Lustre-exp/kind2-benchmarks/FMCAD08/Bool/misc/_6counter.lus,base,0.159,5,532,10,1,0,Not Found,invalid,7 5 3 2 1,0.84
/home/ubuntu/Lustre-exp/kind2-benchmarks/FMCAD08/Bool/misc/_6counter2.lus,base,0.06,4,203,7,2,1,Not Found,invalid,3 2 1 0,0.729
/home/ubuntu/Lustre-exp/kind2-benchmarks/FMCAD08/Bool/misc/stalmark.lus,base,0.035,3,130,4,0,0,Not Found,valid,4 2,0.371
/home/ubuntu/Lustre-exp/kind2-benchmarks/FMCAD08/Bool/misc/stalmark_e7_27.lus,base,0.047,4,197,4,1,0,Not Found,valid,6 5 3,0.698
/home/ubuntu/Lustre-exp/kind2-benchmarks/FMCAD08/Bool/misc/stalmark_e7_27_e7_31.lus,base,0.048,4,191,4,1,0,Not Found,valid,6 5 3,0.7
/home/ubuntu/Lustre-exp/kind2-benchmarks/FMCAD08/Bool/misc/stalmark_e7_76.lus,base,0.056,4,197,4,1,0,Not Found,valid,6 5 3,0.708
/home/ubuntu/Lustre-exp/kind2-benchmarks/FMCAD08/Bool/misc/stalmark_e8_48.lus,base,0.004,0,2,0,0,0,Not Found,invalid,Not Found,0.659
/home/ubuntu/Lustre-exp/kind2-benchmarks/FMCAD08/Bool/misc/stalmark_e8_64_e7_80.lus,base,0.01,1,9,1,0,0,Not Found,invalid,0,0.658
/home/ubuntu/Lustre-exp/kind2-benchmarks/FMCAD08/Bool/misc/stalmark_e8_64_e8_207.lus,base,0.005,0,1,0,0,0,Not Found,invalid,Not Found,0.667
/home/ubuntu/Lustre-exp/kind2-benchmarks/FMCAD08/Bool/misc/switch.lus,base,0.012,1,19,2,0,0,Not Found,invalid,0,0.35
/home/ubuntu/Lustre-exp/kind2-benchmarks/FMCAD08/Bool/misc/switch2.lus,base,0.012,1,19,2,0,0,Not Found,invalid,0,0.36
/home/ubuntu/Lustre-exp/kind2-benchmarks/FMCAD08/Bool/simulation/production_cell.lus,base,0.043,2,73,5,0,0,Not Found,valid,5,0.391
/home/ubuntu/Lustre-exp/kind2-benchmarks/FMCAD08/Bool/simulation/production_cell_e7_207_e7_41.lus,base,0.009,0,2,0,0,0,Not Found,invalid,Not Found,0.342
/home/ubuntu/Lustre-exp/kind2-benchmarks/FMCAD08/Bool/simulation/production_cell_e7_207_e8_241.lus,base,0.041,2,73,5,0,0,Not Found,valid,5,0.371
/home/ubuntu/Lustre-exp/kind2-benchmarks/FMCAD08/Bool/simulation/production_cell_e7_21.lus,base,0.01,0,2,0,0,0,Not Found,invalid,Not Found,0.342
/home/ubuntu/Lustre-exp/kind2-benchmarks/FMCAD08/Bool/simulation/production_cell_e8_6.lus,base,0.044,2,74,5,0,0,Not Found,valid,5,0.391
/home/ubuntu/Lustre-exp/kind2-benchmarks/FMCAD08/Bool/simulation/production_cell_e8_6_e7_651.lus,base,0.009,0,2,0,0,0,Not Found,invalid,Not Found,0.342
/home/ubuntu/Lustre-exp/kind2-benchmarks/FMCAD08/Bool/simulation/production_cell_e8_6_e8_427.lus,base,0.043,1,53,5,0,0,Not Found,invalid,3,0.393
/home/ubuntu/Lustre-exp/kind2-benchmarks/FMCAD08/Bool/simulation/tramway.lus,base,0.172,3,295,10,1,0,Not Found,valid,8 4,0.506
/home/ubuntu/Lustre-exp/kind2-benchmarks/FMCAD08/Bool/simulation/tramway_e7_1834.lus,base,0.049,3,78,2,0,0,Not Found,valid,2 1,0.386
/home/ubuntu/Lustre-exp/kind2-benchmarks/FMCAD08/Bool/simulation/tramway_e7_1834_e7_2363.lus,base,0.034,2,35,2,0,0,Not Found,valid,2,0.376
/home/ubuntu/Lustre-exp/kind2-benchmarks/FMCAD08/Bool/simulation/tramway_e7_1834_e8_3192.lus,base,0.198,3,295,10,1,0,Not Found,valid,8 4,0.538
/home/ubuntu/Lustre-exp/kind2-benchmarks/FMCAD08/Bool/simulation/ums.lus,base,0.051,2,33,2,0,0,Not Found,valid,2,0.387
/home/ubuntu/Lustre-exp/kind2-benchmarks/FMCAD08/Bool/simulation/ums_e7_1700.lus,base,0.209,1,141,9,0,0,Not Found,invalid,7,0.567
/home/ubuntu/Lustre-exp/kind2-benchmarks/FMCAD08/Bool/simulation/ums_e8_1032.lus,base,0.067,2,46,3,0,0,Not Found,valid,3,0.4
/home/ubuntu/Lustre-exp/kind2-benchmarks/FMCAD08/Int/large/microwave01.lus,base,0.476,3,78,2,0,0,Not Found,valid,1 0,0.875
/home/ubuntu/Lustre-exp/kind2-benchmarks/FMCAD08/Int/large/microwave02.lus,base,0.021,2,12,0,0,0,Not Found,valid,0,0.436
/home/ubuntu/Lustre-exp/kind2-benchmarks/FMCAD08/Int/large/microwave03.lus,base,0.029,2,12,0,0,0,Not Found,valid,0,0.434
/home/ubuntu/Lustre-exp/kind2-benchmarks/FMCAD08/Int/large/microwave04.lus,base,0.032,2,12,0,0,0,Not Found,valid,0,0.433
/home/ubuntu/Lustre-exp/kind2-benchmarks/FMCAD08/Int/large/microwave05.lus,base,2.405,1,136,9,0,0,Not Found,timeout,9,290.112
/home/ubuntu/Lustre-exp/kind2-benchmarks/FMCAD08/Int/large/microwave06.lus,base,2.548,6,1399,21,0,1,Not Found,timeout,7 5 4 3 2 1,290.12
/home/ubuntu/Lustre-exp/kind2-benchmarks/FMCAD08/Int/large/microwave07.lus,base,2.234,4,548,13,2,1,Not Found,timeout,6 3 2 1,290.175
/home/ubuntu/Lustre-exp/kind2-benchmarks/FMCAD08/Int/large/microwave08.lus,base,0.472,1,30,3,0,0,Not Found,timeout,3,290.177
/home/ubuntu/Lustre-exp/kind2-benchmarks/FMCAD08/Int/large/microwave09.lus,base,0.534,1,33,3,0,0,Not Found,timeout,3,290.173
/home/ubuntu/Lustre-exp/kind2-benchmarks/FMCAD08/Int/large/microwave10.lus,base,19.154,14,7819,39,0,1,Not Found,timeout,16 13 12 11 10 9 8 7 6 5 4 3 2 1,290.138
/home/ubuntu/Lustre-exp/kind2-benchmarks/FMCAD08/Int/large/microwave11.lus,base,1.535,4,590,14,0,0,Not Found,timeout,5 3 2 1,290.118
/home/ubuntu/Lustre-exp/kind2-benchmarks/FMCAD08/Int/large/microwave12.lus,base,0.312,2,38,3,0,0,Not Found,invalid,0,0.722
/home/ubuntu/Lustre-exp/kind2-benchmarks/FMCAD08/Int/large/microwave13.lus,base,39.202,16,11911,80,0,7,Not Found,timeout,18 15 14 13 12 11 10 9 8 7 6 5 4 3 2 1,290.153
/home/ubuntu/Lustre-exp/kind2-benchmarks/FMCAD08/Int/large/microwave14.lus,base,0.795,2,66,5,0,0,Not Found,invalid,0,1.211
/home/ubuntu/Lustre-exp/kind2-benchmarks/FMCAD08/Int/large/microwave15.lus,base,0.022,2,12,0,0,0,Not Found,valid,0,0.464
/home/ubuntu/Lustre-exp/kind2-benchmarks/FMCAD08/Int/large/microwave16.lus,base,0.03,2,12,0,0,0,Not Found,valid,0,0.424
/home/ubuntu/Lustre-exp/kind2-benchmarks/FMCAD08/Int/large/microwave17.lus,base,1.058,3,285,8,0,0,Not Found,valid,8 4,1.478
/home/ubuntu/Lustre-exp/kind2-benchmarks/FMCAD08/Int/large/microwave18.lus,base,0.792,2,57,4,0,0,Not Found,invalid,0,1.203
/home/ubuntu/Lustre-exp/kind2-benchmarks/FMCAD08/Int/large/microwave19.lus,base,1.71,3,254,8,0,0,Not Found,valid,7 3,2.114
/home/ubuntu/Lustre-exp/kind2-benchmarks/FMCAD08/Int/large/microwave20.lus,base,0.03,2,13,0,0,0,Not Found,invalid,0,0.453
/home/ubuntu/Lustre-exp/kind2-benchmarks/FMCAD08/Int/large/microwave21.lus,base,Not Found,Not Found,Not Found,Not Found,Not Found,Not Found,Not Found,timeout,Not Found,290.112
/home/ubuntu/Lustre-exp/kind2-benchmarks/FMCAD08/Int/large/microwave22.lus,base,107.91,1,266,16,0,0,Not Found,timeout,16,290.113
/home/ubuntu/Lustre-exp/kind2-benchmarks/FMCAD08/Int/large/microwave23.lus,base,1.07,2,55,4,0,0,Not Found,invalid,0,1.482
/home/ubuntu/Lustre-exp/kind2-benchmarks/FMCAD08/Int/large/microwave24.lus,base,7.635,4,484,9,0,0,Not Found,valid,3 1 0,8.045
/home/ubuntu/Lustre-exp/kind2-benchmarks/FMCAD08/Int/large/microwave25.lus,base,0.031,2,13,0,0,0,Not Found,invalid,0,0.459
/home/ubuntu/Lustre-exp/kind2-benchmarks/FMCAD08/Int/large/microwave26.lus,base,Not Found,Not Found,Not Found,Not Found,Not Found,Not Found,Not Found,timeout,Not Found,290.113
/home/ubuntu/Lustre-exp/kind2-benchmarks/FMCAD08/Int/large/microwave27.lus,base,Not Found,Not Found,Not Found,Not Found,Not Found,Not Found,Not Found,timeout,Not Found,290.113
/home/ubuntu/Lustre-exp/kind2-benchmarks/FMCAD08/Int/large/microwave28.lus,base,0.887,2,53,4,0,0,Not Found,invalid,0,1.301
/home/ubuntu/Lustre-exp/kind2-benchmarks/FMCAD08/Int/large/microwave29.lus,base,6.718,3,558,14,0,0,Not Found,valid,17 8,7.126
/home/ubuntu/Lustre-exp/kind2-benchmarks/FMCAD08/Int/large/microwave30.lus,base,22.647,2,298,10,1,0,Not Found,timeout,9 4,290.113
/home/ubuntu/Lustre-exp/kind2-benchmarks/FMCAD08/Int/large/microwave31.lus,base,5.084,1,104,7,0,0,Not Found,timeout,7,290.113
/home/ubuntu/Lustre-exp/kind2-benchmarks/FMCAD08/Int/large/microwave32.lus,base,3.244,2,318,12,0,0,Not Found,invalid,0,3.667
/home/ubuntu/Lustre-exp/kind2-benchmarks/FMCAD08/Int/large/microwave33.lus,base,3.006,1,135,9,0,0,Not Found,invalid,9,37.636
/home/ubuntu/Lustre-exp/kind2-benchmarks/FMCAD08/Int/large/microwave34.lus,base,220.337,2,234,12,1,0,Not Found,invalid,0,220.676
/home/ubuntu/Lustre-exp/kind2-benchmarks/FMCAD08/Int/large/microwave35.lus,base,3.85,1,172,11,0,0,Not Found,timeout,11,290.112
/home/ubuntu/Lustre-exp/kind2-benchmarks/FMCAD08/Int/large/microwave36.lus,base,7.022,2,372,16,0,0,Not Found,invalid,0,7.43
/home/ubuntu/Lustre-exp/kind2-benchmarks/FMCAD08/Int/large/microwave37.lus,base,Not Found,Not Found,Not Found,Not Found,Not Found,Not Found,Not Found,timeout,Not Found,290.113
/home/ubuntu/Lustre-exp/kind2-benchmarks/FMCAD08/Int/large/microwave38.lus,base,42.585,1,231,14,0,0,Not Found,timeout,14,290.113
/home/ubuntu/Lustre-exp/kind2-benchmarks/FMCAD08/Int/large/microwave39.lus,base,10.045,2,462,21,0,0,Not Found,invalid,0,10.448
/home/ubuntu/Lustre-exp/kind2-benchmarks/FMCAD08/Int/large/microwave40.lus,base,0.032,2,13,0,0,0,Not Found,invalid,0,0.452
/home/ubuntu/Lustre-exp/kind2-benchmarks/FMCAD08/Int/large/steam_boiler_no_arr1.lus,base,0.151,2,12,0,0,0,Not Found,valid,0,0.67
/home/ubuntu/Lustre-exp/kind2-benchmarks/FMCAD08/Int/large/steam_boiler_no_arr1_e4_23904_e4_2384.lus,base,0.246,2,12,0,0,0,Not Found,valid,0,0.767
/home/ubuntu/Lustre-exp/kind2-benchmarks/FMCAD08/Int/large/steam_boiler_no_arr2.lus,base,0.055,3,57,1,0,0,Not Found,valid,1 0,0.407
/home/ubuntu/Lustre-exp/kind2-benchmarks/FMCAD08/Int/large/steam_boiler_no_arr2_e1_17214_e5_18600.lus,base,0.055,3,57,1,0,0,Not Found,valid,1 0,0.427
/home/ubuntu/Lustre-exp/kind2-benchmarks/FMCAD08/Int/large/steam_boiler_no_arr2_e3_514_e4_11150.lus,base,0.053,3,57,1,0,0,Not Found,valid,1 0,0.407
/home/ubuntu/Lustre-exp/kind2-benchmarks/FMCAD08/Int/large/steam_boiler_no_arr2_e6_3003_e4_15091.lus,base,0.054,3,57,1,0,0,Not Found,valid,1 0,0.407
/home/ubuntu/Lustre-exp/kind2-benchmarks/FMCAD08/Int/large/steam_boiler_no_arr2_e7_12307.lus,base,0.054,3,57,1,0,0,Not Found,valid,1 0,0.408
/home/ubuntu/Lustre-exp/kind2-benchmarks/FMCAD08/Int/large/steam_boiler_no_arr2_e8_21449_e5_18210.lus,base,0.093,3,106,2,0,0,Not Found,valid,2 0,0.458
/home/ubuntu/Lustre-exp/kind2-benchmarks/FMCAD08/Int/memory1/DRAGON_1.lus,base,0.044,2,25,1,0,0,Not Found,valid,1,0.413
/home/ubuntu/Lustre-exp/kind2-benchmarks/FMCAD08/Int/memory1/DRAGON_1_e1_14612_e1_268_e7_501.lus,base,0.045,2,25,1,0,0,Not Found,valid,1,0.412
/home/ubuntu/Lustre-exp/kind2-benchmarks/FMCAD08/Int/memory1/DRAGON_1_e1_14612_e2_2653_e7_4370.lus,base,0.07,2,41,2,0,0,Not Found,valid,2,0.442
/home/ubuntu/Lustre-exp/kind2-benchmarks/FMCAD08/Int/memory1/DRAGON_1_e1_3184_e7_1888.lus,base,0.046,2,25,1,0,0,Not Found,valid,1,0.412
/home/ubuntu/Lustre-exp/kind2-benchmarks/FMCAD08/Int/memory1/DRAGON_1_e1_5070.lus,base,0.043,2,27,1,0,0,Not Found,valid,1,0.414
/home/ubuntu/Lustre-exp/kind2-benchmarks/FMCAD08/Int/memory1/DRAGON_1_e2_1997.lus,base,0.045,2,25,1,0,0,Not Found,valid,1,0.428
/home/ubuntu/Lustre-exp/kind2-benchmarks/FMCAD08/Int/memory1/DRAGON_1_e2_1997_e7_3613_e2_3409.lus,base,0.046,2,25,1,0,0,Not Found,valid,1,0.411
/home/ubuntu/Lustre-exp/kind2-benchmarks/FMCAD08/Int/memory1/DRAGON_1_e3_11891_e7_4569_e4_4881.lus,base,0.047,2,25,1,0,0,Not Found,valid,1,0.41
/home/ubuntu/Lustre-exp/kind2-benchmarks/FMCAD08/Int/memory1/DRAGON_10.lus,base,0.063,2,39,2,0,0,Not Found,valid,2,0.44
/home/ubuntu/Lustre-exp/kind2-benchmarks/FMCAD08/Int/memory1/DRAGON_10_e1_3587_e3_2749.lus,base,0.067,2,39,2,0,0,Not Found,valid,2,0.44
/home/ubuntu/Lustre-exp/kind2-benchmarks/FMCAD08/Int/memory1/DRAGON_10_e1_3587_e7_872.lus,base,0.015,0,2,0,0,0,Not Found,invalid,Not Found,0.383
/home/ubuntu/Lustre-exp/kind2-benchmarks/FMCAD08/Int/memory1/DRAGON_10_e1_998.lus,base,0.066,2,39,2,0,0,Not Found,valid,2,0.431
/home/ubuntu/Lustre-exp/kind2-benchmarks/FMCAD08/Int/memory1/DRAGON_10_e2_2785_e3_1744.lus,base,0.064,2,39,2,0,0,Not Found,valid,2,0.441
/home/ubuntu/Lustre-exp/kind2-benchmarks/FMCAD08/Int/memory1/DRAGON_10_e2_402.lus,base,0.066,2,39,2,0,0,Not Found,valid,2,0.431
/home/ubuntu/Lustre-exp/kind2-benchmarks/FMCAD08/Int/memory1/DRAGON_10_e3_144_e5_2046.lus,base,0.068,2,39,2,0,0,Not Found,valid,2,0.432
/home/ubuntu/Lustre-exp/kind2-benchmarks/FMCAD08/Int/memory1/DRAGON_10_e3_144_e7_523.lus,base,0.017,0,2,0,0,0,Not Found,invalid,Not Found,0.384
/home/ubuntu/Lustre-exp/kind2-benchmarks/FMCAD08/Int/memory1/DRAGON_10_e3_3429.lus,base,0.065,2,39,2,0,0,Not Found,valid,2,0.43
/home/ubuntu/Lustre-exp/kind2-benchmarks/FMCAD08/Int/memory1/DRAGON_10_e7_3861_e2_1020.lus,base,0.016,0,2,0,0,0,Not Found,invalid,Not Found,0.385
/home/ubuntu/Lustre-exp/kind2-benchmarks/FMCAD08/Int/memory1/DRAGON_10_e7_3861_e7_2180.lus,base,0.016,0,2,0,0,0,Not Found,invalid,Not Found,0.385
/home/ubuntu/Lustre-exp/kind2-benchmarks/FMCAD08/Int/memory1/DRAGON_11.lus,base,56.816,3,13113,70,4,1,Not Found,timeout,128 76 54,290.153
/home/ubuntu/Lustre-exp/kind2-benchmarks/FMCAD08/Int/memory1/DRAGON_11_e1_2450.lus,base,107.575,3,31265,131,4,4,Not Found,timeout,237 159 107,290.182
/home/ubuntu/Lustre-exp/kind2-benchmarks/FMCAD08/Int/memory1/DRAGON_11_e1_2450_e1_5887.lus,base,196.84,3,30146,117,3,3,Not Found,timeout,212 128 97,290.18
/home/ubuntu/Lustre-exp/kind2-benchmarks/FMCAD08/Int/memory1/DRAGON_11_e1_2450_e2_1483.lus,base,60.555,3,15550,79,3,0,Not Found,timeout,148 91 62,290.154
/home/ubuntu/Lustre-exp/kind2-benchmarks/FMCAD08/Int/memory1/DRAGON_11_e1_2450_e3_2330.lus,base,247.649,7,32804,134,5,10,Not Found,timeout,66 49 45 40 36 27 22,290.158
/home/ubuntu/Lustre-exp/kind2-benchmarks/FMCAD08/Int/memory1/DRAGON_11_e1_2450_e7_5791.lus,base,0.017,0,2,0,0,0,Not Found,invalid,Not Found,0.385
/home/ubuntu/Lustre-exp/kind2-benchmarks/FMCAD08/Int/memory1/DRAGON_11_e2_1678_e1_3565.lus,base,0.119,1,59,4,0,0,Not Found,timeout,4,290.287
/home/ubuntu/Lustre-exp/kind2-benchmarks/FMCAD08/Int/memory1/DRAGON_11_e2_5396_e3_282.lus,base,0.435,2,340,10,2,0,Not Found,timeout,14 8,290.256
/home/ubuntu/Lustre-exp/kind2-benchmarks/FMCAD08/Int/memory1/DRAGON_11_e3_382_e1_505.lus,base,63.984,4,16489,81,6,5,Not Found,timeout,120 107 77 30,290.163
/home/ubuntu/Lustre-exp/kind2-benchmarks/FMCAD08/Int/memory1/DRAGON_11_e3_382_e4_4421.lus,base,233.514,5,60602,210,6,13,Not Found,timeout,280 268 245 188 101,290.198
/home/ubuntu/Lustre-exp/kind2-benchmarks/FMCAD08/Int/memory1/DRAGON_12.lus,base,0.796,4,721,13,2,0,Not Found,valid,9 6 3,1.16
/home/ubuntu/Lustre-exp/kind2-benchmarks/FMCAD08/Int/memory1/DRAGON_12_e1_4640_e7_128.lus,base,0.017,0,2,0,0,0,Not Found,invalid,Not Found,0.388
/home/ubuntu/Lustre-exp/kind2-benchmarks/FMCAD08/Int/memory1/DRAGON_12_e2_1618.lus,base,0.694,5,664,10,3,0,Not Found,valid,9 6 5 3,1.068
/home/ubuntu/Lustre-exp/kind2-benchmarks/FMCAD08/Int/memory1/DRAGON_12_e2_1618_e1_6030.lus,base,0.903,5,855,15,3,1,Not Found,valid,8 6 5 3,1.268
/home/ubuntu/Lustre-exp/kind2-benchmarks/FMCAD08/Int/memory1/DRAGON_12_e2_1618_e2_138.lus,base,2.554,6,1933,15,3,2,Not Found,valid,21 17 14 13 7,2.935
/home/ubuntu/Lustre-exp/kind2-benchmarks/FMCAD08/Int/memory1/DRAGON_12_e2_1618_e3_2012.lus,base,1.277,6,1213,17,3,3,Not Found,valid,15 13 12 9 5,1.654
/home/ubuntu/Lustre-exp/kind2-benchmarks/FMCAD08/Int/memory1/DRAGON_12_e2_1618_e7_4732.lus,base,0.016,0,2,0,0,0,Not Found,invalid,Not Found,0.391
/home/ubuntu/Lustre-exp/kind2-benchmarks/FMCAD08/Int/memory1/DRAGON_13.lus,base,0.186,1,104,7,0,0,Not Found,timeout,7,290.22
/home/ubuntu/Lustre-exp/kind2-benchmarks/FMCAD08/Int/memory1/DRAGON_13_e3_1418_e3_2761.lus,base,2.231,5,1864,25,9,0,Not Found,valid,27 23 16 7,2.602
/home/ubuntu/Lustre-exp/kind2-benchmarks/FMCAD08/Int/memory1/DRAGON_13_e7_2336.lus,base,0.016,0,2,0,0,0,Not Found,invalid,Not Found,0.385
/home/ubuntu/Lustre-exp/kind2-benchmarks/FMCAD08/Int/memory1/DRAGON_13_e7_2336_e1_541.lus,base,0.016,0,2,0,0,0,Not Found,invalid,Not Found,0.385
/home/ubuntu/Lustre-exp/kind2-benchmarks/FMCAD08/Int/memory1/DRAGON_13_e7_2336_e2_1255.lus,base,0.017,0,2,0,0,0,Not Found,invalid,Not Found,0.387
/home/ubuntu/Lustre-exp/kind2-benchmarks/FMCAD08/Int/memory1/DRAGON_13_e7_2336_e3_3117.lus,base,0.016,0,2,0,0,0,Not Found,invalid,Not Found,0.393
/home/ubuntu/Lustre-exp/kind2-benchmarks/FMCAD08/Int/memory1/DRAGON_13_e7_2336_e7_685.lus,base,0.016,0,2,0,0,0,Not Found,invalid,Not Found,0.391
/home/ubuntu/Lustre-exp/kind2-benchmarks/FMCAD08/Int/memory1/DRAGON_14.lus,base,268.879,14,43147,116,12,25,Not Found,timeout,70 65 59 55 52 50 48 46 42 36 29 20 10 4,290.131
/home/ubuntu/Lustre-exp/kind2-benchmarks/FMCAD08/Int/memory1/DRAGON_14_e1_5710.lus,base,194.05,13,35356,105,13,24,Not Found,timeout,66 59 53 51 48 46 42 38 32 27 22 16 11,290.152
/home/ubuntu/Lustre-exp/kind2-benchmarks/FMCAD08/Int/memory1/DRAGON_14_e2_3606.lus,base,218.399,14,33350,82,13,11,Not Found,timeout,63 58 53 49 47 45 43 40 36 29 19 15 10 6,290.132
/home/ubuntu/Lustre-exp/kind2-benchmarks/FMCAD08/Int/memory1/DRAGON_14_e3_1259_e1_5798.lus,base,43.137,10,15696,61,13,7,Not Found,timeout,47 40 35 34 30 27 23 17 12 8,290.184
/home/ubuntu/Lustre-exp/kind2-benchmarks/FMCAD08/Int/memory1/DRAGON_14_e3_5120.lus,base,30.576,9,12133,64,12,6,Not Found,timeout,38 33 26 24 21 19 17 14 11,290.186
/home/ubuntu/Lustre-exp/kind2-benchmarks/FMCAD08/Int/memory1/DRAGON_14_e7_3162.lus,base,0.524,2,347,12,2,0,Not Found,invalid,14 7,0.9
/home/ubuntu/Lustre-exp/kind2-benchmarks/FMCAD08/Int/memory1/DRAGON_14_e7_3162_e1_3998.lus,base,0.58,2,407,13,1,0,Not Found,invalid,15 6,0.961
/home/ubuntu/Lustre-exp/kind2-benchmarks/FMCAD08/Int/memory1/DRAGON_14_e7_3162_e2_753.lus,base,0.489,2,315,13,1,0,Not Found,invalid,14 9,0.86
/home/ubuntu/Lustre-exp/kind2-benchmarks/FMCAD08/Int/memory1/DRAGON_14_e7_3162_e3_4298.lus,base,0.366,2,219,10,1,0,Not Found,invalid,9 4,0.727
/home/ubuntu/Lustre-exp/kind2-benchmarks/FMCAD08/Int/memory1/DRAGON_14_e7_3162_e7_3528.lus,base,0.8,2,527,19,0,0,Not Found,invalid,21 14,1.172
/home/ubuntu/Lustre-exp/kind2-benchmarks/FMCAD08/Int/memory1/DRAGON_2.lus,base,0.045,2,22,1,0,0,Not Found,valid,1,0.416
/home/ubuntu/Lustre-exp/kind2-benchmarks/FMCAD08/Int/memory1/DRAGON_2_e1_2316.lus,base,0.044,2,20,1,0,0,Not Found,valid,1,0.412
/home/ubuntu/Lustre-exp/kind2-benchmarks/FMCAD08/Int/memory1/DRAGON_2_e2_3183_e1_2644.lus,base,0.044,2,22,1,0,0,Not Found,valid,1,0.411
/home/ubuntu/Lustre-exp/kind2-benchmarks/FMCAD08/Int/memory1/DRAGON_2_e2_3183_e2_3580.lus,base,0.046,2,22,1,0,0,Not Found,valid,1,0.413
/home/ubuntu/Lustre-exp/kind2-benchmarks/FMCAD08/Int/memory1/DRAGON_2_e2_3183_e3_5972.lus,base,0.049,2,22,1,0,0,Not Found,valid,1,0.413
/home/ubuntu/Lustre-exp/kind2-benchmarks/FMCAD08/Int/memory1/DRAGON_2_e2_4481.lus,base,0.048,2,20,1,0,0,Not Found,valid,1,0.415
/home/ubuntu/Lustre-exp/kind2-benchmarks/FMCAD08/Int/memory1/DRAGON_2_e7_25.lus,base,0.017,0,2,0,0,0,Not Found,invalid,Not Found,0.398
/home/ubuntu/Lustre-exp/kind2-benchmarks/FMCAD08/Int/memory1/DRAGON_2_e7_25_e1_154.lus,base,0.018,0,2,0,0,0,Not Found,invalid,Not Found,0.398
/home/ubuntu/Lustre-exp/kind2-benchmarks/FMCAD08/Int/memory1/DRAGON_2_e7_25_e2_5340.lus,base,0.016,0,2,0,0,0,Not Found,invalid,Not Found,0.397
/home/ubuntu/Lustre-exp/kind2-benchmarks/FMCAD08/Int/memory1/DRAGON_2_e7_25_e3_829.lus,base,0.017,0,2,0,0,0,Not Found,invalid,Not Found,0.401
/home/ubuntu/Lustre-exp/kind2-benchmarks/FMCAD08/Int/memory1/DRAGON_2_e7_25_e7_4469.lus,base,0.018,0,2,0,0,0,Not Found,invalid,Not Found,0.389
/home/ubuntu/Lustre-exp/kind2-benchmarks/FMCAD08/Int/memory1/DRAGON_2_e7_25_e8_3171.lus,base,0.045,2,22,1,0,0,Not Found,valid,1,0.423
/home/ubuntu/Lustre-exp/kind2-benchmarks/FMCAD08/Int/memory1/DRAGON_3.lus,base,0.053,2,27,1,0,0,Not Found,valid,1,0.413
/home/ubuntu/Lustre-exp/kind2-benchmarks/FMCAD08/Int/memory1/DRAGON_3_e1_4783.lus,base,0.068,2,27,1,0,0,Not Found,valid,1,0.446
/home/ubuntu/Lustre-exp/kind2-benchmarks/FMCAD08/Int/memory1/DRAGON_3_e1_4783_e1_3755.lus,base,0.052,2,27,1,0,0,Not Found,valid,1,0.424
/home/ubuntu/Lustre-exp/kind2-benchmarks/FMCAD08/Int/memory1/DRAGON_3_e1_4783_e2_158.lus,base,0.051,2,27,1,0,0,Not Found,valid,1,0.413
/home/ubuntu/Lustre-exp/kind2-benchmarks/FMCAD08/Int/memory1/DRAGON_3_e1_4783_e3_511.lus,base,0.053,2,27,1,0,0,Not Found,valid,1,0.412
/home/ubuntu/Lustre-exp/kind2-benchmarks/FMCAD08/Int/memory1/DRAGON_3_e1_4783_e7_4070.lus,base,0.018,0,2,0,0,0,Not Found,invalid,Not Found,0.387
/home/ubuntu/Lustre-exp/kind2-benchmarks/FMCAD08/Int/memory1/DRAGON_3_e2_5343_e1_988.lus,base,0.054,2,27,1,0,0,Not Found,valid,1,0.412
/home/ubuntu/Lustre-exp/kind2-benchmarks/FMCAD08/Int/memory1/DRAGON_3_e3_3846.lus,base,0.052,2,27,1,0,0,Not Found,valid,1,0.413
/home/ubuntu/Lustre-exp/kind2-benchmarks/FMCAD08/Int/memory1/DRAGON_3_e3_5422_e1_2288.lus,base,0.055,2,27,1,0,0,Not Found,valid,1,0.423
/home/ubuntu/Lustre-exp/kind2-benchmarks/FMCAD08/Int/memory1/DRAGON_3_e3_5422_e2_3135.lus,base,0.052,2,27,1,0,0,Not Found,valid,1,0.414
/home/ubuntu/Lustre-exp/kind2-benchmarks/FMCAD08/Int/memory1/DRAGON_3_e7_4884.lus,base,0.016,0,2,0,0,0,Not Found,invalid,Not Found,0.388
/home/ubuntu/Lustre-exp/kind2-benchmarks/FMCAD08/Int/memory1/DRAGON_4.lus,base,1.523,5,1639,21,7,1,Not Found,valid,28 23 17 7,1.895
/home/ubuntu/Lustre-exp/kind2-benchmarks/FMCAD08/Int/memory1/DRAGON_4_e1_4312.lus,base,1.501,5,1484,19,6,0,Not Found,valid,17 12 8 3,1.866
/home/ubuntu/Lustre-exp/kind2-benchmarks/FMCAD08/Int/memory1/DRAGON_4_e2_2799.lus,base,3.354,6,3106,31,10,3,Not Found,valid,39 34 28 21 10,3.729
/home/ubuntu/Lustre-exp/kind2-benchmarks/FMCAD08/Int/memory1/DRAGON_4_e2_2799_e1_1303.lus,base,2.048,5,1929,21,4,0,Not Found,valid,23 18 11 4,2.429
/home/ubuntu/Lustre-exp/kind2-benchmarks/FMCAD08/Int/memory1/DRAGON_4_e2_2799_e2_2251.lus,base,1.733,5,1886,24,7,2,Not Found,valid,29 24 17 9,2.106
/home/ubuntu/Lustre-exp/kind2-benchmarks/FMCAD08/Int/memory1/DRAGON_4_e2_2799_e3_1915.lus,base,2.121,5,2076,25,8,1,Not Found,valid,34 29 20 8,2.498
/home/ubuntu/Lustre-exp/kind2-benchmarks/FMCAD08/Int/memory1/DRAGON_4_e2_2799_e7_2499.lus,base,0.1,1,29,3,0,0,Not Found,invalid,1,0.476
/home/ubuntu/Lustre-exp/kind2-benchmarks/FMCAD08/Int/memory1/DRAGON_4_e3_1540_e1_5048.lus,base,1.196,4,1168,17,5,0,Not Found,valid,19 14 6,1.574
/home/ubuntu/Lustre-exp/kind2-benchmarks/FMCAD08/Int/memory1/DRAGON_4_e3_4133.lus,base,2.5,5,2341,25,8,0,Not Found,valid,29 24 15 6,2.871
/home/ubuntu/Lustre-exp/kind2-benchmarks/FMCAD08/Int/memory1/DRAGON_4_e7_2329.lus,base,0.15,1,54,5,0,0,Not Found,invalid,3,0.526
/home/ubuntu/Lustre-exp/kind2-benchmarks/FMCAD08/Int/memory1/DRAGON_4_e7_2329_e3_4574.lus,base,0.223,1,107,8,0,0,Not Found,invalid,6,0.609
/home/ubuntu/Lustre-exp/kind2-benchmarks/FMCAD08/Int/memory1/DRAGON_4_e7_2329_e7_3856.lus,base,0.196,1,84,7,0,0,Not Found,invalid,5,0.56
/home/ubuntu/Lustre-exp/kind2-benchmarks/FMCAD08/Int/memory1/DRAGON_5.lus,base,0.34,4,332,7,1,0,Not Found,valid,8 6 3,0.706
/home/ubuntu/Lustre-exp/kind2-benchmarks/FMCAD08/Int/memory1/DRAGON_5_e1_1835.lus,base,0.369,4,352,7,2,0,Not Found,valid,8 6 3,0.725
/home/ubuntu/Lustre-exp/kind2-benchmarks/FMCAD08/Int/memory1/DRAGON_5_e2_3018_e2_936.lus,base,0.376,4,370,8,1,0,Not Found,valid,9 6 3,0.735
/home/ubuntu/Lustre-exp/kind2-benchmarks/FMCAD08/Int/memory1/DRAGON_5_e7_2017.lus,base,0.102,1,38,3,0,0,Not Found,invalid,1,0.477
/home/ubuntu/Lustre-exp/kind2-benchmarks/FMCAD08/Int/memory1/DRAGON_5_e7_2017_e1_5832.lus,base,0.078,1,23,2,0,0,Not Found,invalid,0,0.452
/home/ubuntu/Lustre-exp/kind2-benchmarks/FMCAD08/Int/memory1/DRAGON_5_e7_2017_e2_664.lus,base,0.103,1,32,3,0,0,Not Found,invalid,1,0.467
/home/ubuntu/Lustre-exp/kind2-benchmarks/FMCAD08/Int/memory1/DRAGON_5_e7_2017_e3_1763.lus,base,0.162,1,69,5,0,0,Not Found,invalid,3,0.53
/home/ubuntu/Lustre-exp/kind2-benchmarks/FMCAD08/Int/memory1/DRAGON_5_e7_2017_e7_2326.lus,base,0.149,1,61,5,0,0,Not Found,invalid,3,0.529
/home/ubuntu/Lustre-exp/kind2-benchmarks/FMCAD08/Int/memory1/DRAGON_6.lus,base,0.041,2,25,1,0,0,Not Found,valid,1,0.424
/home/ubuntu/Lustre-exp/kind2-benchmarks/FMCAD08/Int/memory1/DRAGON_6_e7_5046_e7_3623.lus,base,0.045,2,25,1,0,0,Not Found,valid,1,0.413
/home/ubuntu/Lustre-exp/kind2-benchmarks/FMCAD08/Int/memory1/DRAGON_7.lus,base,0.091,2,58,3,0,0,Not Found,valid,3,0.453
/home/ubuntu/Lustre-exp/kind2-benchmarks/FMCAD08/Int/memory1/DRAGON_7_e2_2872_e2_5844.lus,base,0.068,2,39,2,0,0,Not Found,valid,2,0.432
/home/ubuntu/Lustre-exp/kind2-benchmarks/FMCAD08/Int/memory1/DRAGON_7_e2_2872_e3_2640.lus,base,0.068,2,39,2,0,0,Not Found,valid,2,0.43
/home/ubuntu/Lustre-exp/kind2-benchmarks/FMCAD08/Int/memory1/DRAGON_7_e7_3157_e2_2082.lus,base,0.098,2,58,3,0,0,Not Found,valid,3,0.476
/home/ubuntu/Lustre-exp/kind2-benchmarks/FMCAD08/Int/memory1/DRAGON_8.lus,base,0.497,5,490,11,2,1,Not Found,valid,12 11 7 4,0.877
/home/ubuntu/Lustre-exp/kind2-benchmarks/FMCAD08/Int/memory1/DRAGON_8_e2_3896_e3_3125.lus,base,0.36,5,383,8,2,1,Not Found,valid,8 7 5 3,0.724
/home/ubuntu/Lustre-exp/kind2-benchmarks/FMCAD08/Int/memory1/DRAGON_8_e3_786.lus,base,0.21,3,201,5,1,0,Not Found,timeout,4 3 2,290.19
/home/ubuntu/Lustre-exp/kind2-benchmarks/FMCAD08/Int/memory1/DRAGON_8_e3_786_e7_4541.lus,base,0.453,5,450,10,3,1,Not Found,valid,8 7 5 3,0.813
/home/ubuntu/Lustre-exp/kind2-benchmarks/FMCAD08/Int/memory1/DRAGON_8_e7_3752.lus,base,0.893,5,800,15,3,1,Not Found,valid,17 16 13 7,1.257
/home/ubuntu/Lustre-exp/kind2-benchmarks/FMCAD08/Int/memory1/DRAGON_9.lus,base,0.042,2,25,1,0,0,Not Found,valid,1,0.423
/home/ubuntu/Lustre-exp/kind2-benchmarks/FMCAD08/Int/memory1/DRAGON_9_e7_1843.lus,base,0.071,2,41,2,0,0,Not Found,valid,2,0.443
/home/ubuntu/Lustre-exp/kind2-benchmarks/FMCAD08/Int/memory1/DRAGON_9_e7_1843_e1_5434.lus,base,0.046,2,25,1,0,0,Not Found,valid,1,0.414
/home/ubuntu/Lustre-exp/kind2-benchmarks/FMCAD08/Int/memory1/DRAGON_9_e7_1843_e2_1145.lus,base,0.051,2,25,1,0,0,Not Found,valid,1,0.411
/home/ubuntu/Lustre-exp/kind2-benchmarks/FMCAD08/Int/memory1/DRAGON_9_e7_1843_e3_5316.lus,base,0.047,2,25,1,0,0,Not Found,valid,1,0.412
/home/ubuntu/Lustre-exp/kind2-benchmarks/FMCAD08/Int/memory1/DRAGON_9_e7_1843_e7_2225.lus,base,0.045,2,25,1,0,0,Not Found,valid,1,0.416
/home/ubuntu/Lustre-exp/kind2-benchmarks/FMCAD08/Int/memory1/DRAGON_all.lus,base,0.131,2,69,4,0,0,Not Found,valid,4,0.495
/home/ubuntu/Lustre-exp/kind2-benchmarks/FMCAD08/Int/memory1/DRAGON_all_e1_4022_e1_1759.lus,base,0.126,2,71,4,0,0,Not Found,valid,4,0.487
/home/ubuntu/Lustre-exp/kind2-benchmarks/FMCAD08/Int/memory1/DRAGON_all_e1_4022_e2_267.lus,base,0.137,2,65,4,0,0,Not Found,valid,4,0.496
/home/ubuntu/Lustre-exp/kind2-benchmarks/FMCAD08/Int/memory1/DRAGON_all_e1_4022_e3_3628.lus,base,0.135,2,73,4,0,0,Not Found,valid,4,0.507
/home/ubuntu/Lustre-exp/kind2-benchmarks/FMCAD08/Int/memory1/DRAGON_all_e1_4022_e7_2886.lus,base,0.018,0,2,0,0,0,Not Found,invalid,Not Found,0.4
/home/ubuntu/Lustre-exp/kind2-benchmarks/FMCAD08/Int/memory1/DRAGON_all_e1_4037.lus,base,0.146,2,71,4,0,0,Not Found,valid,4,0.517
/home/ubuntu/Lustre-exp/kind2-benchmarks/FMCAD08/Int/memory1/DRAGON_all_e2_6104.lus,base,0.128,2,71,4,0,0,Not Found,valid,4,0.498
/home/ubuntu/Lustre-exp/kind2-benchmarks/FMCAD08/Int/memory1/DRAGON_all_e2_6104_e1_6205.lus,base,0.128,2,69,4,0,0,Not Found,valid,4,0.487
/home/ubuntu/Lustre-exp/kind2-benchmarks/FMCAD08/Int/memory1/DRAGON_all_e2_6104_e2_3308.lus,base,0.15,2,92,5,0,0,Not Found,valid,5,0.525
/home/ubuntu/Lustre-exp/kind2-benchmarks/FMCAD08/Int/memory1/DRAGON_all_e2_6104_e3_2607.lus,base,0.124,2,67,4,0,0,Not Found,valid,4,0.507
/home/ubuntu/Lustre-exp/kind2-benchmarks/FMCAD08/Int/memory1/DRAGON_all_e3_4821_e1_1318.lus,base,0.134,2,71,4,0,0,Not Found,valid,4,0.496
/home/ubuntu/Lustre-exp/kind2-benchmarks/FMCAD08/Int/memory1/DRAGON_all_e3_4821_e2_1089.lus,base,0.13,2,71,4,0,0,Not Found,valid,4,0.495
/home/ubuntu/Lustre-exp/kind2-benchmarks/FMCAD08/Int/memory1/DRAGON_all_e3_4821_e4_1791.lus,base,0.147,2,71,4,0,0,Not Found,valid,4,0.517
/home/ubuntu/Lustre-exp/kind2-benchmarks/FMCAD08/Int/memory1/DRAGON_all_e3_4821_e5_1536.lus,base,0.158,2,69,4,0,0,Not Found,valid,4,0.528
/home/ubuntu/Lustre-exp/kind2-benchmarks/FMCAD08/Int/memory1/DRAGON_all_e3_5957.lus,base,0.156,2,90,5,0,0,Not Found,valid,5,0.514
/home/ubuntu/Lustre-exp/kind2-benchmarks/FMCAD08/Int/memory1/DRAGON_all_e7_1941_e2_6086.lus,base,0.017,0,2,0,0,0,Not Found,invalid,Not Found,0.388
/home/ubuntu/Lustre-exp/kind2-benchmarks/FMCAD08/Int/memory1/DRAGON_all_e7_4065.lus,base,0.02,0,2,0,0,0,Not Found,invalid,Not Found,0.39
/home/ubuntu/Lustre-exp/kind2-benchmarks/FMCAD08/Int/memory1/DRAGON_all2.lus,base,2.155,4,1468,25,4,0,Not Found,valid,19 15 8,2.531
/home/ubuntu/Lustre-exp/kind2-benchmarks/FMCAD08/Int/memory1/DRAGON_all2_e2_2073_e8_3691.lus,base,0.018,0,2,0,0,0,Not Found,invalid,Not Found,0.401
/home/ubuntu/Lustre-exp/kind2-benchmarks/FMCAD08/Int/memory1/DRAGON_all2_e3_4612_e1_6463.lus,base,2.534,5,1811,27,4,0,Not Found,valid,12 8 5 4,2.924
/home/ubuntu/Lustre-exp/kind2-benchmarks/FMCAD08/Int/memory1/DRAGON_all2_e3_4612_e2_5774.lus,base,1.786,5,1186,23,1,0,Not Found,valid,15 12 11 6,2.18
/home/ubuntu/Lustre-exp/kind2-benchmarks/FMCAD08/Int/memory1/DRAGON_all2_e3_4612_e3_1543.lus,base,1.604,4,1158,25,3,0,Not Found,valid,18 13 7,1.995
/home/ubuntu/Lustre-exp/kind2-benchmarks/FMCAD08/Int/memory1/DRAGON_all2_e3_4612_e4_3719.lus,base,2.228,4,1483,25,3,0,Not Found,valid,19 14 7,2.612
/home/ubuntu/Lustre-exp/kind2-benchmarks/FMCAD08/Int/memory1/DRAGON_all2_e3_4612_e5_3642.lus,base,1.767,4,1203,24,3,0,Not Found,valid,18 14 8,2.159
/home/ubuntu/Lustre-exp/kind2-benchmarks/FMCAD08/Int/memory1/DRAGON_all2_e3_4612_e8_5861.lus,base,0.018,0,2,0,0,0,Not Found,invalid,Not Found,0.408
/home/ubuntu/Lustre-exp/kind2-benchmarks/FMCAD08/Int/memory1/DRAGON_all2_e7_5406.lus,base,0.018,0,2,0,0,0,Not Found,invalid,Not Found,0.409
/home/ubuntu/Lustre-exp/kind2-benchmarks/FMCAD08/Int/memory1/DRAGON_all2_e7_5406_e1_6690.lus,base,0.019,0,2,0,0,0,Not Found,invalid,Not Found,0.399
/home/ubuntu/Lustre-exp/kind2-benchmarks/FMCAD08/Int/memory1/DRAGON_all2_e7_5406_e2_3084.lus,base,0.022,0,2,0,0,0,Not Found,invalid,Not Found,0.41
/home/ubuntu/Lustre-exp/kind2-benchmarks/FMCAD08/Int/memory1/DRAGON_all2_e7_5406_e3_506.lus,base,0.018,0,2,0,0,0,Not Found,invalid,Not Found,0.399
/home/ubuntu/Lustre-exp/kind2-benchmarks/FMCAD08/Int/memory1/DRAGON_all2_e7_5406_e7_6697.lus,base,0.02,0,2,0,0,0,Not Found,invalid,Not Found,0.399
/home/ubuntu/Lustre-exp/kind2-benchmarks/FMCAD08/Int/memory1/DRAGON_all2_e8_4626.lus,base,0.017,0,2,0,0,0,Not Found,invalid,Not Found,0.4
/home/ubuntu/Lustre-exp/kind2-benchmarks/FMCAD08/Int/memory1/DRAGON_all2_e8_5504_e1_4719.lus,base,0.021,0,2,0,0,0,Not Found,invalid,Not Found,0.4
/home/ubuntu/Lustre-exp/kind2-benchmarks/FMCAD08/Int/memory1/DRAGON_all2_e8_5504_e7_579.lus,base,0.018,0,2,0,0,0,Not Found,invalid,Not Found,0.4
/home/ubuntu/Lustre-exp/kind2-benchmarks/FMCAD08/Int/memory1/FIREFLY_1.lus,base,0.03,2,20,1,0,0,Not Found,valid,1,0.372
/home/ubuntu/Lustre-exp/kind2-benchmarks/FMCAD08/Int/memory1/FIREFLY_1_e1_1092.lus,base,0.047,1,15,2,0,0,Not Found,invalid,0,0.41
/home/ubuntu/Lustre-exp/kind2-benchmarks/FMCAD08/Int/memory1/FIREFLY_1_e1_1092_e1_1486.lus,base,0.041,1,15,2,0,0,Not Found,invalid,0,0.408
/home/ubuntu/Lustre-exp/kind2-benchmarks/FMCAD08/Int/memory1/FIREFLY_1_e1_1092_e2_1853.lus,base,0.032,2,20,1,0,0,Not Found,valid,1,0.374
/home/ubuntu/Lustre-exp/kind2-benchmarks/FMCAD08/Int/memory1/FIREFLY_1_e1_1092_e3_389.lus,base,0.042,1,15,2,0,0,Not Found,invalid,0,0.398
/home/ubuntu/Lustre-exp/kind2-benchmarks/FMCAD08/Int/memory1/FIREFLY_1_e1_1092_e7_1119.lus,base,0.015,0,2,0,0,0,Not Found,invalid,Not Found,0.368
/home/ubuntu/Lustre-exp/kind2-benchmarks/FMCAD08/Int/memory1/FIREFLY_10.lus,base,0.027,2,25,1,0,0,Not Found,valid,1,0.385
/home/ubuntu/Lustre-exp/kind2-benchmarks/FMCAD08/Int/memory1/FIREFLY_10_e7_919_e2_3192.lus,base,0.029,2,25,1,0,0,Not Found,valid,1,0.373
/home/ubuntu/Lustre-exp/kind2-benchmarks/FMCAD08/Int/memory1/FIREFLY_11.lus,base,0.3,4,388,6,1,0,Not Found,timeout,7 6 4 2,290.167
/home/ubuntu/Lustre-exp/kind2-benchmarks/FMCAD08/Int/memory1/FIREFLY_11_e1_3457.lus,base,0.268,4,388,6,1,0,Not Found,timeout,7 6 4 2,290.167
/home/ubuntu/Lustre-exp/kind2-benchmarks/FMCAD08/Int/memory1/FIREFLY_11_e3_2076_e1_1270.lus,base,0.341,4,421,7,2,0,Not Found,timeout,8 7 5 3,290.167
/home/ubuntu/Lustre-exp/kind2-benchmarks/FMCAD08/Int/memory1/FIREFLY_2.lus,base,0.034,2,27,1,0,0,Not Found,valid,1,0.385
/home/ubuntu/Lustre-exp/kind2-benchmarks/FMCAD08/Int/memory1/FIREFLY_2_e3_151_e3_1540.lus,base,0.046,1,22,2,0,0,Not Found,invalid,0,0.398
/home/ubuntu/Lustre-exp/kind2-benchmarks/FMCAD08/Int/memory1/FIREFLY_3.lus,base,0.031,2,25,1,0,0,Not Found,valid,1,0.374
/home/ubuntu/Lustre-exp/kind2-benchmarks/FMCAD08/Int/memory1/FIREFLY_3_e2_2236.lus,base,0.033,2,25,1,0,0,Not Found,valid,1,0.384
/home/ubuntu/Lustre-exp/kind2-benchmarks/FMCAD08/Int/memory1/FIREFLY_3_e2_2236_e1_2305.lus,base,0.033,2,25,1,0,0,Not Found,valid,1,0.384
/home/ubuntu/Lustre-exp/kind2-benchmarks/FMCAD08/Int/memory1/FIREFLY_3_e2_2236_e2_1058.lus,base,0.044,2,41,2,0,0,Not Found,valid,2,0.394
/home/ubuntu/Lustre-exp/kind2-benchmarks/FMCAD08/Int/memory1/FIREFLY_3_e2_2236_e3_2657.lus,base,0.049,1,22,2,0,0,Not Found,invalid,0,0.396
/home/ubuntu/Lustre-exp/kind2-benchmarks/FMCAD08/Int/memory1/FIREFLY_3_e2_2236_e7_3681.lus,base,0.043,2,41,2,0,0,Not Found,valid,2,0.384
/home/ubuntu/Lustre-exp/kind2-benchmarks/FMCAD08/Int/memory1/FIREFLY_4.lus,base,0.032,2,27,1,0,0,Not Found,valid,1,0.393
/home/ubuntu/Lustre-exp/kind2-benchmarks/FMCAD08/Int/memory1/FIREFLY_4_e3_3511.lus,base,0.132,3,148,4,1,0,Not Found,valid,5 3,0.476
/home/ubuntu/Lustre-exp/kind2-benchmarks/FMCAD08/Int/memory1/FIREFLY_4_e3_3511_e1_2375.lus,base,0.085,2,63,4,1,0,Not Found,invalid,2 1,0.45
/home/ubuntu/Lustre-exp/kind2-benchmarks/FMCAD08/Int/memory1/FIREFLY_4_e3_3511_e2_1923.lus,base,0.094,3,108,2,0,0,Not Found,valid,3 2,0.437
/home/ubuntu/Lustre-exp/kind2-benchmarks/FMCAD08/Int/memory1/FIREFLY_4_e3_3511_e3_422.lus,base,0.096,3,106,2,0,0,Not Found,valid,3 2,0.437
/home/ubuntu/Lustre-exp/kind2-benchmarks/FMCAD08/Int/memory1/FIREFLY_4_e3_3511_e4_1464.lus,base,0.201,2,173,7,1,0,Not Found,invalid,7 3,0.571
/home/ubuntu/Lustre-exp/kind2-benchmarks/FMCAD08/Int/memory1/FIREFLY_4_e3_3511_e5_3248.lus,base,0.096,3,106,2,0,0,Not Found,valid,3 2,0.445
/home/ubuntu/Lustre-exp/kind2-benchmarks/FMCAD08/Int/memory1/FIREFLY_4_e3_3511_e7_3568.lus,base,0.013,0,2,0,0,0,Not Found,invalid,Not Found,0.367
/home/ubuntu/Lustre-exp/kind2-benchmarks/FMCAD08/Int/memory1/FIREFLY_5.lus,base,0.04,2,41,2,0,0,Not Found,valid,2,0.384
/home/ubuntu/Lustre-exp/kind2-benchmarks/FMCAD08/Int/memory1/FIREFLY_5_e1_2552_e7_1169.lus,base,0.026,2,20,1,0,0,Not Found,valid,1,0.374
/home/ubuntu/Lustre-exp/kind2-benchmarks/FMCAD08/Int/memory1/FIREFLY_5_e2_2229.lus,base,0.042,2,41,2,0,0,Not Found,valid,2,0.384
/home/ubuntu/Lustre-exp/kind2-benchmarks/FMCAD08/Int/memory1/FIREFLY_5_e2_2884_e1_2678.lus,base,0.043,2,41,2,0,0,Not Found,valid,2,0.383
/home/ubuntu/Lustre-exp/kind2-benchmarks/FMCAD08/Int/memory1/FIREFLY_5_e2_2884_e2_1492.lus,base,0.043,2,41,2,0,0,Not Found,valid,2,0.385
/home/ubuntu/Lustre-exp/kind2-benchmarks/FMCAD08/Int/memory1/FIREFLY_5_e2_2884_e3_1882.lus,base,0.029,2,25,1,0,0,Not Found,valid,1,0.384
/home/ubuntu/Lustre-exp/kind2-benchmarks/FMCAD08/Int/memory1/FIREFLY_5_e2_2884_e7_3594.lus,base,0.034,2,25,1,0,0,Not Found,valid,1,0.373
/home/ubuntu/Lustre-exp/kind2-benchmarks/FMCAD08/Int/memory1/FIREFLY_6.lus,base,0.28,4,428,7,2,0,Not Found,valid,9 7 4,0.616
/home/ubuntu/Lustre-exp/kind2-benchmarks/FMCAD08/Int/memory1/FIREFLY_6_e2_3302.lus,base,0.364,4,501,8,2,0,Not Found,valid,10 7 4,0.716
/home/ubuntu/Lustre-exp/kind2-benchmarks/FMCAD08/Int/memory1/FIREFLY_7.lus,base,1.755,5,1793,21,3,2,Not Found,valid,17 9 7 4,2.11
/home/ubuntu/Lustre-exp/kind2-benchmarks/FMCAD08/Int/memory1/FIREFLY_8.lus,base,0.029,2,26,1,0,0,Not Found,valid,1,0.375
/home/ubuntu/Lustre-exp/kind2-benchmarks/FMCAD08/Int/memory1/FIREFLY_8_e2_1711.lus,base,0.031,2,24,1,0,0,Not Found,valid,1,0.383
/home/ubuntu/Lustre-exp/kind2-benchmarks/FMCAD08/Int/memory1/FIREFLY_8_e2_1711_e1_1489.lus,base,0.028,2,26,1,0,0,Not Found,valid,1,0.373
/home/ubuntu/Lustre-exp/kind2-benchmarks/FMCAD08/Int/memory1/FIREFLY_8_e2_1711_e2_2673.lus,base,0.027,2,24,1,0,0,Not Found,valid,1,0.373
/home/ubuntu/Lustre-exp/kind2-benchmarks/FMCAD08/Int/memory1/FIREFLY_8_e2_1711_e3_1753.lus,base,0.031,2,24,1,0,0,Not Found,valid,1,0.373
/home/ubuntu/Lustre-exp/kind2-benchmarks/FMCAD08/Int/memory1/FIREFLY_8_e2_1711_e7_1962.lus,base,0.013,0,2,0,0,0,Not Found,invalid,Not Found,0.376
/home/ubuntu/Lustre-exp/kind2-benchmarks/FMCAD08/Int/memory1/FIREFLY_9.lus,base,0.045,2,43,2,0,0,Not Found,valid,2,0.396
/home/ubuntu/Lustre-exp/kind2-benchmarks/FMCAD08/Int/memory1/FIREFLY_9_e7_170_e3_3647.lus,base,0.047,2,43,2,0,0,Not Found,valid,2,0.393
/home/ubuntu/Lustre-exp/kind2-benchmarks/FMCAD08/Int/memory1/FIREFLY_a3.lus,base,0.077,2,71,4,0,0,Not Found,valid,4,0.427
/home/ubuntu/Lustre-exp/kind2-benchmarks/FMCAD08/Int/memory1/FIREFLY_a3_e1_3233.lus,base,0.052,1,22,2,0,0,Not Found,invalid,0,0.41
/home/ubuntu/Lustre-exp/kind2-benchmarks/FMCAD08/Int/memory1/FIREFLY_a3_e1_3233_e1_3123.lus,base,0.047,1,22,2,0,0,Not Found,invalid,0,0.41
/home/ubuntu/Lustre-exp/kind2-benchmarks/FMCAD08/Int/memory1/FIREFLY_a3_e1_3233_e2_2392.lus,base,0.097,2,89,5,0,0,Not Found,valid,5,0.446
/home/ubuntu/Lustre-exp/kind2-benchmarks/FMCAD08/Int/memory1/FIREFLY_a3_e1_3233_e3_2970.lus,base,0.098,2,89,5,0,0,Not Found,valid,5,0.445
/home/ubuntu/Lustre-exp/kind2-benchmarks/FMCAD08/Int/memory1/FIREFLY_a3_e1_3233_e7_906.lus,base,0.013,0,2,0,0,0,Not Found,invalid,Not Found,0.37
/home/ubuntu/Lustre-exp/kind2-benchmarks/FMCAD08/Int/memory1/FIREFLY_a3_e2_2086_e1_3235.lus,base,0.078,2,71,4,0,0,Not Found,valid,4,0.436
/home/ubuntu/Lustre-exp/kind2-benchmarks/FMCAD08/Int/memory1/FIREFLY_a3_e2_2086_e2_2689.lus,base,0.082,2,71,4,0,0,Not Found,valid,4,0.437
/home/ubuntu/Lustre-exp/kind2-benchmarks/FMCAD08/Int/memory1/FIREFLY_a3_e2_2086_e3_2542.lus,base,0.098,2,89,5,0,0,Not Found,valid,5,0.449
/home/ubuntu/Lustre-exp/kind2-benchmarks/FMCAD08/Int/memory1/FIREFLY_a3_e2_2086_e7_2614.lus,base,0.014,0,2,0,0,0,Not Found,invalid,Not Found,0.368
/home/ubuntu/Lustre-exp/kind2-benchmarks/FMCAD08/Int/memory1/FIREFLY_a3_e2_2952.lus,base,0.081,2,71,4,0,0,Not Found,valid,4,0.437
/home/ubuntu/Lustre-exp/kind2-benchmarks/FMCAD08/Int/memory1/FIREFLY_a3_e3_314_e1_1979.lus,base,0.3,2,238,11,1,0,Not Found,invalid,7 3,0.661
/home/ubuntu/Lustre-exp/kind2-benchmarks/FMCAD08/Int/memory1/FIREFLY_a3_e3_314_e2_2812.lus,base,0.14,3,139,5,0,0,Not Found,valid,1 0,0.498
/home/ubuntu/Lustre-exp/kind2-benchmarks/FMCAD08/Int/memory1/FIREFLY_a3_e3_314_e4_897.lus,base,0.164,2,143,8,1,0,Not Found,invalid,3 2,0.522
/home/ubuntu/Lustre-exp/kind2-benchmarks/FMCAD08/Int/memory1/FIREFLY_all.lus,base,0.095,2,83,5,0,0,Not Found,valid,5,0.447
/home/ubuntu/Lustre-exp/kind2-benchmarks/FMCAD08/Int/memory1/FIREFLY_all_e1_1207_e1_1201.lus,base,0.078,1,40,4,0,0,Not Found,invalid,2,0.44
/home/ubuntu/Lustre-exp/kind2-benchmarks/FMCAD08/Int/memory1/FIREFLY_all_e1_1207_e2_3220.lus,base,0.095,2,83,5,0,0,Not Found,valid,5,0.458
/home/ubuntu/Lustre-exp/kind2-benchmarks/FMCAD08/Int/memory1/FIREFLY_all_e1_1207_e3_1928.lus,base,0.033,1,9,1,0,0,Not Found,invalid,0,0.388
/home/ubuntu/Lustre-exp/kind2-benchmarks/FMCAD08/Int/memory1/FIREFLY_all_e1_1207_e7_156.lus,base,0.013,0,2,0,0,0,Not Found,invalid,Not Found,0.37
/home/ubuntu/Lustre-exp/kind2-benchmarks/FMCAD08/Int/memory1/FIREFLY_all_e1_3406.lus,base,0.081,1,42,4,0,0,Not Found,invalid,2,0.44
/home/ubuntu/Lustre-exp/kind2-benchmarks/FMCAD08/Int/memory1/FIREFLY_all_e2_2924_e1_768.lus,base,0.096,2,87,5,0,0,Not Found,valid,5,0.458
/home/ubuntu/Lustre-exp/kind2-benchmarks/FMCAD08/Int/memory1/FIREFLY_all_e2_2924_e2_1767.lus,base,0.062,1,29,3,0,0,Not Found,invalid,1,0.409
/home/ubuntu/Lustre-exp/kind2-benchmarks/FMCAD08/Int/memory1/FIREFLY_all_e2_2924_e3_3946.lus,base,0.095,1,58,5,0,0,Not Found,invalid,3,0.45
/home/ubuntu/Lustre-exp/kind2-benchmarks/FMCAD08/Int/memory1/FIREFLY_all_e2_2924_e7_3371.lus,base,0.013,0,2,0,0,0,Not Found,invalid,Not Found,0.369
/home/ubuntu/Lustre-exp/kind2-benchmarks/FMCAD08/Int/memory1/FIREFLY_all_e2_3678.lus,base,0.08,1,46,4,0,0,Not Found,invalid,2,0.44
/home/ubuntu/Lustre-exp/kind2-benchmarks/FMCAD08/Int/memory1/FIREFLY_all_e3_1600_e1_667.lus,base,0.081,1,40,4,0,0,Not Found,invalid,2,0.44
/home/ubuntu/Lustre-exp/kind2-benchmarks/FMCAD08/Int/memory1/FIREFLY_all_e3_1600_e2_676.lus,base,0.17,1,121,9,0,0,Not Found,invalid,7,0.521
/home/ubuntu/Lustre-exp/kind2-benchmarks/FMCAD08/Int/memory1/FIREFLY_all_e3_1600_e3_2055.lus,base,0.046,1,15,2,0,0,Not Found,invalid,0,0.4
/home/ubuntu/Lustre-exp/kind2-benchmarks/FMCAD08/Int/memory1/FIREFLY_all_e3_1600_e4_2415.lus,base,0.036,1,9,1,0,0,Not Found,invalid,0,0.4
/home/ubuntu/Lustre-exp/kind2-benchmarks/FMCAD08/Int/memory1/FIREFLY_all_e3_1600_e5_84.lus,base,0.156,1,112,8,0,0,Not Found,invalid,6,0.52
/home/ubuntu/Lustre-exp/kind2-benchmarks/FMCAD08/Int/memory1/FIREFLY_all_e3_1600_e7_1607.lus,base,0.012,0,2,0,0,0,Not Found,invalid,Not Found,0.368
/home/ubuntu/Lustre-exp/kind2-benchmarks/FMCAD08/Int/memory1/FIREFLY_all_e3_3496.lus,base,0.037,1,9,1,0,0,Not Found,invalid,0,0.39
/home/ubuntu/Lustre-exp/kind2-benchmarks/FMCAD08/Int/memory1/FIREFLY_all_e7_1909.lus,base,0.014,0,2,0,0,0,Not Found,invalid,Not Found,0.368
/home/ubuntu/Lustre-exp/kind2-benchmarks/FMCAD08/Int/memory1/FIREFLY_luke_1a.lus,base,0.243,4,356,5,1,0,Not Found,timeout,6 5 3 2,290.171
/home/ubuntu/Lustre-exp/kind2-benchmarks/FMCAD08/Int/memory1/FIREFLY_luke_1a_e2_284_e1_2924.lus,base,0.281,4,386,6,1,0,Not Found,timeout,7 6 4 2,290.168
/home/ubuntu/Lustre-exp/kind2-benchmarks/FMCAD08/Int/memory1/FIREFLY_luke_1a_e2_284_e2_2755.lus,base,0.354,4,423,7,2,0,Not Found,timeout,8 7 5 3,290.168
/home/ubuntu/Lustre-exp/kind2-benchmarks/FMCAD08/Int/memory1/FIREFLY_luke_1a_e2_284_e3_3091.lus,base,0.274,4,395,6,2,0,Not Found,timeout,7 6 4 2,290.17
/home/ubuntu/Lustre-exp/kind2-benchmarks/FMCAD08/Int/memory1/FIREFLY_luke_1a_e2_284_e7_998.lus,base,0.168,2,159,8,1,0,Not Found,invalid,8 4,0.518
/home/ubuntu/Lustre-exp/kind2-benchmarks/FMCAD08/Int/memory1/FIREFLY_luke_1a_e7_3042_e3_1213.lus,base,21.419,10,9844,86,3,11,Not Found,valid,86 85 72 59 55 49 42 33 21,21.772
/home/ubuntu/Lustre-exp/kind2-benchmarks/FMCAD08/Int/memory1/FIREFLY_luke_1b.lus,base,0.029,2,22,1,0,0,Not Found,valid,1,0.374
/home/ubuntu/Lustre-exp/kind2-benchmarks/FMCAD08/Int/memory1/FIREFLY_luke_1b_e1_1139_e1_1565.lus,base,0.041,1,17,2,0,0,Not Found,invalid,0,0.386
/home/ubuntu/Lustre-exp/kind2-benchmarks/FMCAD08/Int/memory1/FIREFLY_luke_1b_e1_1139_e2_2893.lus,base,0.028,2,22,1,0,0,Not Found,valid,1,0.376
/home/ubuntu/Lustre-exp/kind2-benchmarks/FMCAD08/Int/memory1/FIREFLY_luke_1b_e1_1139_e3_1839.lus,base,0.075,1,41,4,0,0,Not Found,invalid,2,0.43
/home/ubuntu/Lustre-exp/kind2-benchmarks/FMCAD08/Int/memory1/FIREFLY_luke_1b_e1_1691.lus,base,0.042,1,17,2,0,0,Not Found,invalid,0,0.4
/home/ubuntu/Lustre-exp/kind2-benchmarks/FMCAD08/Int/memory1/FIREFLY_luke_1b_e2_3049.lus,base,0.074,1,41,4,0,0,Not Found,invalid,2,0.419
/home/ubuntu/Lustre-exp/kind2-benchmarks/FMCAD08/Int/memory1/FIREFLY_luke_1b_e2_3049_e1_946.lus,base,0.028,2,22,1,0,0,Not Found,valid,1,0.375
/home/ubuntu/Lustre-exp/kind2-benchmarks/FMCAD08/Int/memory1/FIREFLY_luke_1b_e2_3049_e2_698.lus,base,0.042,1,17,2,0,0,Not Found,invalid,0,0.399
/home/ubuntu/Lustre-exp/kind2-benchmarks/FMCAD08/Int/memory1/FIREFLY_luke_1b_e2_3049_e3_2697.lus,base,0.042,1,17,2,0,0,Not Found,invalid,0,0.408
/home/ubuntu/Lustre-exp/kind2-benchmarks/FMCAD08/Int/memory1/FIREFLY_luke_1b_e3_671.lus,base,0.073,1,41,4,0,0,Not Found,invalid,2,0.428
/home/ubuntu/Lustre-exp/kind2-benchmarks/FMCAD08/Int/memory1/FIREFLY_luke_1b_e3_671_e1_725.lus,base,0.072,1,41,4,0,0,Not Found,invalid,2,0.42
/home/ubuntu/Lustre-exp/kind2-benchmarks/FMCAD08/Int/memory1/FIREFLY_luke_1b_e3_671_e2_2131.lus,base,0.073,1,41,4,0,0,Not Found,invalid,2,0.419
/home/ubuntu/Lustre-exp/kind2-benchmarks/FMCAD08/Int/memory1/FIREFLY_luke_1b_e3_671_e3_941.lus,base,0.042,1,17,2,0,0,Not Found,invalid,0,0.4
/home/ubuntu/Lustre-exp/kind2-benchmarks/FMCAD08/Int/memory1/FIREFLY_luke_1b_e3_671_e4_147.lus,base,0.072,1,41,4,0,0,Not Found,invalid,2,0.428
/home/ubuntu/Lustre-exp/kind2-benchmarks/FMCAD08/Int/memory1/FIREFLY_luke_1b_e3_671_e5_1637.lus,base,0.08,1,41,4,0,0,Not Found,invalid,2,0.44
/home/ubuntu/Lustre-exp/kind2-benchmarks/FMCAD08/Int/memory1/FIREFLY_luke_1b_e3_671_e6_1974.lus,base,0.029,2,22,1,0,0,Not Found,valid,1,0.373
/home/ubuntu/Lustre-exp/kind2-benchmarks/FMCAD08/Int/memory1/FIREFLY_luke_1b_e3_671_e7_1882.lus,base,0.013,0,2,0,0,0,Not Found,invalid,Not Found,0.377
/home/ubuntu/Lustre-exp/kind2-benchmarks/FMCAD08/Int/memory1/FIREFLY_luke_1b_e7_2574.lus,base,0.014,0,2,0,0,0,Not Found,invalid,Not Found,0.379
/home/ubuntu/Lustre-exp/kind2-benchmarks/FMCAD08/Int/memory1/FIREFLY_luke_1b_e7_3191_e1_1303.lus,base,0.014,0,2,0,0,0,Not Found,invalid,Not Found,0.368
/home/ubuntu/Lustre-exp/kind2-benchmarks/FMCAD08/Int/memory1/FIREFLY_luke_1b_e7_3191_e2_1864.lus,base,0.013,0,2,0,0,0,Not Found,invalid,Not Found,0.367
/home/ubuntu/Lustre-exp/kind2-benchmarks/FMCAD08/Int/memory1/FIREFLY_luke_1b_e7_3191_e7_2146.lus,base,0.013,0,2,0,0,0,Not Found,invalid,Not Found,0.376
/home/ubuntu/Lustre-exp/kind2-benchmarks/FMCAD08/Int/memory1/FIREFLY_luke_2.lus,base,0.311,4,454,8,2,0,Not Found,valid,10 8 5,0.666
/home/ubuntu/Lustre-exp/kind2-benchmarks/FMCAD08/Int/memory1/FIREFLY_luke_2_e2_1375_e1_418.lus,base,0.294,4,440,7,2,0,Not Found,valid,9 7 4,0.644
/home/ubuntu/Lustre-exp/kind2-benchmarks/FMCAD08/Int/memory1/FIREFLY_luke_2_e7_1826_e8_126.lus,base,0.308,4,454,8,2,0,Not Found,valid,10 8 5,0.647
/home/ubuntu/Lustre-exp/kind2-benchmarks/FMCAD08/Int/memory1/FIREFLY_luke_3.lus,base,1.451,6,1795,16,1,0,Not Found,valid,24 20 17 14 5,1.804
/home/ubuntu/Lustre-exp/kind2-benchmarks/FMCAD08/Int/memory1/FIREFLY_luke_3_e1_2217_e3_1200.lus,base,1.278,5,1668,19,3,0,Not Found,valid,30 27 24 11,1.622
/home/ubuntu/Lustre-exp/kind2-benchmarks/FMCAD08/Int/memory1/FIREFLY_luke_4.lus,base,0.24,4,356,5,1,0,Not Found,timeout,6 5 3 2,290.167
/home/ubuntu/Lustre-exp/kind2-benchmarks/FMCAD08/Int/memory1/FIREFLY_luke_4_e2_325.lus,base,0.053,1,44,3,0,0,Not Found,timeout,3,290.198
/home/ubuntu/Lustre-exp/kind2-benchmarks/FMCAD08/Int/memory1/FIREFLY_luke_5.lus,base,0.093,1,79,5,0,0,Not Found,timeout,5,290.25
/home/ubuntu/Lustre-exp/kind2-benchmarks/FMCAD08/Int/memory1/FIREFLY_luke_rt.lus,base,0.033,2,27,1,0,0,Not Found,valid,1,0.383
/home/ubuntu/Lustre-exp/kind2-benchmarks/FMCAD08/Int/memory1/FIREFLY_luke_rt_e1_913.lus,base,0.049,1,20,2,0,0,Not Found,invalid,0,0.398
/home/ubuntu/Lustre-exp/kind2-benchmarks/FMCAD08/Int/memory1/FIREFLY_luke_rt_e1_913_e1_1993.lus,base,0.055,1,20,2,0,0,Not Found,invalid,0,0.419
/home/ubuntu/Lustre-exp/kind2-benchmarks/FMCAD08/Int/memory1/FIREFLY_luke_rt_e1_913_e2_3353.lus,base,0.034,2,27,1,0,0,Not Found,valid,1,0.384
/home/ubuntu/Lustre-exp/kind2-benchmarks/FMCAD08/Int/memory1/FIREFLY_luke_rt_e1_913_e3_2128.lus,base,0.061,1,34,3,0,0,Not Found,invalid,1,0.428
/home/ubuntu/Lustre-exp/kind2-benchmarks/FMCAD08/Int/memory1/FIREFLY_luke_rt_e1_913_e7_1403.lus,base,0.014,0,2,0,0,0,Not Found,invalid,Not Found,0.377
/home/ubuntu/Lustre-exp/kind2-benchmarks/FMCAD08/Int/memory1/FIREFLY_luke_rt_e2_3460.lus,base,0.063,1,34,3,0,0,Not Found,invalid,1,0.418
/home/ubuntu/Lustre-exp/kind2-benchmarks/FMCAD08/Int/memory1/FIREFLY_luke_rt_e2_3460_e1_1455.lus,base,0.033,2,27,1,0,0,Not Found,valid,1,0.385
/home/ubuntu/Lustre-exp/kind2-benchmarks/FMCAD08/Int/memory1/FIREFLY_luke_rt_e2_3460_e2_2670.lus,base,0.047,1,20,2,0,0,Not Found,invalid,0,0.399
/home/ubuntu/Lustre-exp/kind2-benchmarks/FMCAD08/Int/memory1/FIREFLY_luke_rt_e2_3460_e3_1333.lus,base,0.047,1,20,2,0,0,Not Found,invalid,0,0.399
/home/ubuntu/Lustre-exp/kind2-benchmarks/FMCAD08/Int/memory1/FIREFLY_luke_rt_e2_3460_e7_471.lus,base,0.013,0,2,0,0,0,Not Found,invalid,Not Found,0.367
/home/ubuntu/Lustre-exp/kind2-benchmarks/FMCAD08/Int/memory1/FIREFLY_luke_rt_e3_1549.lus,base,0.033,1,9,1,0,0,Not Found,invalid,0,0.398
/home/ubuntu/Lustre-exp/kind2-benchmarks/FMCAD08/Int/memory1/FIREFLY_rt.lus,base,0.472,5,679,12,2,3,Not Found,valid,13 11 8 4,0.827
/home/ubuntu/Lustre-exp/kind2-benchmarks/FMCAD08/Int/memory1/FIREFLY_rt_e3_1770_e2_637.lus,base,0.369,4,508,10,2,0,Not Found,valid,9 7 4,0.717
/home/ubuntu/Lustre-exp/kind2-benchmarks/FMCAD08/Int/memory1/FIREFLY_u1.lus,base,0.963,6,1170,13,2,0,Not Found,valid,16 14 13 11 7,1.302
/home/ubuntu/Lustre-exp/kind2-benchmarks/FMCAD08/Int/memory1/FIREFLY_u1_e2_3403_e2_957.lus,base,2.797,7,2631,17,3,1,Not Found,valid,23 19 17 15 12 5,3.145
/home/ubuntu/Lustre-exp/kind2-benchmarks/FMCAD08/Int/memory1/FIREFLY_u1_e7_3318.lus,base,0.057,1,24,3,0,0,Not Found,invalid,1,0.418
/home/ubuntu/Lustre-exp/kind2-benchmarks/FMCAD08/Int/memory2/ILLINOIS_1.lus,base,0.047,2,41,2,0,0,Not Found,valid,2,0.397
/home/ubuntu/Lustre-exp/kind2-benchmarks/FMCAD08/Int/memory2/ILLINOIS_2.lus,base,0.032,2,22,1,0,0,Not Found,valid,1,0.375
/home/ubuntu/Lustre-exp/kind2-benchmarks/FMCAD08/Int/memory2/ILLINOIS_2_e1_834.lus,base,0.013,0,2,0,0,0,Not Found,invalid,Not Found,0.37
/home/ubuntu/Lustre-exp/kind2-benchmarks/FMCAD08/Int/memory2/ILLINOIS_2_e1_834_e1_1895.lus,base,0.013,0,2,0,0,0,Not Found,invalid,Not Found,0.369
/home/ubuntu/Lustre-exp/kind2-benchmarks/FMCAD08/Int/memory2/ILLINOIS_2_e1_834_e2_3395.lus,base,0.036,2,20,1,0,0,Not Found,valid,1,0.397
/home/ubuntu/Lustre-exp/kind2-benchmarks/FMCAD08/Int/memory2/ILLINOIS_2_e1_834_e3_2931.lus,base,0.013,0,2,0,0,0,Not Found,invalid,Not Found,0.37
/home/ubuntu/Lustre-exp/kind2-benchmarks/FMCAD08/Int/memory2/ILLINOIS_2_e1_834_e7_3738.lus,base,0.012,0,2,0,0,0,Not Found,invalid,Not Found,0.37
/home/ubuntu/Lustre-exp/kind2-benchmarks/FMCAD08/Int/memory2/ILLINOIS_2_e2_2367_e1_3182.lus,base,0.033,2,22,1,0,0,Not Found,valid,1,0.377
/home/ubuntu/Lustre-exp/kind2-benchmarks/FMCAD08/Int/memory2/ILLINOIS_2_e2_2367_e2_1561.lus,base,0.014,0,2,0,0,0,Not Found,invalid,Not Found,0.372
/home/ubuntu/Lustre-exp/kind2-benchmarks/FMCAD08/Int/memory2/ILLINOIS_2_e2_2367_e3_1601.lus,base,0.012,0,2,0,0,0,Not Found,invalid,Not Found,0.381
/home/ubuntu/Lustre-exp/kind2-benchmarks/FMCAD08/Int/memory2/ILLINOIS_2_e2_2367_e7_2728.lus,base,0.013,0,2,0,0,0,Not Found,invalid,Not Found,0.369
/home/ubuntu/Lustre-exp/kind2-benchmarks/FMCAD08/Int/memory2/ILLINOIS_2_e2_876.lus,base,0.013,0,2,0,0,0,Not Found,invalid,Not Found,0.371
/home/ubuntu/Lustre-exp/kind2-benchmarks/FMCAD08/Int/memory2/ILLINOIS_3.lus,base,0.037,2,24,1,0,0,Not Found,valid,1,0.387
/home/ubuntu/Lustre-exp/kind2-benchmarks/FMCAD08/Int/memory2/ILLINOIS_3_e3_2581.lus,base,0.013,0,2,0,0,0,Not Found,invalid,Not Found,0.37
/home/ubuntu/Lustre-exp/kind2-benchmarks/FMCAD08/Int/memory2/ILLINOIS_3_e3_2581_e1_1130.lus,base,0.012,0,1,0,0,0,Not Found,invalid,Not Found,0.358
/home/ubuntu/Lustre-exp/kind2-benchmarks/FMCAD08/Int/memory2/ILLINOIS_3_e3_2581_e2_2545.lus,base,0.012,0,1,0,0,0,Not Found,invalid,Not Found,0.362
/home/ubuntu/Lustre-exp/kind2-benchmarks/FMCAD08/Int/memory2/ILLINOIS_3_e3_2581_e3_979.lus,base,0.013,0,2,0,0,0,Not Found,invalid,Not Found,0.369
/home/ubuntu/Lustre-exp/kind2-benchmarks/FMCAD08/Int/memory2/ILLINOIS_3_e3_2581_e4_958.lus,base,0.01,0,1,0,0,0,Not Found,invalid,Not Found,0.359
/home/ubuntu/Lustre-exp/kind2-benchmarks/FMCAD08/Int/memory2/ILLINOIS_3_e3_2581_e5_4006.lus,base,0.013,0,1,0,0,0,Not Found,invalid,Not Found,0.378
/home/ubuntu/Lustre-exp/kind2-benchmarks/FMCAD08/Int/memory2/ILLINOIS_3_e3_2581_e7_3447.lus,base,0.014,0,2,0,0,0,Not Found,invalid,Not Found,0.37
/home/ubuntu/Lustre-exp/kind2-benchmarks/FMCAD08/Int/memory2/ILLINOIS_4.lus,base,0.048,2,41,2,0,0,Not Found,valid,2,0.396
/home/ubuntu/Lustre-exp/kind2-benchmarks/FMCAD08/Int/memory2/ILLINOIS_4_e7_2651_e7_2847.lus,base,0.032,2,27,1,0,0,Not Found,valid,1,0.386
/home/ubuntu/Lustre-exp/kind2-benchmarks/FMCAD08/Int/memory2/ILLINOIS_5.lus,base,0.032,2,25,1,0,0,Not Found,valid,1,0.386
/home/ubuntu/Lustre-exp/kind2-benchmarks/FMCAD08/Int/memory2/ILLINOIS_5_e7_692_e7_2865.lus,base,0.03,2,25,1,0,0,Not Found,valid,1,0.377
/home/ubuntu/Lustre-exp/kind2-benchmarks/FMCAD08/Int/memory2/ILLINOIS_a1.lus,base,0.35,4,448,10,3,0,Not Found,valid,9 7 4,0.708
/home/ubuntu/Lustre-exp/kind2-benchmarks/FMCAD08/Int/memory2/ILLINOIS_all.lus,base,0.107,2,85,5,0,0,Not Found,valid,5,0.458
/home/ubuntu/Lustre-exp/kind2-benchmarks/FMCAD08/Int/memory2/ILLINOIS_r4a.lus,base,0.605,4,756,14,3,1,Not Found,valid,19 15 8,0.951
/home/ubuntu/Lustre-exp/kind2-benchmarks/FMCAD08/Int/memory2/MESI_1.lus,base,0.029,2,41,2,0,0,Not Found,valid,2,0.374
/home/ubuntu/Lustre-exp/kind2-benchmarks/FMCAD08/Int/memory2/MESI_1_e2_162_e7_1545.lus,base,0.02,2,27,1,0,0,Not Found,valid,1,0.364
/home/ubuntu/Lustre-exp/kind2-benchmarks/FMCAD08/Int/memory2/MESI_2.lus,base,0.018,2,25,1,0,0,Not Found,valid,1,0.362
/home/ubuntu/Lustre-exp/kind2-benchmarks/FMCAD08/Int/memory2/MESI_3.lus,base,0.251,3,235,10,0,0,Not Found,valid,4 3,0.597
/home/ubuntu/Lustre-exp/kind2-benchmarks/FMCAD08/Int/memory2/MESI_3_e1_2517_e8_2163.lus,base,0.616,5,646,14,0,0,Not Found,valid,5 2 1 0,0.948
/home/ubuntu/Lustre-exp/kind2-benchmarks/FMCAD08/Int/memory2/MESI_3_e2_819.lus,base,0.013,0,2,0,0,0,Not Found,invalid,Not Found,0.357
/home/ubuntu/Lustre-exp/kind2-benchmarks/FMCAD08/Int/memory2/MESI_3_e2_819_e1_1145.lus,base,0.244,3,235,10,0,0,Not Found,valid,4 3,0.586
/home/ubuntu/Lustre-exp/kind2-benchmarks/FMCAD08/Int/memory2/MESI_3_e2_819_e2_562.lus,base,0.012,0,2,0,0,0,Not Found,invalid,Not Found,0.356
/home/ubuntu/Lustre-exp/kind2-benchmarks/FMCAD08/Int/memory2/MESI_3_e2_819_e3_2698.lus,base,0.014,0,2,0,0,0,Not Found,invalid,Not Found,0.357
/home/ubuntu/Lustre-exp/kind2-benchmarks/FMCAD08/Int/memory2/MESI_3_e2_819_e4_1595.lus,base,0.246,3,235,10,0,0,Not Found,valid,4 3,0.586
/home/ubuntu/Lustre-exp/kind2-benchmarks/FMCAD08/Int/memory2/MESI_3_e2_819_e5_2554.lus,base,0.017,0,2,0,0,0,Not Found,invalid,Not Found,0.356
/home/ubuntu/Lustre-exp/kind2-benchmarks/FMCAD08/Int/memory2/MESI_3_e2_819_e6_1459.lus,base,0.567,4,571,16,0,0,Not Found,valid,8 4 3,0.9
/home/ubuntu/Lustre-exp/kind2-benchmarks/FMCAD08/Int/memory2/MESI_3_e2_819_e7_1665.lus,base,0.012,0,2,0,0,0,Not Found,invalid,Not Found,0.358
/home/ubuntu/Lustre-exp/kind2-benchmarks/FMCAD08/Int/memory2/MESI_3_e2_819_e8_1896.lus,base,0.014,0,2,0,0,0,Not Found,invalid,Not Found,0.356
/home/ubuntu/Lustre-exp/kind2-benchmarks/FMCAD08/Int/memory2/MESI_3_e3_2669.lus,base,0.338,3,321,12,0,0,Not Found,valid,7 4,0.688
/home/ubuntu/Lustre-exp/kind2-benchmarks/FMCAD08/Int/memory2/MESI_4.lus,base,0.049,3,83,2,0,0,Not Found,valid,1 0,0.393
/home/ubuntu/Lustre-exp/kind2-benchmarks/FMCAD08/Int/memory2/MESI_4_e7_1140_e7_433.lus,base,0.026,2,27,1,0,0,Not Found,valid,1,0.375
/home/ubuntu/Lustre-exp/kind2-benchmarks/FMCAD08/Int/memory2/MESI_all.lus,base,0.049,2,74,4,0,0,Not Found,valid,4,0.384
/home/ubuntu/Lustre-exp/kind2-benchmarks/FMCAD08/Int/memory2/MESI_all_e4_1147_e7_497.lus,base,0.04,2,60,3,0,0,Not Found,valid,3,0.374
/home/ubuntu/Lustre-exp/kind2-benchmarks/FMCAD08/Int/memory2/MESI_i1.lus,base,0.009,0,2,0,0,0,Not Found,invalid,Not Found,0.345
/home/ubuntu/Lustre-exp/kind2-benchmarks/FMCAD08/Int/memory2/MESI_i1_e2_1758_e8_12.lus,base,0.009,0,2,0,0,0,Not Found,invalid,Not Found,0.345
/home/ubuntu/Lustre-exp/kind2-benchmarks/FMCAD08/Int/memory2/MESI_i1_e2_2656.lus,base,0.009,0,2,0,0,0,Not Found,invalid,Not Found,0.357
/home/ubuntu/Lustre-exp/kind2-benchmarks/FMCAD08/Int/memory2/MESI_i1_e3_2145.lus,base,0.009,0,2,0,0,0,Not Found,invalid,Not Found,0.346
/home/ubuntu/Lustre-exp/kind2-benchmarks/FMCAD08/Int/memory2/MESI_i1_e3_2145_e1_2667.lus,base,0.009,0,2,0,0,0,Not Found,invalid,Not Found,0.345
/home/ubuntu/Lustre-exp/kind2-benchmarks/FMCAD08/Int/memory2/MESI_i1_e3_2145_e2_2228.lus,base,0.008,0,2,0,0,0,Not Found,invalid,Not Found,0.345
/home/ubuntu/Lustre-exp/kind2-benchmarks/FMCAD08/Int/memory2/MESI_i1_e3_2145_e3_977.lus,base,0.009,0,2,0,0,0,Not Found,invalid,Not Found,0.346
/home/ubuntu/Lustre-exp/kind2-benchmarks/FMCAD08/Int/memory2/MESI_i1_e3_2145_e4_1717.lus,base,0.009,0,2,0,0,0,Not Found,invalid,Not Found,0.345
/home/ubuntu/Lustre-exp/kind2-benchmarks/FMCAD08/Int/memory2/MESI_i1_e3_2145_e5_2391.lus,base,0.009,0,2,0,0,0,Not Found,invalid,Not Found,0.345
/home/ubuntu/Lustre-exp/kind2-benchmarks/FMCAD08/Int/memory2/MESI_i1_e3_2145_e7_1847.lus,base,0.01,0,2,0,0,0,Not Found,invalid,Not Found,0.344
/home/ubuntu/Lustre-exp/kind2-benchmarks/FMCAD08/Int/memory2/MESI_i1_e3_2145_e8_2325.lus,base,0.01,0,2,0,0,0,Not Found,invalid,Not Found,0.343
/home/ubuntu/Lustre-exp/kind2-benchmarks/FMCAD08/Int/memory2/MESI_i1_e4_1986.lus,base,0.009,0,2,0,0,0,Not Found,invalid,Not Found,0.345
/home/ubuntu/Lustre-exp/kind2-benchmarks/FMCAD08/Int/memory2/MESI_i1_e4_1986_e1_1519.lus,base,0.026,1,15,2,0,0,Not Found,invalid,0,0.375
/home/ubuntu/Lustre-exp/kind2-benchmarks/FMCAD08/Int/memory2/MESI_i2.lus,base,0.017,1,9,1,0,0,Not Found,invalid,0,0.354
/home/ubuntu/Lustre-exp/kind2-benchmarks/FMCAD08/Int/memory2/MESI_i3.lus,base,0.009,0,2,0,0,0,Not Found,invalid,Not Found,0.344
/home/ubuntu/Lustre-exp/kind2-benchmarks/FMCAD08/Int/memory2/MESI_i3_e1_447.lus,base,0.044,2,52,4,1,0,Not Found,invalid,2 1,0.397
/home/ubuntu/Lustre-exp/kind2-benchmarks/FMCAD08/Int/memory2/MESI_i3_e1_447_e1_1292.lus,base,0.096,3,147,5,1,0,Not Found,valid,7 4,0.444
/home/ubuntu/Lustre-exp/kind2-benchmarks/FMCAD08/Int/memory2/MESI_i3_e1_447_e2_1098.lus,base,0.009,0,2,0,0,0,Not Found,invalid,Not Found,0.343
/home/ubuntu/Lustre-exp/kind2-benchmarks/FMCAD08/Int/memory2/MESI_i3_e1_447_e3_1180.lus,base,0.03,2,39,2,0,0,Not Found,valid,2,0.363
/home/ubuntu/Lustre-exp/kind2-benchmarks/FMCAD08/Int/memory2/MESI_i3_e1_447_e5_2444.lus,base,0.009,0,2,0,0,0,Not Found,invalid,Not Found,0.346
/home/ubuntu/Lustre-exp/kind2-benchmarks/FMCAD08/Int/memory2/MESI_i3_e1_447_e6_2281.lus,base,0.099,3,187,5,1,0,Not Found,valid,7 4,0.432
/home/ubuntu/Lustre-exp/kind2-benchmarks/FMCAD08/Int/memory2/MESI_i3_e1_447_e7_2194.lus,base,0.046,2,55,4,1,0,Not Found,invalid,2 1,0.385
/home/ubuntu/Lustre-exp/kind2-benchmarks/FMCAD08/Int/memory2/MESI_i4.lus,base,0.064,2,83,5,1,0,Not Found,invalid,4 2,0.405
/home/ubuntu/Lustre-exp/kind2-benchmarks/FMCAD08/Int/memory2/MESI_i4_e4_1689.lus,base,0.191,2,258,10,1,0,Not Found,invalid,11 4,0.536
/home/ubuntu/Lustre-exp/kind2-benchmarks/FMCAD08/Int/memory2/MESI_i4_e6_2175.lus,base,0.416,5,745,15,2,3,Not Found,valid,15 13 10 6,0.747
/home/ubuntu/Lustre-exp/kind2-benchmarks/FMCAD08/Int/memory2/MESI_i4_e7_1017_e6_1132.lus,base,0.529,5,872,16,3,1,Not Found,valid,8 6 4 3,0.868
/home/ubuntu/Lustre-exp/kind2-benchmarks/FMCAD08/Int/memory2/MESI_i4_e8_1381_e1_1837.lus,base,0.196,2,262,10,1,0,Not Found,invalid,11 4,0.537
/home/ubuntu/Lustre-exp/kind2-benchmarks/FMCAD08/Int/memory2/MESI_i4_e8_1381_e4_313.lus,base,0.195,2,262,10,1,0,Not Found,invalid,11 4,0.539
/home/ubuntu/Lustre-exp/kind2-benchmarks/FMCAD08/Int/memory2/MOESI_1.lus,base,0.033,2,41,2,0,0,Not Found,valid,2,0.373
/home/ubuntu/Lustre-exp/kind2-benchmarks/FMCAD08/Int/memory2/MOESI_1_e2_982_e7_492.lus,base,0.03,2,41,2,0,0,Not Found,valid,2,0.374
/home/ubuntu/Lustre-exp/kind2-benchmarks/FMCAD08/Int/memory2/MOESI_1_e3_1884_e7_1875.lus,base,0.033,2,41,2,0,0,Not Found,valid,2,0.365
/home/ubuntu/Lustre-exp/kind2-benchmarks/FMCAD08/Int/memory2/MOESI_2.lus,base,0.021,2,20,1,0,0,Not Found,valid,1,0.364
/home/ubuntu/Lustre-exp/kind2-benchmarks/FMCAD08/Int/memory2/MOESI_2_e1_1753.lus,base,0.023,2,20,1,0,0,Not Found,valid,1,0.374
/home/ubuntu/Lustre-exp/kind2-benchmarks/FMCAD08/Int/memory2/MOESI_2_e1_1753_e1_1510.lus,base,0.01,0,2,0,0,0,Not Found,invalid,Not Found,0.348
/home/ubuntu/Lustre-exp/kind2-benchmarks/FMCAD08/Int/memory2/MOESI_2_e1_1753_e2_615.lus,base,0.011,0,2,0,0,0,Not Found,invalid,Not Found,0.358
/home/ubuntu/Lustre-exp/kind2-benchmarks/FMCAD08/Int/memory2/MOESI_2_e1_1753_e3_2021.lus,base,0.03,1,15,2,0,0,Not Found,invalid,0,0.367
/home/ubuntu/Lustre-exp/kind2-benchmarks/FMCAD08/Int/memory2/MOESI_2_e2_155.lus,base,0.021,2,20,1,0,0,Not Found,valid,1,0.363
/home/ubuntu/Lustre-exp/kind2-benchmarks/FMCAD08/Int/memory2/MOESI_2_e2_1599_e1_2383.lus,base,0.009,0,2,0,0,0,Not Found,invalid,Not Found,0.346
/home/ubuntu/Lustre-exp/kind2-benchmarks/FMCAD08/Int/memory2/MOESI_2_e2_1599_e2_1815.lus,base,0.01,0,2,0,0,0,Not Found,invalid,Not Found,0.348
/home/ubuntu/Lustre-exp/kind2-benchmarks/FMCAD08/Int/memory2/MOESI_2_e2_1599_e3_1658.lus,base,0.03,1,15,2,0,0,Not Found,invalid,0,0.366
/home/ubuntu/Lustre-exp/kind2-benchmarks/FMCAD08/Int/memory2/MOESI_2_e2_1599_e8_1334.lus,base,0.021,2,20,1,0,0,Not Found,valid,1,0.365
/home/ubuntu/Lustre-exp/kind2-benchmarks/FMCAD08/Int/memory2/MOESI_2_e3_929.lus,base,0.022,2,20,1,0,0,Not Found,valid,1,0.374
/home/ubuntu/Lustre-exp/kind2-benchmarks/FMCAD08/Int/memory2/MOESI_2_e3_929_e1_2319.lus,base,0.011,0,2,0,0,0,Not Found,invalid,Not Found,0.348
/home/ubuntu/Lustre-exp/kind2-benchmarks/FMCAD08/Int/memory2/MOESI_2_e3_929_e2_2421.lus,base,0.01,0,2,0,0,0,Not Found,invalid,Not Found,0.348
/home/ubuntu/Lustre-exp/kind2-benchmarks/FMCAD08/Int/memory2/MOESI_2_e3_929_e3_2294.lus,base,0.031,1,17,2,0,0,Not Found,invalid,0,0.368
/home/ubuntu/Lustre-exp/kind2-benchmarks/FMCAD08/Int/memory2/MOESI_2_e3_929_e4_578.lus,base,0.023,2,20,1,0,0,Not Found,valid,1,0.365
/home/ubuntu/Lustre-exp/kind2-benchmarks/FMCAD08/Int/memory2/MOESI_2_e3_929_e5_1826.lus,base,0.021,2,20,1,0,0,Not Found,valid,1,0.375
/home/ubuntu/Lustre-exp/kind2-benchmarks/FMCAD08/Int/memory2/MOESI_2_e3_929_e6_2707.lus,base,0.022,2,20,1,0,0,Not Found,valid,1,0.366
/home/ubuntu/Lustre-exp/kind2-benchmarks/FMCAD08/Int/memory2/MOESI_2_e3_929_e7_619.lus,base,0.011,0,2,0,0,0,Not Found,invalid,Not Found,0.346
/home/ubuntu/Lustre-exp/kind2-benchmarks/FMCAD08/Int/memory2/MOESI_2_e3_929_e8_1167.lus,base,0.022,2,22,1,0,0,Not Found,valid,1,0.364
/home/ubuntu/Lustre-exp/kind2-benchmarks/FMCAD08/Int/memory2/MOESI_2_e7_2607.lus,base,0.01,0,2,0,0,0,Not Found,invalid,Not Found,0.347
/home/ubuntu/Lustre-exp/kind2-benchmarks/FMCAD08/Int/memory2/MOESI_2_e7_2910_e1_1021.lus,base,0.011,0,2,0,0,0,Not Found,invalid,Not Found,0.346
/home/ubuntu/Lustre-exp/kind2-benchmarks/FMCAD08/Int/memory2/MOESI_2_e7_2910_e2_611.lus,base,0.011,0,2,0,0,0,Not Found,invalid,Not Found,0.346
/home/ubuntu/Lustre-exp/kind2-benchmarks/FMCAD08/Int/memory2/MOESI_2_e7_2910_e7_1804.lus,base,0.011,0,2,0,0,0,Not Found,invalid,Not Found,0.356
/home/ubuntu/Lustre-exp/kind2-benchmarks/FMCAD08/Int/memory2/MOESI_2_e8_101.lus,base,0.021,2,22,1,0,0,Not Found,valid,1,0.366
/home/ubuntu/Lustre-exp/kind2-benchmarks/FMCAD08/Int/memory2/MOESI_2_e8_926_e1_1065.lus,base,0.023,2,20,1,0,0,Not Found,valid,1,0.365
/home/ubuntu/Lustre-exp/kind2-benchmarks/FMCAD08/Int/memory2/MOESI_2_e8_926_e7_961.lus,base,0.011,0,2,0,0,0,Not Found,invalid,Not Found,0.346
/home/ubuntu/Lustre-exp/kind2-benchmarks/FMCAD08/Int/memory2/MOESI_2_e8_926_e8_2138.lus,base,0.022,2,22,1,0,0,Not Found,valid,1,0.364
/home/ubuntu/Lustre-exp/kind2-benchmarks/FMCAD08/Int/memory2/MOESI_all.lus,base,0.045,2,51,3,0,0,Not Found,valid,3,0.394
/home/ubuntu/Lustre-exp/kind2-benchmarks/FMCAD08/Int/memory2/MOESI_all_e3_2032_e3_2788.lus,base,0.022,1,9,1,0,0,Not Found,invalid,0,0.369
/home/ubuntu/Lustre-exp/kind2-benchmarks/FMCAD08/Int/memory2/SYNAPSE_1.lus,base,0.018,2,25,1,0,0,Not Found,valid,1,0.355
/home/ubuntu/Lustre-exp/kind2-benchmarks/FMCAD08/Int/memory2/SYNAPSE_123.lus,base,0.035,2,49,3,0,0,Not Found,valid,3,0.373
/home/ubuntu/Lustre-exp/kind2-benchmarks/FMCAD08/Int/memory2/SYNAPSE_123_e2_1653.lus,base,0.009,0,2,0,0,0,Not Found,invalid,Not Found,0.356
/home/ubuntu/Lustre-exp/kind2-benchmarks/FMCAD08/Int/memory2/SYNAPSE_123_e3_302.lus,base,0.033,1,27,3,0,0,Not Found,invalid,1,0.375
/home/ubuntu/Lustre-exp/kind2-benchmarks/FMCAD08/Int/memory2/SYNAPSE_123_e3_302_e1_1141.lus,base,0.033,1,27,3,0,0,Not Found,invalid,1,0.366
/home/ubuntu/Lustre-exp/kind2-benchmarks/FMCAD08/Int/memory2/SYNAPSE_123_e7_837_e2_1394.lus,base,0.009,0,2,0,0,0,Not Found,invalid,Not Found,0.345
/home/ubuntu/Lustre-exp/kind2-benchmarks/FMCAD08/Int/memory2/SYNAPSE_123_e7_837_e3_135.lus,base,0.037,1,27,3,0,0,Not Found,invalid,1,0.376
/home/ubuntu/Lustre-exp/kind2-benchmarks/FMCAD08/Int/memory2/SYNAPSE_123_e7_837_e7_1262.lus,base,0.036,2,51,3,0,0,Not Found,valid,3,0.373
/home/ubuntu/Lustre-exp/kind2-benchmarks/FMCAD08/Int/memory2/SYNAPSE_123_e7_856.lus,base,0.036,2,49,3,0,0,Not Found,valid,3,0.372
/home/ubuntu/Lustre-exp/kind2-benchmarks/FMCAD08/Int/memory2/SYNAPSE_123_e8_953.lus,base,0.035,2,49,3,0,0,Not Found,valid,3,0.374
/home/ubuntu/Lustre-exp/kind2-benchmarks/FMCAD08/Int/memory2/SYNAPSE_123_e8_953_e1_1128.lus,base,0.009,0,2,0,0,0,Not Found,invalid,Not Found,0.344
/home/ubuntu/Lustre-exp/kind2-benchmarks/FMCAD08/Int/memory2/SYNAPSE_123_e8_953_e2_458.lus,base,0.009,0,2,0,0,0,Not Found,invalid,Not Found,0.354
/home/ubuntu/Lustre-exp/kind2-benchmarks/FMCAD08/Int/memory2/SYNAPSE_123_e8_953_e3_271.lus,base,0.032,1,27,3,0,0,Not Found,invalid,1,0.365
/home/ubuntu/Lustre-exp/kind2-benchmarks/FMCAD08/Int/memory2/SYNAPSE_123_e8_953_e7_1465.lus,base,0.035,2,47,3,0,0,Not Found,valid,3,0.374
/home/ubuntu/Lustre-exp/kind2-benchmarks/FMCAD08/Int/memory2/SYNAPSE_123_e8_953_e8_941.lus,base,0.036,2,49,3,0,0,Not Found,valid,3,0.373
/home/ubuntu/Lustre-exp/kind2-benchmarks/FMCAD08/Int/memory2/SYNAPSE_2.lus,base,0.016,2,20,1,0,0,Not Found,valid,1,0.363
/home/ubuntu/Lustre-exp/kind2-benchmarks/FMCAD08/Int/memory2/SYNAPSE_2_e1_1239.lus,base,0.009,0,2,0,0,0,Not Found,invalid,Not Found,0.345
/home/ubuntu/Lustre-exp/kind2-benchmarks/FMCAD08/Int/memory2/SYNAPSE_2_e1_1239_e1_1331.lus,base,0.01,0,2,0,0,0,Not Found,invalid,Not Found,0.343
/home/ubuntu/Lustre-exp/kind2-benchmarks/FMCAD08/Int/memory2/SYNAPSE_2_e1_1239_e2_74.lus,base,0.009,0,2,0,0,0,Not Found,invalid,Not Found,0.345
/home/ubuntu/Lustre-exp/kind2-benchmarks/FMCAD08/Int/memory2/SYNAPSE_2_e3_216.lus,base,0.017,1,9,1,0,0,Not Found,invalid,0,0.353
/home/ubuntu/Lustre-exp/kind2-benchmarks/FMCAD08/Int/memory2/SYNAPSE_2_e8_1118_e1_667.lus,base,0.009,0,2,0,0,0,Not Found,invalid,Not Found,0.344
/home/ubuntu/Lustre-exp/kind2-benchmarks/FMCAD08/Int/memory2/SYNAPSE_2_e8_1118_e2_237.lus,base,0.008,0,2,0,0,0,Not Found,invalid,Not Found,0.353
/home/ubuntu/Lustre-exp/kind2-benchmarks/FMCAD08/Int/memory2/SYNAPSE_2_e8_1118_e3_1216.lus,base,0.022,1,15,2,0,0,Not Found,invalid,0,0.375
/home/ubuntu/Lustre-exp/kind2-benchmarks/FMCAD08/Int/memory2/SYNAPSE_2_e8_1118_e7_1043.lus,base,0.016,2,20,1,0,0,Not Found,valid,1,0.352
/home/ubuntu/Lustre-exp/kind2-benchmarks/FMCAD08/Int/memory2/SYNAPSE_2_e8_1118_e8_1177.lus,base,0.015,2,20,1,0,0,Not Found,valid,1,0.36
/home/ubuntu/Lustre-exp/kind2-benchmarks/FMCAD08/Int/memory2/SYNAPSE_2_e8_656.lus,base,0.017,2,20,1,0,0,Not Found,valid,1,0.352
/home/ubuntu/Lustre-exp/kind2-benchmarks/FMCAD08/Int/memory2/SYNAPSE_3.lus,base,0.02,2,27,1,0,0,Not Found,valid,1,0.353
/home/ubuntu/Lustre-exp/kind2-benchmarks/FMCAD08/Int/memory2/SYNAPSE_3_e1_1416.lus,base,0.01,0,2,0,0,0,Not Found,invalid,Not Found,0.356
/home/ubuntu/Lustre-exp/kind2-benchmarks/FMCAD08/Int/memory2/SYNAPSE_3_e1_1416_e1_1675.lus,base,0.009,0,2,0,0,0,Not Found,invalid,Not Found,0.344
/home/ubuntu/Lustre-exp/kind2-benchmarks/FMCAD08/Int/memory2/SYNAPSE_3_e1_1416_e2_753.lus,base,0.009,0,2,0,0,0,Not Found,invalid,Not Found,0.344
/home/ubuntu/Lustre-exp/kind2-benchmarks/FMCAD08/Int/memory2/SYNAPSE_3_e1_1416_e3_1191.lus,base,0.009,0,2,0,0,0,Not Found,invalid,Not Found,0.352
/home/ubuntu/Lustre-exp/kind2-benchmarks/FMCAD08/Int/memory2/SYNAPSE_3_e1_1416_e7_193.lus,base,0.009,0,2,0,0,0,Not Found,invalid,Not Found,0.344
/home/ubuntu/Lustre-exp/kind2-benchmarks/FMCAD08/Int/memory2/SYNAPSE_3_e3_1041.lus,base,0.025,1,22,2,0,0,Not Found,invalid,0,0.375
/home/ubuntu/Lustre-exp/kind2-benchmarks/FMCAD08/Int/memory2/SYNAPSE_3_e7_1444_e7_638.lus,base,0.017,2,20,1,0,0,Not Found,valid,1,0.352
/home/ubuntu/Lustre-exp/kind2-benchmarks/FMCAD08/Int/memory2/SYNAPSE_3_e7_425.lus,base,0.018,2,22,1,0,0,Not Found,valid,1,0.353
/home/ubuntu/Lustre-exp/kind2-benchmarks/FMCAD08/Int/memory2/SYNAPSE_3_e8_1329_e1_1270.lus,base,0.008,0,2,0,0,0,Not Found,invalid,Not Found,0.345
/home/ubuntu/Lustre-exp/kind2-benchmarks/FMCAD08/Int/memory2/SYNAPSE_3_e8_1329_e2_236.lus,base,0.009,0,2,0,0,0,Not Found,invalid,Not Found,0.354
/home/ubuntu/Lustre-exp/kind2-benchmarks/FMCAD08/Int/memory2/SYNAPSE_3_e8_1329_e3_421.lus,base,0.025,1,22,2,0,0,Not Found,invalid,0,0.365
/home/ubuntu/Lustre-exp/kind2-benchmarks/FMCAD08/Int/memory2/SYNAPSE_3_e8_1329_e7_1062.lus,base,0.017,2,20,1,0,0,Not Found,valid,1,0.353
/home/ubuntu/Lustre-exp/kind2-benchmarks/FMCAD08/Int/memory2/SYNAPSE_3_e8_1329_e8_320.lus,base,0.019,2,25,1,0,0,Not Found,valid,1,0.363
/home/ubuntu/Lustre-exp/kind2-benchmarks/FMCAD08/Int/memory2/SYNAPSE_3_e8_1708.lus,base,0.019,2,27,1,0,0,Not Found,valid,1,0.351
/home/ubuntu/Lustre-exp/kind2-benchmarks/FMCAD08/Int/memory2/SYNAPSE_4.lus,base,0.02,2,28,1,0,0,Not Found,valid,1,0.352
/home/ubuntu/Lustre-exp/kind2-benchmarks/FMCAD08/Int/memory2/SYNAPSE_4_e8_420_e7_572.lus,base,0.017,2,24,1,0,0,Not Found,valid,1,0.353
/home/ubuntu/Lustre-exp/kind2-benchmarks/FMCAD08/Int/memory2/SYNAPSE_4_e8_420_e8_1525.lus,base,0.019,2,28,1,0,0,Not Found,valid,1,0.353
/home/ubuntu/Lustre-exp/kind2-benchmarks/FMCAD08/Int/memory2/SYNAPSE_4_e8_974.lus,base,0.019,2,28,1,0,0,Not Found,valid,1,0.353
/home/ubuntu/Lustre-exp/kind2-benchmarks/FMCAD08/Int/memory2/SYNAPSE_5.lus,base,0.031,1,38,3,0,0,Not Found,timeout,3,290.209
/home/ubuntu/Lustre-exp/kind2-benchmarks/FMCAD08/Int/memory2/SYNAPSE_5_e1_811.lus,base,0.016,1,9,1,0,0,Not Found,invalid,0,0.352
/home/ubuntu/Lustre-exp/kind2-benchmarks/FMCAD08/Int/memory2/SYNAPSE_5_e1_811_e1_823.lus,base,0.017,1,9,1,0,0,Not Found,invalid,0,0.354
/home/ubuntu/Lustre-exp/kind2-benchmarks/FMCAD08/Int/memory2/SYNAPSE_5_e1_811_e2_1026.lus,base,0.016,1,9,1,0,0,Not Found,invalid,0,0.363
/home/ubuntu/Lustre-exp/kind2-benchmarks/FMCAD08/Int/memory2/SYNAPSE_5_e2_1525.lus,base,0.03,1,38,3,0,0,Not Found,timeout,3,290.21
/home/ubuntu/Lustre-exp/kind2-benchmarks/FMCAD08/Int/memory2/SYNAPSE_6.lus,base,0.036,2,55,3,0,0,Not Found,valid,3,0.373
/home/ubuntu/Lustre-exp/kind2-benchmarks/FMCAD08/Int/memory2/SYNAPSE_6_e2_1439_e1_954.lus,base,0.089,3,136,4,0,0,Not Found,valid,5 4,0.422
/home/ubuntu/Lustre-exp/kind2-benchmarks/FMCAD08/Int/memory2/SYNAPSE_6_e3_1666_e5_1558.lus,base,0.078,3,132,5,1,0,Not Found,valid,6 4,0.412
/home/ubuntu/Lustre-exp/kind2-benchmarks/FMCAD08/Int/memory2/SYNAPSE_6_e7_938_e2_1012.lus,base,0.035,2,48,3,0,0,Not Found,valid,3,0.382
/home/ubuntu/Lustre-exp/kind2-benchmarks/FMCAD08/Int/memory2/SYNAPSE_6_e8_1147_e2_1326.lus,base,0.035,2,53,3,0,0,Not Found,valid,3,0.377
/home/ubuntu/Lustre-exp/kind2-benchmarks/FMCAD08/Int/memory2/SYNAPSE_all.lus,base,0.046,2,68,4,0,0,Not Found,valid,4,0.383
/home/ubuntu/Lustre-exp/kind2-benchmarks/FMCAD08/Int/memory2/SYNAPSE_all_e3_1750.lus,base,0.045,1,40,4,0,0,Not Found,invalid,2,0.393
/home/ubuntu/Lustre-exp/kind2-benchmarks/FMCAD08/Int/memory2/SYNAPSE_all_e3_1864_e3_495.lus,base,0.051,1,57,5,0,0,Not Found,invalid,3,0.395
/home/ubuntu/Lustre-exp/kind2-benchmarks/FMCAD08/Int/memory2/SYNAPSE_all_e3_1864_e4_34.lus,base,0.009,0,2,0,0,0,Not Found,invalid,Not Found,0.343
/home/ubuntu/Lustre-exp/kind2-benchmarks/FMCAD08/Int/memory2/SYNAPSE_all_e3_1864_e5_1637.lus,base,0.01,0,2,0,0,0,Not Found,invalid,Not Found,0.344
/home/ubuntu/Lustre-exp/kind2-benchmarks/FMCAD08/Int/memory2/SYNAPSE_all_e3_1864_e7_251.lus,base,0.029,1,22,3,0,0,Not Found,invalid,1,0.373
/home/ubuntu/Lustre-exp/kind2-benchmarks/FMCAD08/Int/memory2/SYNAPSE_all_e7_907.lus,base,0.045,2,72,4,0,0,Not Found,valid,4,0.383
/home/ubuntu/Lustre-exp/kind2-benchmarks/FMCAD08/Int/memory2/SYNAPSE_all_e7_907_e7_1363.lus,base,0.038,2,54,4,0,0,Not Found,valid,4,0.382
/home/ubuntu/Lustre-exp/kind2-benchmarks/FMCAD08/Int/memory2/SYNAPSE_all_e8_251.lus,base,0.048,2,72,4,0,0,Not Found,valid,4,0.382
/home/ubuntu/Lustre-exp/kind2-benchmarks/FMCAD08/Int/memory2/SYNAPSE_all_e8_251_e1_1852.lus,base,0.009,0,2,0,0,0,Not Found,invalid,Not Found,0.354
/home/ubuntu/Lustre-exp/kind2-benchmarks/FMCAD08/Int/memory2/SYNAPSE_all_e8_251_e2_1053.lus,base,0.009,0,2,0,0,0,Not Found,invalid,Not Found,0.344
/home/ubuntu/Lustre-exp/kind2-benchmarks/FMCAD08/Int/memory2/SYNAPSE_all_e8_251_e3_1472.lus,base,0.019,1,9,1,0,0,Not Found,invalid,0,0.355
/home/ubuntu/Lustre-exp/kind2-benchmarks/FMCAD08/Int/memory2/SYNAPSE_i1.lus,base,0.009,0,2,0,0,0,Not Found,invalid,Not Found,0.343
/home/ubuntu/Lustre-exp/kind2-benchmarks/FMCAD08/Int/misc/_6countern.lus,base,0.004,0,1,0,0,0,Not Found,invalid,Not Found,0.348
/home/ubuntu/Lustre-exp/kind2-benchmarks/FMCAD08/Int/misc/_6counters.lus,base,3.294,9,4388,35,4,4,Not Found,invalid,32 30 26 22 19 16 13 9 5,3.642
/home/ubuntu/Lustre-exp/kind2-benchmarks/FMCAD08/Int/misc/_6counters_e3_140_e8_149.lus,base,0.257,4,595,11,1,1,Not Found,timeout,10 8 6 3,290.21
/home/ubuntu/Lustre-exp/kind2-benchmarks/FMCAD08/Int/misc/_6counters_e8_371_e1_448.lus,base,0.297,4,652,12,1,1,Not Found,timeout,11 9 7 4,290.207
/home/ubuntu/Lustre-exp/kind2-benchmarks/FMCAD08/Int/misc/_6counters_e8_371_e2_80.lus,base,0.008,2,12,0,0,0,Not Found,valid,0,0.34
/home/ubuntu/Lustre-exp/kind2-benchmarks/FMCAD08/Int/misc/_6counters_e8_371_e3_224.lus,base,0.256,4,595,11,1,1,Not Found,timeout,10 8 6 3,290.201
/home/ubuntu/Lustre-exp/kind2-benchmarks/FMCAD08/Int/misc/_6counters_e8_371_e7_304.lus,base,0.653,4,995,16,1,0,Not Found,invalid,17 14 11 8,0.987
/home/ubuntu/Lustre-exp/kind2-benchmarks/FMCAD08/Int/misc/durationThm_1.lus,base,0.024,1,31,2,0,0,Not Found,timeout,2,290.206
/home/ubuntu/Lustre-exp/kind2-benchmarks/FMCAD08/Int/misc/durationThm_1_e1_350.lus,base,0.008,0,2,0,0,0,Not Found,invalid,Not Found,0.342
/home/ubuntu/Lustre-exp/kind2-benchmarks/FMCAD08/Int/misc/durationThm_1_e2_3.lus,base,0.015,2,28,1,0,0,Not Found,valid,1,0.35
/home/ubuntu/Lustre-exp/kind2-benchmarks/FMCAD08/Int/misc/durationThm_1_e3_389.lus,base,0.017,2,23,1,0,0,Not Found,valid,1,0.351
/home/ubuntu/Lustre-exp/kind2-benchmarks/FMCAD08/Int/misc/durationThm_1_e3_389_e4_294.lus,base,0.017,2,28,1,0,0,Not Found,valid,1,0.35
/home/ubuntu/Lustre-exp/kind2-benchmarks/FMCAD08/Int/misc/durationThm_1_e3_389_e5_5.lus,base,0.017,2,23,1,0,0,Not Found,valid,1,0.351
/home/ubuntu/Lustre-exp/kind2-benchmarks/FMCAD08/Int/misc/durationThm_1_e7_217.lus,base,0.035,1,44,4,0,0,Not Found,invalid,2,0.373
/home/ubuntu/Lustre-exp/kind2-benchmarks/FMCAD08/Int/misc/durationThm_1_e7_217_e1_89.lus,base,0.007,0,2,0,0,0,Not Found,invalid,Not Found,0.342
/home/ubuntu/Lustre-exp/kind2-benchmarks/FMCAD08/Int/misc/durationThm_1_e7_217_e2_352.lus,base,0.028,2,48,3,0,0,Not Found,valid,3,0.371
/home/ubuntu/Lustre-exp/kind2-benchmarks/FMCAD08/Int/misc/durationThm_1_e7_217_e3_132.lus,base,0.028,2,46,3,0,0,Not Found,valid,3,0.371
/home/ubuntu/Lustre-exp/kind2-benchmarks/FMCAD08/Int/misc/durationThm_1_e7_217_e7_31.lus,base,0.007,0,2,0,0,0,Not Found,invalid,Not Found,0.352
/home/ubuntu/Lustre-exp/kind2-benchmarks/FMCAD08/Int/misc/durationThm_2.lus,base,0.034,1,43,4,0,0,Not Found,timeout,4,290.19
/home/ubuntu/Lustre-exp/kind2-benchmarks/FMCAD08/Int/misc/durationThm_2_e1_301.lus,base,0.037,1,45,4,0,0,Not Found,timeout,4,290.189
/home/ubuntu/Lustre-exp/kind2-benchmarks/FMCAD08/Int/misc/durationThm_2_e2_63.lus,base,0.027,2,45,3,0,0,Not Found,valid,3,0.362
/home/ubuntu/Lustre-exp/kind2-benchmarks/FMCAD08/Int/misc/durationThm_2_e3_329_e4_1.lus,base,0.026,2,45,3,0,0,Not Found,valid,3,0.371
/home/ubuntu/Lustre-exp/kind2-benchmarks/FMCAD08/Int/misc/durationThm_2_e3_329_e5_124.lus,base,0.022,2,33,2,0,0,Not Found,valid,2,0.359
/home/ubuntu/Lustre-exp/kind2-benchmarks/FMCAD08/Int/misc/durationThm_2_e3_99.lus,base,0.022,2,33,2,0,0,Not Found,valid,2,0.361
/home/ubuntu/Lustre-exp/kind2-benchmarks/FMCAD08/Int/misc/durationThm_2_e7_145_e1_343.lus,base,0.008,0,2,0,0,0,Not Found,invalid,Not Found,0.342
/home/ubuntu/Lustre-exp/kind2-benchmarks/FMCAD08/Int/misc/durationThm_2_e7_145_e2_169.lus,base,0.031,2,58,4,0,0,Not Found,valid,4,0.371
/home/ubuntu/Lustre-exp/kind2-benchmarks/FMCAD08/Int/misc/durationThm_2_e7_145_e3_222.lus,base,0.027,2,45,3,0,0,Not Found,valid,3,0.37
/home/ubuntu/Lustre-exp/kind2-benchmarks/FMCAD08/Int/misc/durationThm_2_e7_145_e7_154.lus,base,0.008,0,2,0,0,0,Not Found,invalid,Not Found,0.341
/home/ubuntu/Lustre-exp/kind2-benchmarks/FMCAD08/Int/misc/durationThm_2_e7_145_e8_73.lus,base,0.038,1,43,4,0,0,Not Found,timeout,4,290.191
/home/ubuntu/Lustre-exp/kind2-benchmarks/FMCAD08/Int/misc/durationThm_2_e7_149.lus,base,0.008,0,2,0,0,0,Not Found,invalid,Not Found,0.343
/home/ubuntu/Lustre-exp/kind2-benchmarks/FMCAD08/Int/misc/durationThm_3.lus,base,0.016,1,14,1,0,0,Not Found,timeout,1,290.224
/home/ubuntu/Lustre-exp/kind2-benchmarks/FMCAD08/Int/misc/durationThm_3_e1_36.lus,base,0.013,1,9,1,0,0,Not Found,invalid,0,0.353
/home/ubuntu/Lustre-exp/kind2-benchmarks/FMCAD08/Int/misc/durationThm_3_e2_63.lus,base,0.015,2,24,1,0,0,Not Found,valid,1,0.352
/home/ubuntu/Lustre-exp/kind2-benchmarks/FMCAD08/Int/misc/durationThm_3_e3_207.lus,base,0.019,2,24,1,0,0,Not Found,valid,1,0.352
/home/ubuntu/Lustre-exp/kind2-benchmarks/FMCAD08/Int/misc/durationThm_3_e3_442_e4_165.lus,base,0.019,2,24,1,0,0,Not Found,valid,1,0.352
/home/ubuntu/Lustre-exp/kind2-benchmarks/FMCAD08/Int/misc/durationThm_3_e3_442_e5_260.lus,base,0.016,2,24,1,0,0,Not Found,valid,1,0.35
/home/ubuntu/Lustre-exp/kind2-benchmarks/FMCAD08/Int/misc/durationThm_3_e7_334.lus,base,0.045,2,66,5,1,0,Not Found,invalid,1 0,0.381
/home/ubuntu/Lustre-exp/kind2-benchmarks/FMCAD08/Int/misc/durationThm_3_e7_334_e1_431.lus,base,0.014,1,9,1,0,0,Not Found,invalid,0,0.352
/home/ubuntu/Lustre-exp/kind2-benchmarks/FMCAD08/Int/misc/durationThm_3_e7_334_e2_62.lus,base,0.037,2,69,4,0,0,Not Found,valid,4,0.371
/home/ubuntu/Lustre-exp/kind2-benchmarks/FMCAD08/Int/misc/durationThm_3_e7_334_e3_42.lus,base,0.044,2,65,4,0,0,Not Found,valid,4,0.38
/home/ubuntu/Lustre-exp/kind2-benchmarks/FMCAD08/Int/misc/durationThm_3_e7_334_e7_118.lus,base,0.006,0,1,0,0,0,Not Found,invalid,Not Found,0.341
/home/ubuntu/Lustre-exp/kind2-benchmarks/FMCAD08/Int/misc/ex3.lus,base,0.046,3,95,3,0,0,Not Found,valid,3 2,0.382
/home/ubuntu/Lustre-exp/kind2-benchmarks/FMCAD08/Int/misc/ex8.lus,base,0.011,2,13,0,0,0,Not Found,invalid,0,0.341
/home/ubuntu/Lustre-exp/kind2-benchmarks/FMCAD08/Int/misc/ex8_e7_74.lus,base,0.009,2,13,0,0,0,Not Found,invalid,0,0.341
/home/ubuntu/Lustre-exp/kind2-benchmarks/FMCAD08/Int/misc/ex8_e7_74_e7_740.lus,base,0.009,2,13,0,0,0,Not Found,invalid,0,0.34
/home/ubuntu/Lustre-exp/kind2-benchmarks/FMCAD08/Int/misc/ex8_e7_74_e8_302.lus,base,0.011,2,13,0,0,0,Not Found,invalid,0,0.343
/home/ubuntu/Lustre-exp/kind2-benchmarks/FMCAD08/Int/misc/ex8_e8_220.lus,base,0.011,2,13,0,0,0,Not Found,invalid,0,0.352
/home/ubuntu/Lustre-exp/kind2-benchmarks/FMCAD08/Int/misc/ex8_e8_220_e7_249.lus,base,0.01,2,13,0,0,0,Not Found,invalid,0,0.352
/home/ubuntu/Lustre-exp/kind2-benchmarks/FMCAD08/Int/misc/ticket3i_1.lus,base,0.056,2,56,3,0,0,Not Found,valid,3,0.395
/home/ubuntu/Lustre-exp/kind2-benchmarks/FMCAD08/Int/misc/ticket3i_1_e7_1669.lus,base,0.057,2,54,3,0,0,Not Found,valid,3,0.396
/home/ubuntu/Lustre-exp/kind2-benchmarks/FMCAD08/Int/misc/ticket3i_2.lus,base,0.03,2,24,1,0,0,Not Found,valid,1,0.389
/home/ubuntu/Lustre-exp/kind2-benchmarks/FMCAD08/Int/misc/ticket3i_3.lus,base,0.029,2,24,1,0,0,Not Found,valid,1,0.375
/home/ubuntu/Lustre-exp/kind2-benchmarks/FMCAD08/Int/misc/ticket3i_3_e7_1312_e7_1495.lus,base,0.015,0,2,0,0,0,Not Found,invalid,Not Found,0.38
/home/ubuntu/Lustre-exp/kind2-benchmarks/FMCAD08/Int/misc/ticket3i_3_e7_1312_e8_1916.lus,base,0.029,2,24,1,0,0,Not Found,valid,1,0.376
/home/ubuntu/Lustre-exp/kind2-benchmarks/FMCAD08/Int/misc/ticket3i_3_e7_99.lus,base,0.012,0,2,0,0,0,Not Found,invalid,Not Found,0.379
/home/ubuntu/Lustre-exp/kind2-benchmarks/FMCAD08/Int/misc/ticket3i_3_e8_1703.lus,base,0.043,2,37,2,0,0,Not Found,valid,2,0.386
/home/ubuntu/Lustre-exp/kind2-benchmarks/FMCAD08/Int/misc/ticket3i_3_e8_1703_e7_3491.lus,base,0.014,0,2,0,0,0,Not Found,invalid,Not Found,0.369
/home/ubuntu/Lustre-exp/kind2-benchmarks/FMCAD08/Int/misc/ticket3i_3_e8_1703_e8_2560.lus,base,0.028,2,24,1,0,0,Not Found,valid,1,0.386
/home/ubuntu/Lustre-exp/kind2-benchmarks/FMCAD08/Int/misc/ticket3i_4.lus,base,0.041,2,39,2,0,0,Not Found,valid,2,0.386
/home/ubuntu/Lustre-exp/kind2-benchmarks/FMCAD08/Int/misc/ticket3i_4_e7_1775_e7_3320.lus,base,0.042,2,39,2,0,0,Not Found,valid,2,0.396
/home/ubuntu/Lustre-exp/kind2-benchmarks/FMCAD08/Int/misc/ticket3i_5.lus,base,0.041,2,39,2,0,0,Not Found,valid,2,0.396
/home/ubuntu/Lustre-exp/kind2-benchmarks/FMCAD08/Int/misc/ticket3i_5_e7_3307.lus,base,0.046,2,39,2,0,0,Not Found,valid,2,0.386
/home/ubuntu/Lustre-exp/kind2-benchmarks/FMCAD08/Int/misc/ticket3i_6.lus,base,0.042,2,39,2,0,0,Not Found,valid,2,0.386
/home/ubuntu/Lustre-exp/kind2-benchmarks/FMCAD08/Int/misc/ticket3i_6_e7_1096_e7_2688.lus,base,0.037,2,29,2,0,0,Not Found,valid,2,0.387
/home/ubuntu/Lustre-exp/kind2-benchmarks/FMCAD08/Int/misc/ticket3i_7.lus,base,0.1,2,105,6,0,0,Not Found,valid,6,0.449
/home/ubuntu/Lustre-exp/kind2-benchmarks/FMCAD08/Int/misc/ticket3i_7_e1_2192_e1_1852.lus,base,0.148,2,157,9,0,0,Not Found,valid,9,0.51
/home/ubuntu/Lustre-exp/kind2-benchmarks/FMCAD08/Int/misc/ticket3i_7_e2_2724_e7_524.lus,base,0.112,2,105,6,0,0,Not Found,valid,6,0.467
/home/ubuntu/Lustre-exp/kind2-benchmarks/FMCAD08/Int/misc/ticket3i_7_e3_59_e7_2122.lus,base,0.114,2,105,6,0,0,Not Found,valid,6,0.468
/home/ubuntu/Lustre-exp/kind2-benchmarks/FMCAD08/Int/misc/ticket3i_7_e7_3176.lus,base,0.112,2,105,6,0,0,Not Found,valid,6,0.459
/home/ubuntu/Lustre-exp/kind2-benchmarks/FMCAD08/Int/misc/ticket3i_7_e7_3176_e1_2924.lus,base,0.122,2,126,7,0,0,Not Found,valid,7,0.467
/home/ubuntu/Lustre-exp/kind2-benchmarks/FMCAD08/Int/misc/ticket3i_7_e8_2126_e7_78.lus,base,0.111,2,105,6,0,0,Not Found,valid,6,0.467
/home/ubuntu/Lustre-exp/kind2-benchmarks/FMCAD08/Int/misc/ticket3i_all.lus,base,0.105,2,107,6,0,0,Not Found,valid,6,0.458
/home/ubuntu/Lustre-exp/kind2-benchmarks/FMCAD08/Int/misc/ticket3i_all_e1_2706_e7_1776.lus,base,0.106,2,100,6,0,0,Not Found,valid,6,0.457
/home/ubuntu/Lustre-exp/kind2-benchmarks/FMCAD08/Int/misc/ticket3i_all_e2_1117_e7_553.lus,base,0.155,3,166,7,0,0,Not Found,valid,1 0,0.509
/home/ubuntu/Lustre-exp/kind2-benchmarks/FMCAD08/Int/misc/ticket3i_all_e3_557_e7_3464.lus,base,0.109,2,102,6,0,0,Not Found,valid,6,0.448
/home/ubuntu/Lustre-exp/kind2-benchmarks/FMCAD08/Int/misc/ticket3i_all_e7_591.lus,base,0.107,2,100,6,0,0,Not Found,valid,6,0.459
/home/ubuntu/Lustre-exp/kind2-benchmarks/FMCAD08/Int/misc/ticket3i_all_e8_505_e7_2450.lus,base,0.119,2,116,7,0,0,Not Found,valid,7,0.457
/home/ubuntu/Lustre-exp/kind2-benchmarks/FMCAD08/Int/misc/traffic.lus,base,0.02,2,38,2,0,0,Not Found,valid,2,0.35
/home/ubuntu/Lustre-exp/kind2-benchmarks/FMCAD08/Int/misc/traffic_e7_46.lus,base,0.005,0,1,0,0,0,Not Found,invalid,Not Found,0.341
/home/ubuntu/Lustre-exp/kind2-benchmarks/FMCAD08/Int/misc/traffic_e7_46_e7_171.lus,base,0.006,0,1,0,0,0,Not Found,invalid,Not Found,0.341
/home/ubuntu/Lustre-exp/kind2-benchmarks/FMCAD08/Int/misc/twisted_counters.lus,base,2.463,9,3683,28,3,7,Not Found,valid,35 33 28 25 24 22 19 11,2.811
/home/ubuntu/Lustre-exp/kind2-benchmarks/FMCAD08/Int/misc/two_counters.lus,base,0.738,6,1574,20,4,5,Not Found,valid,25 23 18 14 7,1.076
/home/ubuntu/Lustre-exp/kind2-benchmarks/FMCAD08/Int/misc/two_counters_e1_268.lus,base,0.006,0,2,0,0,0,Not Found,invalid,Not Found,0.349
/home/ubuntu/Lustre-exp/kind2-benchmarks/FMCAD08/Int/misc/two_counters_e2_3.lus,base,0.011,1,9,1,0,0,Not Found,invalid,0,0.35
/home/ubuntu/Lustre-exp/kind2-benchmarks/FMCAD08/Int/misc/two_counters_e3_325.lus,base,0.015,1,17,2,0,0,Not Found,invalid,0,0.349
/home/ubuntu/Lustre-exp/kind2-benchmarks/FMCAD08/Int/misc/two_counters_e7_222.lus,base,0.006,0,2,0,0,0,Not Found,invalid,Not Found,0.349
/home/ubuntu/Lustre-exp/kind2-benchmarks/FMCAD08/Int/protocol/peterson_1.lus,base,0.074,2,43,2,0,0,Not Found,valid,2,0.431
/home/ubuntu/Lustre-exp/kind2-benchmarks/FMCAD08/Int/protocol/peterson_1_e7_4234.lus,base,0.079,2,38,2,0,0,Not Found,valid,2,0.441
/home/ubuntu/Lustre-exp/kind2-benchmarks/FMCAD08/Int/protocol/peterson_2.lus,base,0.093,2,39,2,0,0,Not Found,valid,2,0.45
/home/ubuntu/Lustre-exp/kind2-benchmarks/FMCAD08/Int/protocol/peterson_3.lus,base,0.081,2,43,2,0,0,Not Found,valid,2,0.442
/home/ubuntu/Lustre-exp/kind2-benchmarks/FMCAD08/Int/protocol/peterson_4.lus,base,0.078,2,41,2,0,0,Not Found,valid,2,0.45
/home/ubuntu/Lustre-exp/kind2-benchmarks/FMCAD08/Int/protocol/peterson_all.lus,base,0.169,2,91,5,0,0,Not Found,valid,5,0.524
/home/ubuntu/Lustre-exp/kind2-benchmarks/FMCAD08/Int/protocol/peterson_vt.lus,base,0.183,2,64,5,1,0,Not Found,invalid,2 1,0.575
/home/ubuntu/Lustre-exp/kind2-benchmarks/FMCAD08/Int/protocol/readwrit.lus,base,0.04,2,25,1,0,0,Not Found,valid,1,0.379
/home/ubuntu/Lustre-exp/kind2-benchmarks/FMCAD08/Int/protocol/rtp_1.lus,base,0.038,2,27,1,0,0,Not Found,valid,1,0.396
/home/ubuntu/Lustre-exp/kind2-benchmarks/FMCAD08/Int/protocol/rtp_10.lus,base,0.04,2,25,1,0,0,Not Found,valid,1,0.399
/home/ubuntu/Lustre-exp/kind2-benchmarks/FMCAD08/Int/protocol/rtp_10_e7_106_e7_2564.lus,base,0.065,2,41,2,0,0,Not Found,valid,2,0.436
/home/ubuntu/Lustre-exp/kind2-benchmarks/FMCAD08/Int/protocol/rtp_2.lus,base,0.074,2,58,3,0,0,Not Found,valid,3,0.436
/home/ubuntu/Lustre-exp/kind2-benchmarks/FMCAD08/Int/protocol/rtp_3.lus,base,0.061,2,41,2,0,0,Not Found,valid,2,0.426
/home/ubuntu/Lustre-exp/kind2-benchmarks/FMCAD08/Int/protocol/rtp_4.lus,base,0.057,2,43,2,0,0,Not Found,valid,2,0.419
/home/ubuntu/Lustre-exp/kind2-benchmarks/FMCAD08/Int/protocol/rtp_5.lus,base,0.038,2,27,1,0,0,Not Found,valid,1,0.409
/home/ubuntu/Lustre-exp/kind2-benchmarks/FMCAD08/Int/protocol/rtp_5_e7_3972.lus,base,0.073,2,43,2,0,0,Not Found,valid,2,0.436
/home/ubuntu/Lustre-exp/kind2-benchmarks/FMCAD08/Int/protocol/rtp_6.lus,base,0.058,2,41,2,0,0,Not Found,valid,2,0.416
/home/ubuntu/Lustre-exp/kind2-benchmarks/FMCAD08/Int/protocol/rtp_7.lus,base,0.04,2,25,1,0,0,Not Found,valid,1,0.398
/home/ubuntu/Lustre-exp/kind2-benchmarks/FMCAD08/Int/protocol/rtp_8.lus,base,0.056,2,41,2,0,0,Not Found,valid,2,0.426
/home/ubuntu/Lustre-exp/kind2-benchmarks/FMCAD08/Int/protocol/rtp_9.lus,base,0.056,2,41,2,0,0,Not Found,valid,2,0.417
/home/ubuntu/Lustre-exp/kind2-benchmarks/FMCAD08/Int/protocol/rtp_all.lus,base,0.339,2,252,12,0,0,Not Found,valid,12,0.721
/home/ubuntu/Lustre-exp/kind2-benchmarks/FMCAD08/Int/protocol/rtp_all_e7_2500.lus,base,0.407,2,308,14,0,0,Not Found,valid,14,0.774
/home/ubuntu/Lustre-exp/kind2-benchmarks/FMCAD08/Int/protocol/rtp_vt.lus,base,44.922,9,17435,107,10,13,Not Found,valid,117 116 114 111 107 103 78 44,45.295
/home/ubuntu/Lustre-exp/kind2-benchmarks/FMCAD08/Int/protocol/swimmingpool_1.lus,base,0.766,4,645,13,2,0,Not Found,invalid,8 6 3 1,1.115
/home/ubuntu/Lustre-exp/kind2-benchmarks/FMCAD08/Int/protocol/swimmingpool_1_e7_1621.lus,base,0.12,2,89,7,1,0,Not Found,invalid,5 4,0.463
/home/ubuntu/Lustre-exp/kind2-benchmarks/FMCAD08/Int/protocol/swimmingpool_2.lus,base,0.011,0,2,0,0,0,Not Found,invalid,Not Found,0.348
/home/ubuntu/Lustre-exp/kind2-benchmarks/FMCAD08/Int/protocol/swimmingpool_3.lus,base,0.043,1,30,2,0,0,Not Found,invalid,0,0.388
/home/ubuntu/Lustre-exp/kind2-benchmarks/FMCAD08/Int/protocol/swimmingpool_4.lus,base,0.068,2,58,4,1,0,Not Found,invalid,2 1,0.409
/home/ubuntu/Lustre-exp/kind2-benchmarks/FMCAD08/Int/protocol/swimmingpool_4_e7_2197.lus,base,0.206,2,161,9,1,0,Not Found,invalid,7 3,0.562
/home/ubuntu/Lustre-exp/kind2-benchmarks/FMCAD08/Int/protocol/swimmingpool_5.lus,base,0.116,2,113,6,1,0,Not Found,invalid,3 2,0.461
/home/ubuntu/Lustre-exp/kind2-benchmarks/FMCAD08/Int/protocol/swimmingpool_6.lus,base,0.217,3,207,8,1,0,Not Found,invalid,5 4 2,0.561
/home/ubuntu/Lustre-exp/kind2-benchmarks/FMCAD08/Int/protocol/swimmingpool_6_e7_10_e7_341.lus,base,0.485,4,479,13,2,0,Not Found,invalid,7 6 4 2,0.834
/home/ubuntu/Lustre-exp/kind2-benchmarks/FMCAD08/Int/protocol/swimmingpool_6_e7_399.lus,base,0.548,4,477,15,1,1,Not Found,invalid,11 7 4 2,0.884
/home/ubuntu/Lustre-exp/kind2-benchmarks/FMCAD08/Int/protocol/swimmingpool_7.lus,base,0.47,3,428,12,1,0,Not Found,invalid,11 8 4,0.824
/home/ubuntu/Lustre-exp/kind2-benchmarks/FMCAD08/Int/protocol/swimmingpool_8.lus,base,0.18,2,127,9,1,0,Not Found,invalid,6 2,0.531
/home/ubuntu/Lustre-exp/kind2-benchmarks/FMCAD08/Int/protocol/swimmingpool_9.lus,base,4.884,7,2865,30,2,2,Not Found,invalid,26 19 13 6 4 2 1,5.242
/home/ubuntu/Lustre-exp/kind2-benchmarks/FMCAD08/Int/simulation/car_1.lus,base,0.023,2,39,2,0,0,Not Found,valid,2,0.37
/home/ubuntu/Lustre-exp/kind2-benchmarks/FMCAD08/Int/simulation/car_1_e7_184_e3_299.lus,base,0.025,2,39,2,0,0,Not Found,valid,2,0.361
/home/ubuntu/Lustre-exp/kind2-benchmarks/FMCAD08/Int/simulation/car_2.lus,base,0.062,4,149,2,0,0,Not Found,valid,2 1 0,0.401
/home/ubuntu/Lustre-exp/kind2-benchmarks/FMCAD08/Int/simulation/car_2_e7_1027_e1_1047.lus,base,0.038,3,79,2,0,0,Not Found,valid,2 1,0.371
/home/ubuntu/Lustre-exp/kind2-benchmarks/FMCAD08/Int/simulation/car_2_e7_1027_e7_359.lus,base,0.074,4,167,4,0,0,Not Found,valid,5 4 2,0.411
/home/ubuntu/Lustre-exp/kind2-benchmarks/FMCAD08/Int/simulation/car_2_e8_491_e7_826.lus,base,0.042,3,89,2,0,0,Not Found,valid,3 2,0.391
/home/ubuntu/Lustre-exp/kind2-benchmarks/FMCAD08/Int/simulation/car_3.lus,base,0.047,3,81,2,0,0,Not Found,valid,2 1,0.381
/home/ubuntu/Lustre-exp/kind2-benchmarks/FMCAD08/Int/simulation/car_3_e1_586.lus,base,0.015,1,9,1,0,0,Not Found,invalid,0,0.351
/home/ubuntu/Lustre-exp/kind2-benchmarks/FMCAD08/Int/simulation/car_3_e2_695.lus,base,0.016,2,27,1,0,0,Not Found,valid,1,0.35
/home/ubuntu/Lustre-exp/kind2-benchmarks/FMCAD08/Int/simulation/car_3_e7_626.lus,base,0.043,3,79,2,0,0,Not Found,valid,2 1,0.391
/home/ubuntu/Lustre-exp/kind2-benchmarks/FMCAD08/Int/simulation/car_3_e7_626_e1_305.lus,base,0.015,1,9,1,0,0,Not Found,invalid,0,0.361
/home/ubuntu/Lustre-exp/kind2-benchmarks/FMCAD08/Int/simulation/car_3_e8_33.lus,base,0.038,3,78,2,0,0,Not Found,valid,2 1,0.371
/home/ubuntu/Lustre-exp/kind2-benchmarks/FMCAD08/Int/simulation/car_3_e8_33_e1_856.lus,base,0.016,1,9,1,0,0,Not Found,invalid,0,0.352
/home/ubuntu/Lustre-exp/kind2-benchmarks/FMCAD08/Int/simulation/car_3_e8_33_e2_1010.lus,base,0.016,2,27,1,0,0,Not Found,valid,1,0.36
/home/ubuntu/Lustre-exp/kind2-benchmarks/FMCAD08/Int/simulation/car_3_e8_33_e7_220.lus,base,0.035,3,75,2,0,0,Not Found,valid,2 1,0.371
/home/ubuntu/Lustre-exp/kind2-benchmarks/FMCAD08/Int/simulation/car_4.lus,base,0.023,2,39,2,0,0,Not Found,valid,2,0.361
/home/ubuntu/Lustre-exp/kind2-benchmarks/FMCAD08/Int/simulation/car_4_e3_57.lus,base,0.008,0,2,0,0,0,Not Found,invalid,Not Found,0.352
/home/ubuntu/Lustre-exp/kind2-benchmarks/FMCAD08/Int/simulation/car_4_e3_57_e4_1047.lus,base,0.016,2,25,1,0,0,Not Found,valid,1,0.35
/home/ubuntu/Lustre-exp/kind2-benchmarks/FMCAD08/Int/simulation/car_4_e3_57_e5_999.lus,base,0.008,0,2,0,0,0,Not Found,invalid,Not Found,0.342
/home/ubuntu/Lustre-exp/kind2-benchmarks/FMCAD08/Int/simulation/car_4_e3_57_e6_784.lus,base,0.023,2,39,2,0,0,Not Found,valid,2,0.361
/home/ubuntu/Lustre-exp/kind2-benchmarks/FMCAD08/Int/simulation/car_4_e7_592.lus,base,0.042,3,87,3,0,0,Not Found,valid,1 0,0.381
/home/ubuntu/Lustre-exp/kind2-benchmarks/FMCAD08/Int/simulation/car_4_e7_592_e3_442.lus,base,0.007,0,2,0,0,0,Not Found,invalid,Not Found,0.352
/home/ubuntu/Lustre-exp/kind2-benchmarks/FMCAD08/Int/simulation/car_4_e7_592_e7_265.lus,base,0.022,2,34,2,0,0,Not Found,valid,2,0.36
/home/ubuntu/Lustre-exp/kind2-benchmarks/FMCAD08/Int/simulation/car_4_e8_118.lus,base,0.019,2,25,1,0,0,Not Found,valid,1,0.361
/home/ubuntu/Lustre-exp/kind2-benchmarks/FMCAD08/Int/simulation/car_4_e8_118_e3_514.lus,base,0.008,0,2,0,0,0,Not Found,invalid,Not Found,0.341
/home/ubuntu/Lustre-exp/kind2-benchmarks/FMCAD08/Int/simulation/car_4_e8_118_e7_178.lus,base,0.047,3,92,3,0,0,Not Found,valid,1 0,0.392
/home/ubuntu/Lustre-exp/kind2-benchmarks/FMCAD08/Int/simulation/car_5.lus,base,32.143,13,14885,109,3,2,Not Found,valid,26 24 21 18 16 13 10 8 6 5 2 1,32.491
/home/ubuntu/Lustre-exp/kind2-benchmarks/FMCAD08/Int/simulation/car_5_e2_405_e2_1083.lus,base,0.163,2,135,10,0,0,Not Found,invalid,8 1,0.494
/home/ubuntu/Lustre-exp/kind2-benchmarks/FMCAD08/Int/simulation/car_5_e2_405_e3_473.lus,base,0.16,2,135,10,0,0,Not Found,invalid,8 1,0.504
/home/ubuntu/Lustre-exp/kind2-benchmarks/FMCAD08/Int/simulation/car_5_e2_405_e8_1055.lus,base,0.177,2,135,10,0,0,Not Found,invalid,8 1,0.514
/home/ubuntu/Lustre-exp/kind2-benchmarks/FMCAD08/Int/simulation/car_5_e3_11_e1_429.lus,base,0.18,2,135,10,0,0,Not Found,invalid,8 1,0.514
/home/ubuntu/Lustre-exp/kind2-benchmarks/FMCAD08/Int/simulation/car_5_e3_11_e5_24.lus,base,0.181,2,135,10,0,0,Not Found,invalid,8 1,0.525
/home/ubuntu/Lustre-exp/kind2-benchmarks/FMCAD08/Int/simulation/car_5_e3_661.lus,base,0.183,2,135,10,0,0,Not Found,invalid,8 1,0.514
/home/ubuntu/Lustre-exp/kind2-benchmarks/FMCAD08/Int/simulation/car_5_e7_244.lus,base,36.315,14,14673,80,2,12,Not Found,valid,35 31 29 26 25 23 20 18 16 14 13 8 5,36.664
/home/ubuntu/Lustre-exp/kind2-benchmarks/FMCAD08/Int/simulation/car_5_e7_244_e1_823.lus,base,6.39,11,5532,45,2,3,Not Found,valid,25 24 22 20 17 15 13 12 8 4,6.741
/home/ubuntu/Lustre-exp/kind2-benchmarks/FMCAD08/Int/simulation/car_5_e7_244_e2_693.lus,base,0.169,2,131,10,0,0,Not Found,invalid,8 1,0.504
/home/ubuntu/Lustre-exp/kind2-benchmarks/FMCAD08/Int/simulation/car_5_e7_244_e3_1071.lus,base,0.18,2,144,11,0,0,Not Found,invalid,9 2,0.514
/home/ubuntu/Lustre-exp/kind2-benchmarks/FMCAD08/Int/simulation/car_6.lus,base,40.653,14,18154,129,0,38,Not Found,valid,89 87 84 82 80 76 71 65 59 50 39 27 13,40.997
/home/ubuntu/Lustre-exp/kind2-benchmarks/FMCAD08/Int/simulation/car_6_e1_152.lus,base,8.484,11,7280,55,0,4,Not Found,valid,37 35 31 30 27 24 21 17 11 5,8.815
/home/ubuntu/Lustre-exp/kind2-benchmarks/FMCAD08/Int/simulation/car_6_e1_152_e1_391.lus,base,3.576,10,4596,39,0,9,Not Found,valid,27 26 24 21 20 18 15 9 4,3.916
/home/ubuntu/Lustre-exp/kind2-benchmarks/FMCAD08/Int/simulation/car_6_e2_589_e2_506.lus,base,0.164,2,159,12,0,0,Not Found,invalid,10 1,0.506
/home/ubuntu/Lustre-exp/kind2-benchmarks/FMCAD08/Int/simulation/car_6_e2_589_e3_349.lus,base,0.17,2,159,12,0,0,Not Found,invalid,10 1,0.515
/home/ubuntu/Lustre-exp/kind2-benchmarks/FMCAD08/Int/simulation/car_6_e2_893.lus,base,0.182,2,172,13,0,0,Not Found,invalid,11 2,0.525
/home/ubuntu/Lustre-exp/kind2-benchmarks/FMCAD08/Int/simulation/car_6_e3_294_e1_956.lus,base,0.183,2,159,12,0,0,Not Found,invalid,10 1,0.526
/home/ubuntu/Lustre-exp/kind2-benchmarks/FMCAD08/Int/simulation/car_6_e3_294_e3_47.lus,base,0.208,2,172,13,0,0,Not Found,invalid,11 2,0.545
/home/ubuntu/Lustre-exp/kind2-benchmarks/FMCAD08/Int/simulation/car_6_e3_294_e5_979.lus,base,0.208,2,172,13,0,0,Not Found,invalid,11 2,0.546
/home/ubuntu/Lustre-exp/kind2-benchmarks/FMCAD08/Int/simulation/car_all.lus,base,0.134,4,269,7,0,0,Not Found,valid,3 1 0,0.473
/home/ubuntu/Lustre-exp/kind2-benchmarks/FMCAD08/Int/simulation/car_all_e1_618.lus,base,0.039,1,47,4,0,0,Not Found,invalid,2,0.384
/home/ubuntu/Lustre-exp/kind2-benchmarks/FMCAD08/Int/simulation/car_all_e1_618_e3_303.lus,base,0.041,1,47,4,0,0,Not Found,invalid,2,0.384
/home/ubuntu/Lustre-exp/kind2-benchmarks/FMCAD08/Int/simulation/car_all_e2_142.lus,base,0.125,3,197,8,0,0,Not Found,valid,4 2,0.463
/home/ubuntu/Lustre-exp/kind2-benchmarks/FMCAD08/Int/simulation/car_all_e2_142_e7_209.lus,base,0.104,3,202,8,0,0,Not Found,valid,4 2,0.454
/home/ubuntu/Lustre-exp/kind2-benchmarks/FMCAD08/Int/simulation/car_all_e3_1068.lus,base,0.008,0,2,0,0,0,Not Found,invalid,Not Found,0.342
/home/ubuntu/Lustre-exp/kind2-benchmarks/FMCAD08/Int/simulation/car_all_e3_1068_e1_178.lus,base,0.01,0,2,0,0,0,Not Found,invalid,Not Found,0.342
/home/ubuntu/Lustre-exp/kind2-benchmarks/FMCAD08/Int/simulation/car_all_e3_1068_e2_13.lus,base,0.008,0,2,0,0,0,Not Found,invalid,Not Found,0.343
/home/ubuntu/Lustre-exp/kind2-benchmarks/FMCAD08/Int/simulation/car_all_e3_1068_e3_163.lus,base,0.008,0,2,0,0,0,Not Found,invalid,Not Found,0.342
/home/ubuntu/Lustre-exp/kind2-benchmarks/FMCAD08/Int/simulation/car_all_e3_1068_e4_275.lus,base,0.106,3,197,8,0,0,Not Found,valid,4 2,0.442
/home/ubuntu/Lustre-exp/kind2-benchmarks/FMCAD08/Int/simulation/car_all_e3_1068_e5_882.lus,base,0.009,0,2,0,0,0,Not Found,invalid,Not Found,0.343
/home/ubuntu/Lustre-exp/kind2-benchmarks/FMCAD08/Int/simulation/car_all_e7_188_e7_743.lus,base,0.126,3,240,9,0,0,Not Found,valid,6 2,0.462
/home/ubuntu/Lustre-exp/kind2-benchmarks/FMCAD08/Int/simulation/car_all_e8_856.lus,base,0.135,3,260,10,0,0,Not Found,valid,6 3,0.483
/home/ubuntu/Lustre-exp/kind2-benchmarks/FMCAD08/Int/simulation/car_all_e8_856_e1_217.lus,base,0.067,1,89,7,0,0,Not Found,invalid,5,0.412
/home/ubuntu/Lustre-exp/kind2-benchmarks/FMCAD08/Int/simulation/car_all_e8_856_e2_585.lus,base,0.067,3,132,5,0,0,Not Found,valid,2 1,0.411
/home/ubuntu/Lustre-exp/kind2-benchmarks/FMCAD08/Int/simulation/car_all_e8_856_e3_180.lus,base,0.009,0,2,0,0,0,Not Found,invalid,Not Found,0.341
/home/ubuntu/Lustre-exp/kind2-benchmarks/FMCAD08/Int/simulation/car_all_e8_856_e7_578.lus,base,0.134,3,257,10,0,0,Not Found,valid,7 4,0.476
/home/ubuntu/Lustre-exp/kind2-benchmarks/FMCAD08/Int/simulation/cd.lus,base,8.358,9,11048,96,2,47,Not Found,valid,123 119 115 108 98 83 60 30,8.703
/home/ubuntu/Lustre-exp/kind2-benchmarks/FMCAD08/Int/simulation/cd_e7_621_e7_669.lus,base,0.212,3,334,18,2,1,Not Found,invalid,14 7 2,0.544
/home/ubuntu/Lustre-exp/kind2-benchmarks/FMCAD08/Int/simulation/cd_e7_8.lus,base,0.379,6,815,18,2,3,Not Found,invalid,6 4 3 2 1 0,0.726
/home/ubuntu/Lustre-exp/kind2-benchmarks/FMCAD08/Int/simulation/fast_1.lus,base,0.083,3,126,5,0,0,Not Found,valid,1 0,0.426
/home/ubuntu/Lustre-exp/kind2-benchmarks/FMCAD08/Int/simulation/fast_1_e7_2044.lus,base,0.014,0,2,0,0,0,Not Found,invalid,Not Found,0.357
/home/ubuntu/Lustre-exp/kind2-benchmarks/FMCAD08/Int/simulation/fast_1_e7_2044_e7_1287.lus,base,0.013,0,2,0,0,0,Not Found,invalid,Not Found,0.368
/home/ubuntu/Lustre-exp/kind2-benchmarks/FMCAD08/Int/simulation/fast_1_e8_747_e7_692.lus,base,0.014,0,2,0,0,0,Not Found,invalid,Not Found,0.358
/home/ubuntu/Lustre-exp/kind2-benchmarks/FMCAD08/Int/simulation/fast_1_e8_747_e8_1041.lus,base,0.072,3,108,4,0,0,Not Found,valid,1 0,0.416
/home/ubuntu/Lustre-exp/kind2-benchmarks/FMCAD08/Int/simulation/fast_1_e8_751.lus,base,0.081,3,126,5,0,0,Not Found,valid,1 0,0.426
/home/ubuntu/Lustre-exp/kind2-benchmarks/FMCAD08/Int/simulation/fast_2.lus,base,0.151,3,208,9,0,0,Not Found,valid,1 0,0.499
/home/ubuntu/Lustre-exp/kind2-benchmarks/FMCAD08/Int/simulation/fast_2_e7_2526.lus,base,0.016,0,2,0,0,0,Not Found,invalid,Not Found,0.362
/home/ubuntu/Lustre-exp/kind2-benchmarks/FMCAD08/Int/simulation/fast_2_e7_2526_e7_2736.lus,base,0.015,0,2,0,0,0,Not Found,invalid,Not Found,0.371
/home/ubuntu/Lustre-exp/kind2-benchmarks/FMCAD08/Int/simulation/fast_2_e8_460_e7_43.lus,base,0.016,0,2,0,0,0,Not Found,invalid,Not Found,0.373
/home/ubuntu/Lustre-exp/kind2-benchmarks/FMCAD08/Int/simulation/fast_2_e8_460_e8_1920.lus,base,0.135,3,188,8,0,0,Not Found,valid,1 0,0.489
/home/ubuntu/Lustre-exp/kind2-benchmarks/FMCAD08/Int/simulation/fast_2_e8_976.lus,base,0.146,3,210,9,0,0,Not Found,valid,1 0,0.498
/home/ubuntu/Lustre-exp/kind2-benchmarks/FMCAD08/Int/simulation/Gas.lus,base,0.019,1,20,2,0,0,Not Found,timeout,2,290.2
/home/ubuntu/Lustre-exp/kind2-benchmarks/FMCAD08/Int/simulation/hysteresis_1.lus,base,0.009,2,12,0,0,0,Not Found,valid,0,0.342
/home/ubuntu/Lustre-exp/kind2-benchmarks/FMCAD08/Int/simulation/hysteresis_2.lus,base,0.06,3,110,4,0,0,Not Found,valid,4 3,0.392
/home/ubuntu/Lustre-exp/kind2-benchmarks/FMCAD08/Int/simulation/hysteresis_3.lus,base,0.039,3,74,2,0,0,Not Found,valid,2 1,0.373
/home/ubuntu/Lustre-exp/kind2-benchmarks/FMCAD08/Int/simulation/hysteresis_all.lus,base,0.081,3,146,5,0,0,Not Found,valid,5 3,0.413
/home/ubuntu/Lustre-exp/kind2-benchmarks/FMCAD08/Int/simulation/metros_1.lus,base,0.396,4,447,14,0,0,Not Found,valid,10 7 6,0.737
/home/ubuntu/Lustre-exp/kind2-benchmarks/FMCAD08/Int/simulation/metros_1_e1_846_e1_1317.lus,base,0.621,4,725,18,0,0,Not Found,valid,10 6 3,0.958
/home/ubuntu/Lustre-exp/kind2-benchmarks/FMCAD08/Int/simulation/metros_1_e1_846_e2_1394.lus,base,0.399,4,464,14,0,0,Not Found,valid,9 6 4,0.748
/home/ubuntu/Lustre-exp/kind2-benchmarks/FMCAD08/Int/simulation/metros_1_e1_846_e3_1060.lus,base,0.491,4,558,14,0,0,Not Found,valid,14 10 6,0.827
/home/ubuntu/Lustre-exp/kind2-benchmarks/FMCAD08/Int/simulation/metros_1_e1_846_e7_397.lus,base,0.585,4,705,19,0,0,Not Found,valid,15 12 7,0.929
/home/ubuntu/Lustre-exp/kind2-benchmarks/FMCAD08/Int/simulation/metros_1_e2_1102_e1_317.lus,base,0.606,4,746,18,0,0,Not Found,valid,20 18 9,0.94
/home/ubuntu/Lustre-exp/kind2-benchmarks/FMCAD08/Int/simulation/metros_1_e2_1102_e2_943.lus,base,0.279,3,342,11,0,0,Not Found,valid,15 10,0.625
/home/ubuntu/Lustre-exp/kind2-benchmarks/FMCAD08/Int/simulation/metros_1_e2_1102_e3_961.lus,base,0.224,3,281,11,0,0,Not Found,valid,12 10,0.566
/home/ubuntu/Lustre-exp/kind2-benchmarks/FMCAD08/Int/simulation/metros_1_e2_1102_e7_1163.lus,base,0.285,4,356,13,0,0,Not Found,valid,7 6 4,0.626
/home/ubuntu/Lustre-exp/kind2-benchmarks/FMCAD08/Int/simulation/metros_1_e2_627.lus,base,0.213,4,268,9,0,0,Not Found,valid,4 3 2,0.555
/home/ubuntu/Lustre-exp/kind2-benchmarks/FMCAD08/Int/simulation/metros_1_e7_1255_e7_12.lus,base,0.416,4,517,16,0,0,Not Found,valid,15 12 10,0.757
/home/ubuntu/Lustre-exp/kind2-benchmarks/FMCAD08/Int/simulation/metros_1_e7_606.lus,base,0.647,4,856,20,0,0,Not Found,valid,20 16 10,0.988
/home/ubuntu/Lustre-exp/kind2-benchmarks/FMCAD08/Int/simulation/metros_1_e8_725.lus,base,0.025,2,23,1,0,0,Not Found,valid,1,0.363
/home/ubuntu/Lustre-exp/kind2-benchmarks/FMCAD08/Int/simulation/metros_1_e8_725_e1_919.lus,base,0.025,2,23,1,0,0,Not Found,valid,1,0.375
/home/ubuntu/Lustre-exp/kind2-benchmarks/FMCAD08/Int/simulation/metros_1_e8_725_e2_1144.lus,base,0.025,2,23,1,0,0,Not Found,valid,1,0.363
/home/ubuntu/Lustre-exp/kind2-benchmarks/FMCAD08/Int/simulation/metros_1_e8_725_e3_556.lus,base,0.064,3,75,2,0,0,Not Found,valid,1 0,0.413
/home/ubuntu/Lustre-exp/kind2-benchmarks/FMCAD08/Int/simulation/metros_2.lus,base,79.359,14,23259,175,0,103,Not Found,valid,20 18 15 13 12 11 10 9 8 7 6 4 2,79.725
/home/ubuntu/Lustre-exp/kind2-benchmarks/FMCAD08/Int/simulation/metros_2_e1_1116_e1_556.lus,base,8.694,8,5011,74,0,15,Not Found,invalid,48 41 37 34 32 25 18 9,9.044
/home/ubuntu/Lustre-exp/kind2-benchmarks/FMCAD08/Int/simulation/metros_2_e1_1116_e2_617.lus,base,0.422,4,574,14,0,0,Not Found,valid,6 3 1,0.768
/home/ubuntu/Lustre-exp/kind2-benchmarks/FMCAD08/Int/simulation/metros_2_e1_1116_e3_287.lus,base,0.38,2,265,16,0,0,Not Found,invalid,15 7,0.719
/home/ubuntu/Lustre-exp/kind2-benchmarks/FMCAD08/Int/simulation/metros_2_e1_1116_e7_1440.lus,base,1.198,4,1009,30,0,2,Not Found,invalid,23 11 7 2,1.539
/home/ubuntu/Lustre-exp/kind2-benchmarks/FMCAD08/Int/simulation/metros_2_e1_190.lus,base,12.684,9,7558,79,0,31,Not Found,valid,15 11 8 6 5 4 3 1,13.029
/home/ubuntu/Lustre-exp/kind2-benchmarks/FMCAD08/Int/simulation/metros_2_e2_704_e1_389.lus,base,1.543,3,1090,37,0,1,Not Found,invalid,32 17 5,1.891
/home/ubuntu/Lustre-exp/kind2-benchmarks/FMCAD08/Int/simulation/metros_2_e2_704_e2_13.lus,base,0.308,4,401,11,0,0,Not Found,valid,4 3 1,0.645
/home/ubuntu/Lustre-exp/kind2-benchmarks/FMCAD08/Int/simulation/metros_2_e2_704_e3_76.lus,base,0.415,2,244,15,0,0,Not Found,invalid,14 4,0.76
/home/ubuntu/Lustre-exp/kind2-benchmarks/FMCAD08/Int/simulation/metros_2_e2_704_e7_810.lus,base,204.955,11,23681,71,0,3,Not Found,invalid,42 36 32 27 22 19 16 13 10 4 0,205.31
/home/ubuntu/Lustre-exp/kind2-benchmarks/FMCAD08/Int/simulation/metros_2_e2_968.lus,base,2.727,3,1760,54,0,1,Not Found,invalid,50 28 8,3.075
/home/ubuntu/Lustre-exp/kind2-benchmarks/FMCAD08/Int/simulation/metros_2_e3_112.lus,base,2.452,3,1620,51,0,1,Not Found,invalid,49 29 9,2.811
/home/ubuntu/Lustre-exp/kind2-benchmarks/FMCAD08/Int/simulation/metros_3.lus,base,154.438,20,27298,88,0,6,Not Found,timeout,25 22 20 19 18 17 16 14 13 12 11 10 9 8 7 6 5 4 3 2,290.15
/home/ubuntu/Lustre-exp/kind2-benchmarks/FMCAD08/Int/simulation/metros_3_e3_1275.lus,base,5.052,3,1597,55,0,0,Not Found,invalid,47 28 3,5.416
/home/ubuntu/Lustre-exp/kind2-benchmarks/FMCAD08/Int/simulation/metros_3_e3_1275_e1_1350.lus,base,20.403,5,8837,120,0,7,Not Found,invalid,123 98 69 44 16,20.775
/home/ubuntu/Lustre-exp/kind2-benchmarks/FMCAD08/Int/simulation/metros_3_e3_1275_e2_454.lus,base,0.141,3,184,7,0,0,Not Found,valid,7 4,0.485
/home/ubuntu/Lustre-exp/kind2-benchmarks/FMCAD08/Int/simulation/metros_3_e3_1275_e3_640.lus,base,0.178,3,212,8,0,0,Not Found,valid,11 6,0.515
/home/ubuntu/Lustre-exp/kind2-benchmarks/FMCAD08/Int/simulation/metros_3_e3_1275_e4_164.lus,base,70.338,4,40595,256,0,10,Not Found,invalid,327 292 203 91,70.721
/home/ubuntu/Lustre-exp/kind2-benchmarks/FMCAD08/Int/simulation/metros_3_e3_1275_e5_846.lus,base,258.42,14,25078,67,0,1,Not Found,timeout,56 53 51 46 41 31 28 23 17 16 15 14 13 12,290.146
/home/ubuntu/Lustre-exp/kind2-benchmarks/FMCAD08/Int/simulation/metros_3_e3_1275_e6_1315.lus,base,157.629,20,26462,83,0,6,Not Found,timeout,25 22 20 19 18 17 16 14 13 12 11 10 9 8 7 6 5 4 3 2,290.152
/home/ubuntu/Lustre-exp/kind2-benchmarks/FMCAD08/Int/simulation/metros_3_e3_1275_e7_529.lus,base,33.13,6,7764,110,0,0,Not Found,invalid,87 76 32 29 26 21,33.509
/home/ubuntu/Lustre-exp/kind2-benchmarks/FMCAD08/Int/simulation/metros_3_e4_987.lus,base,123.931,21,25973,42,0,1,Not Found,timeout,27 23 21 20 18 17 16 15 14 13 12 11 10 9 8 7 6 5 4 3 2,290.158
/home/ubuntu/Lustre-exp/kind2-benchmarks/FMCAD08/Int/simulation/metros_3_e4_987_e1_1115.lus,base,245.747,14,36286,192,0,22,Not Found,timeout,38 36 31 29 27 25 23 21 19 15 14 13 12 11,290.149
/home/ubuntu/Lustre-exp/kind2-benchmarks/FMCAD08/Int/simulation/metros_3_e4_987_e2_80.lus,base,7.528,3,2190,67,0,0,Not Found,invalid,58 40 1,7.897
/home/ubuntu/Lustre-exp/kind2-benchmarks/FMCAD08/Int/simulation/metros_3_e4_987_e3_291.lus,base,138.324,19,25118,87,0,6,Not Found,timeout,25 22 19 18 17 16 15 13 12 11 10 9 8 7 6 5 4 3 2,290.149
/home/ubuntu/Lustre-exp/kind2-benchmarks/FMCAD08/Int/simulation/metros_4.lus,base,152.927,20,26423,83,0,6,Not Found,timeout,25 22 20 19 18 17 16 14 13 12 11 10 9 8 7 6 5 4 3 2,290.15
/home/ubuntu/Lustre-exp/kind2-benchmarks/FMCAD08/Int/simulation/metros_4_e1_821_e5_911.lus,base,201.626,8,24947,107,0,2,Not Found,timeout,64 60 47 40 35 29 20 16,290.141
/home/ubuntu/Lustre-exp/kind2-benchmarks/FMCAD08/Int/simulation/metros_4_e1_917.lus,base,239.617,11,26119,70,0,3,Not Found,timeout,33 29 22 20 18 16 12 10 8 6 4,290.13
/home/ubuntu/Lustre-exp/kind2-benchmarks/FMCAD08/Int/simulation/metros_4_e2_968.lus,base,273.299,12,39392,199,0,10,Not Found,timeout,49 46 40 37 34 30 24 19 14 13 12 11,290.154
/home/ubuntu/Lustre-exp/kind2-benchmarks/FMCAD08/Int/simulation/metros_4_e2_968_e1_956.lus,base,28.134,7,11388,155,0,36,Not Found,invalid,118 101 81 66 48 35 22,28.502
/home/ubuntu/Lustre-exp/kind2-benchmarks/FMCAD08/Int/simulation/metros_4_e2_968_e2_1166.lus,base,0.105,3,129,6,0,0,Not Found,valid,7 5,0.434
/home/ubuntu/Lustre-exp/kind2-benchmarks/FMCAD08/Int/simulation/metros_4_e2_968_e3_931.lus,base,0.225,3,274,11,0,0,Not Found,valid,12 8,0.555
/home/ubuntu/Lustre-exp/kind2-benchmarks/FMCAD08/Int/simulation/metros_4_e2_968_e4_801.lus,base,61.495,15,15096,120,0,13,Not Found,invalid,100 94 87 76 69 64 60 38 27 20 15 12 9 6 2,61.865
/home/ubuntu/Lustre-exp/kind2-benchmarks/FMCAD08/Int/simulation/metros_4_e2_968_e5_991.lus,base,3.404,3,1325,47,0,0,Not Found,invalid,38 25 1,3.761
/home/ubuntu/Lustre-exp/kind2-benchmarks/FMCAD08/Int/simulation/metros_4_e2_968_e6_236.lus,base,1.416,2,563,25,1,0,Not Found,invalid,22 0,1.763
/home/ubuntu/Lustre-exp/kind2-benchmarks/FMCAD08/Int/simulation/metros_4_e2_968_e7_860.lus,base,19.676,14,9507,94,0,3,Not Found,invalid,33 14 12 11 10 9 8 7 6 5 4 3 2 0,20.043
/home/ubuntu/Lustre-exp/kind2-benchmarks/FMCAD08/Int/simulation/metros_4_e3_1025.lus,base,4.906,3,1601,50,0,0,Not Found,invalid,45 32 1,5.256
/home/ubuntu/Lustre-exp/kind2-benchmarks/FMCAD08/Int/simulation/metros_4_e3_1091_e1_1044.lus,base,11.891,5,5379,79,0,7,Not Found,invalid,73 53 36 23 9,12.244
/home/ubuntu/Lustre-exp/kind2-benchmarks/FMCAD08/Int/simulation/metros_4_e3_1091_e2_1317.lus,base,0.148,3,184,7,0,0,Not Found,valid,7 4,0.485
/home/ubuntu/Lustre-exp/kind2-benchmarks/FMCAD08/Int/simulation/metros_4_e3_1091_e3_522.lus,base,0.195,3,212,8,0,0,Not Found,valid,11 6,0.536
/home/ubuntu/Lustre-exp/kind2-benchmarks/FMCAD08/Int/simulation/metros_4_e3_1091_e4_232.lus,base,260.936,14,34408,184,0,10,Not Found,timeout,50 47 44 41 37 31 27 25 22 19 18 17 16 15,290.156
/home/ubuntu/Lustre-exp/kind2-benchmarks/FMCAD08/Int/simulation/metros_4_e5_1150.lus,base,5.864,10,3891,24,0,0,Not Found,timeout,14 12 11 9 8 7 6 5 4 3,290.16
/home/ubuntu/Lustre-exp/kind2-benchmarks/FMCAD08/Int/simulation/metros_5.lus,base,258.291,10,30012,172,0,16,Not Found,timeout,85 81 75 70 62 42 36 29 22 16,290.156
/home/ubuntu/Lustre-exp/kind2-benchmarks/FMCAD08/Int/simulation/metros_5_e4_1208_e1_337.lus,base,177.753,11,25348,132,0,21,Not Found,timeout,54 47 41 34 23 18 12 6 5 4 3,290.155
/home/ubuntu/Lustre-exp/kind2-benchmarks/FMCAD08/Int/simulation/PRODUCER_CONSUMER_1.lus,base,0.031,2,49,2,0,0,Not Found,valid,2,0.38
/home/ubuntu/Lustre-exp/kind2-benchmarks/FMCAD08/Int/simulation/PRODUCER_CONSUMER_2.lus,base,0.021,2,28,1,0,0,Not Found,valid,1,0.352
/home/ubuntu/Lustre-exp/kind2-benchmarks/FMCAD08/Int/simulation/PRODUCER_CONSUMER_3.lus,base,0.019,2,22,1,0,0,Not Found,valid,1,0.354
/home/ubuntu/Lustre-exp/kind2-benchmarks/FMCAD08/Int/simulation/PRODUCER_CONSUMER_all.lus,base,0.029,2,41,2,0,0,Not Found,valid,2,0.363
/home/ubuntu/Lustre-exp/kind2-benchmarks/FMCAD08/Int/simulation/PRODUCER_CONSUMER_vt.lus,base,0.019,1,15,1,0,0,Not Found,timeout,1,290.212
/home/ubuntu/Lustre-exp/kind2-benchmarks/FMCAD08/Int/simulation/PRODUCER_CONSUMER_vt_e2_1352.lus,base,0.597,4,736,7,1,0,Not Found,timeout,13 9 6 2,290.208
/home/ubuntu/Lustre-exp/kind2-benchmarks/FMCAD08/Int/simulation/PRODUCER_CONSUMER_vt_e3_507.lus,base,0.017,1,15,1,0,0,Not Found,timeout,1,290.209
/home/ubuntu/Lustre-exp/kind2-benchmarks/FMCAD08/Int/simulation/PRODUCER_CONSUMER_vt_e7_1059_e8_1111.lus,base,0.018,1,15,1,0,0,Not Found,timeout,1,290.213
/home/ubuntu/Lustre-exp/kind2-benchmarks/FMCAD08/Int/simulation/PRODUCER_CONSUMMER_luke_1.lus,base,0.009,0,2,0,0,0,Not Found,invalid,Not Found,0.346
/home/ubuntu/Lustre-exp/kind2-benchmarks/FMCAD08/Int/simulation/PRODUCER_CONSUMMER_luke_2.lus,base,0.017,1,15,1,0,0,Not Found,timeout,1,290.214
/home/ubuntu/Lustre-exp/kind2-benchmarks/FMCAD08/Int/simulation/PRODUCER_CONSUMMER_luke_2_e7_1068_e8_1019.lus,base,0.019,1,15,1,0,0,Not Found,timeout,1,290.215
/home/ubuntu/Lustre-exp/kind2-benchmarks/FMCAD08/Int/simulation/speed_e7_207.lus,base,0.009,2,12,0,0,0,Not Found,valid,0,0.35
/home/ubuntu/Lustre-exp/kind2-benchmarks/FMCAD08/Int/simulation/speed_e7_207_e7_538.lus,base,0.012,2,12,0,0,0,Not Found,valid,0,0.351
/home/ubuntu/Lustre-exp/kind2-benchmarks/FMCAD08/Int/simulation/speed_e7_207_e8_507.lus,base,0.01,2,12,0,0,0,Not Found,valid,0,0.344
/home/ubuntu/Lustre-exp/kind2-benchmarks/FMCAD08/Int/simulation/speed_e8_649.lus,base,0.009,2,12,0,0,0,Not Found,valid,0,0.342
/home/ubuntu/Lustre-exp/kind2-benchmarks/FMCAD08/Int/simulation/speed_e8_649_e7_709.lus,base,0.009,2,12,0,0,0,Not Found,valid,0,0.343
/home/ubuntu/Lustre-exp/kind2-benchmarks/FMCAD08/Int/simulation/speed2.lus,base,0.053,3,95,3,0,0,Not Found,valid,3 2,0.391
/home/ubuntu/Lustre-exp/kind2-benchmarks/FMCAD08/Int/simulation/speed2_e7_223_e7_213.lus,base,0.054,3,111,4,0,0,Not Found,valid,4 3,0.392
/home/ubuntu/Lustre-exp/kind2-benchmarks/FMCAD08/Int/simulation/speed2_e7_223_e8_329.lus,base,0.045,3,95,3,0,0,Not Found,valid,3 2,0.382
/home/ubuntu/Lustre-exp/kind2-benchmarks/FMCAD08/Int/simulation/speed2_e7_496.lus,base,0.052,3,112,4,0,0,Not Found,valid,3 2,0.403
/home/ubuntu/Lustre-exp/kind2-benchmarks/FMCAD08/Int/simulation/speed2_e8_449.lus,base,0.042,3,90,3,0,0,Not Found,valid,3 2,0.382
/home/ubuntu/Lustre-exp/kind2-benchmarks/FMCAD08/Int/simulation/speed2_e8_449_e7_353.lus,base,0.043,3,93,3,0,0,Not Found,valid,2 1,0.382
/home/ubuntu/Lustre-exp/kind2-benchmarks/FMCAD08/Int/simulation/speed2_e8_449_e8_517.lus,base,0.087,3,153,7,0,0,Not Found,valid,6 3,0.423
/home/ubuntu/Lustre-exp/kind2-benchmarks/FMCAD08/Int32/large/microwave01.lus,base,0.917,3,106,3,0,0,Not Found,valid,1 0,1.343
/home/ubuntu/Lustre-exp/kind2-benchmarks/FMCAD08/Int32/large/microwave02.lus,base,0.032,2,12,0,0,0,Not Found,valid,0,0.456
/home/ubuntu/Lustre-exp/kind2-benchmarks/FMCAD08/Int32/large/microwave03.lus,base,Not Found,Not Found,Not Found,Not Found,Not Found,Not Found,Not Found,timeout,Not Found,290.114
/home/ubuntu/Lustre-exp/kind2-benchmarks/FMCAD08/Int32/large/microwave04.lus,base,Not Found,Not Found,Not Found,Not Found,Not Found,Not Found,Not Found,timeout,Not Found,290.114
/home/ubuntu/Lustre-exp/kind2-benchmarks/FMCAD08/Int32/large/microwave05.lus,base,Not Found,Not Found,Not Found,Not Found,Not Found,Not Found,Not Found,timeout,Not Found,290.115
/home/ubuntu/Lustre-exp/kind2-benchmarks/FMCAD08/Int32/large/microwave06.lus,base,1.202,2,179,7,0,0,Not Found,timeout,7 3,290.119
/home/ubuntu/Lustre-exp/kind2-benchmarks/FMCAD08/Int32/large/microwave07.lus,base,272.105,2,6633,62,1,0,Not Found,timeout,66 7,290.124
/home/ubuntu/Lustre-exp/kind2-benchmarks/FMCAD08/Int32/large/microwave08.lus,base,229.976,9,2175,16,1,0,Not Found,timeout,13 12 11 10 9 8 7 6 5,290.141
/home/ubuntu/Lustre-exp/kind2-benchmarks/FMCAD08/Int32/large/microwave09.lus,base,282.632,6,2286,25,1,0,Not Found,timeout,21 19 18 17 16 15,290.138
/home/ubuntu/Lustre-exp/kind2-benchmarks/FMCAD08/Int32/large/microwave10.lus,base,1.904,3,175,5,0,0,Not Found,timeout,3 2 1,290.119
/home/ubuntu/Lustre-exp/kind2-benchmarks/FMCAD08/Int32/large/microwave11.lus,base,236.45,5,1932,24,0,0,Not Found,timeout,21 20 19 18 17,290.148
/home/ubuntu/Lustre-exp/kind2-benchmarks/FMCAD08/Int32/large/microwave12.lus,base,0.751,1,31,3,0,0,Not Found,invalid,1,1.239
/home/ubuntu/Lustre-exp/kind2-benchmarks/FMCAD08/Int32/large/microwave13.lus,base,1.95,3,175,5,0,0,Not Found,timeout,3 2 1,290.123
/home/ubuntu/Lustre-exp/kind2-benchmarks/FMCAD08/Int32/large/microwave14.lus,base,1.948,1,99,8,0,0,Not Found,invalid,6,2.438
/home/ubuntu/Lustre-exp/kind2-benchmarks/FMCAD08/Int32/large/microwave15.lus,base,0.061,2,12,0,0,0,Not Found,valid,0,0.481
/home/ubuntu/Lustre-exp/kind2-benchmarks/FMCAD08/Int32/large/microwave16.lus,base,0.034,2,12,0,0,0,Not Found,valid,0,0.461
/home/ubuntu/Lustre-exp/kind2-benchmarks/FMCAD08/Int32/large/microwave17.lus,base,16.154,3,257,9,0,0,Not Found,valid,7 4,16.59
/home/ubuntu/Lustre-exp/kind2-benchmarks/FMCAD08/Int32/large/microwave18.lus,base,1.278,1,66,5,0,0,Not Found,invalid,3,1.76
/home/ubuntu/Lustre-exp/kind2-benchmarks/FMCAD08/Int32/large/microwave19.lus,base,27.501,3,333,12,0,0,Not Found,valid,10 6,27.927
/home/ubuntu/Lustre-exp/kind2-benchmarks/FMCAD08/Int32/large/microwave20.lus,base,0.069,0,2,0,0,0,Not Found,invalid,Not Found,0.55
/home/ubuntu/Lustre-exp/kind2-benchmarks/FMCAD08/Int32/large/microwave21.lus,base,39.315,1,320,18,0,0,Not Found,timeout,18,290.115
/home/ubuntu/Lustre-exp/kind2-benchmarks/FMCAD08/Int32/large/microwave22.lus,base,Not Found,Not Found,Not Found,Not Found,Not Found,Not Found,Not Found,timeout,Not Found,290.114
/home/ubuntu/Lustre-exp/kind2-benchmarks/FMCAD08/Int32/large/microwave23.lus,base,1.78,1,18,2,0,0,Not Found,invalid,0,2.298
/home/ubuntu/Lustre-exp/kind2-benchmarks/FMCAD08/Int32/large/microwave24.lus,base,39.015,3,241,9,0,0,Not Found,valid,7 5,39.467
/home/ubuntu/Lustre-exp/kind2-benchmarks/FMCAD08/Int32/large/microwave25.lus,base,0.094,0,2,0,0,0,Not Found,invalid,Not Found,0.587
/home/ubuntu/Lustre-exp/kind2-benchmarks/FMCAD08/Int32/large/microwave26.lus,base,289.461,1,178,12,0,0,Not Found,timeout,12,290.114
/home/ubuntu/Lustre-exp/kind2-benchmarks/FMCAD08/Int32/large/microwave27.lus,base,Not Found,Not Found,Not Found,Not Found,Not Found,Not Found,Not Found,timeout,Not Found,290.115
/home/ubuntu/Lustre-exp/kind2-benchmarks/FMCAD08/Int32/large/microwave28.lus,base,4.049,1,73,6,0,0,Not Found,invalid,4,4.537
/home/ubuntu/Lustre-exp/kind2-benchmarks/FMCAD08/Int32/large/microwave29.lus,base,3.236,1,54,4,0,0,Not Found,timeout,4,290.113
/home/ubuntu/Lustre-exp/kind2-benchmarks/FMCAD08/Int32/large/microwave30.lus,base,Not Found,Not Found,Not Found,Not Found,Not Found,Not Found,Not Found,timeout,Not Found,290.115
/home/ubuntu/Lustre-exp/kind2-benchmarks/FMCAD08/Int32/large/microwave31.lus,base,Not Found,Not Found,Not Found,Not Found,Not Found,Not Found,Not Found,timeout,Not Found,290.111
/home/ubuntu/Lustre-exp/kind2-benchmarks/FMCAD08/Int32/large/microwave32.lus,base,Not Found,Not Found,Not Found,Not Found,Not Found,Not Found,Not Found,timeout,Not Found,290.113
/home/ubuntu/Lustre-exp/kind2-benchmarks/FMCAD08/Int32/large/microwave33.lus,base,Not Found,Not Found,Not Found,Not Found,Not Found,Not Found,Not Found,timeout,Not Found,290.113
/home/ubuntu/Lustre-exp/kind2-benchmarks/FMCAD08/Int32/large/microwave34.lus,base,Not Found,Not Found,Not Found,Not Found,Not Found,Not Found,Not Found,timeout,Not Found,290.116
/home/ubuntu/Lustre-exp/kind2-benchmarks/FMCAD08/Int32/large/microwave35.lus,base,Not Found,Not Found,Not Found,Not Found,Not Found,Not Found,Not Found,timeout,Not Found,290.113
/home/ubuntu/Lustre-exp/kind2-benchmarks/FMCAD08/Int32/large/microwave36.lus,base,Not Found,Not Found,Not Found,Not Found,Not Found,Not Found,Not Found,timeout,Not Found,290.116
/home/ubuntu/Lustre-exp/kind2-benchmarks/FMCAD08/Int32/large/microwave37.lus,base,Not Found,Not Found,Not Found,Not Found,Not Found,Not Found,Not Found,timeout,Not Found,290.114
/home/ubuntu/Lustre-exp/kind2-benchmarks/FMCAD08/Int32/large/microwave38.lus,base,Not Found,Not Found,Not Found,Not Found,Not Found,Not Found,Not Found,timeout,Not Found,290.115
/home/ubuntu/Lustre-exp/kind2-benchmarks/FMCAD08/Int32/large/microwave39.lus,base,Not Found,Not Found,Not Found,Not Found,Not Found,Not Found,Not Found,timeout,Not Found,290.114
/home/ubuntu/Lustre-exp/kind2-benchmarks/FMCAD08/Int32/large/microwave40.lus,base,0.078,0,2,0,0,0,Not Found,invalid,Not Found,0.574
/home/ubuntu/Lustre-exp/kind2-benchmarks/FMCAD08/Int32/large/steam_boiler_no_arr1.lus,base,0.182,2,12,0,0,0,Not Found,valid,0,0.749
/home/ubuntu/Lustre-exp/kind2-benchmarks/FMCAD08/Int32/large/steam_boiler_no_arr1_e4_23904_e4_2384.lus,base,0.366,2,12,0,0,0,Not Found,valid,0,0.923
/home/ubuntu/Lustre-exp/kind2-benchmarks/FMCAD08/Int32/large/steam_boiler_no_arr2.lus,base,0.09,3,61,1,0,0,Not Found,valid,1 0,0.457
/home/ubuntu/Lustre-exp/kind2-benchmarks/FMCAD08/Int32/large/steam_boiler_no_arr2_e1_17214_e5_18600.lus,base,0.095,3,61,1,0,0,Not Found,valid,1 0,0.458
/home/ubuntu/Lustre-exp/kind2-benchmarks/FMCAD08/Int32/large/steam_boiler_no_arr2_e3_514_e4_11150.lus,base,0.093,3,61,1,0,0,Not Found,valid,1 0,0.456
/home/ubuntu/Lustre-exp/kind2-benchmarks/FMCAD08/Int32/large/steam_boiler_no_arr2_e6_3003_e4_15091.lus,base,0.09,3,61,1,0,0,Not Found,valid,1 0,0.459
/home/ubuntu/Lustre-exp/kind2-benchmarks/FMCAD08/Int32/large/steam_boiler_no_arr2_e7_12307.lus,base,0.091,3,61,1,0,0,Not Found,valid,1 0,0.458
/home/ubuntu/Lustre-exp/kind2-benchmarks/FMCAD08/Int32/large/steam_boiler_no_arr2_e8_21449_e5_18210.lus,base,0.093,3,61,1,0,0,Not Found,valid,1 0,0.458
/home/ubuntu/Lustre-exp/kind2-benchmarks/FMCAD08/Int32/memory1/DRAGON_1.lus,base,0.134,2,36,2,0,0,Not Found,valid,2,0.505
/home/ubuntu/Lustre-exp/kind2-benchmarks/FMCAD08/Int32/memory1/DRAGON_1_e1_14612_e1_268_e7_501.lus,base,0.163,2,23,1,0,0,Not Found,valid,1,0.537
/home/ubuntu/Lustre-exp/kind2-benchmarks/FMCAD08/Int32/memory1/DRAGON_1_e1_14612_e2_2653_e7_4370.lus,base,0.13,2,30,1,0,0,Not Found,valid,1,0.497
/home/ubuntu/Lustre-exp/kind2-benchmarks/FMCAD08/Int32/memory1/DRAGON_1_e1_3184_e7_1888.lus,base,0.09,2,23,1,0,0,Not Found,valid,1,0.466
/home/ubuntu/Lustre-exp/kind2-benchmarks/FMCAD08/Int32/memory1/DRAGON_1_e1_5070.lus,base,0.133,2,45,2,0,0,Not Found,valid,2,0.496
/home/ubuntu/Lustre-exp/kind2-benchmarks/FMCAD08/Int32/memory1/DRAGON_1_e2_1997.lus,base,0.105,2,28,1,0,0,Not Found,valid,1,0.474
/home/ubuntu/Lustre-exp/kind2-benchmarks/FMCAD08/Int32/memory1/DRAGON_1_e2_1997_e7_3613_e2_3409.lus,base,0.102,2,23,1,0,0,Not Found,valid,1,0.463
/home/ubuntu/Lustre-exp/kind2-benchmarks/FMCAD08/Int32/memory1/DRAGON_1_e3_11891_e7_4569_e4_4881.lus,base,0.236,2,47,2,0,0,Not Found,valid,2,0.604
/home/ubuntu/Lustre-exp/kind2-benchmarks/FMCAD08/Int32/memory1/DRAGON_10.lus,base,4.428,2,371,12,3,0,Not Found,timeout,15 8,290.115
/home/ubuntu/Lustre-exp/kind2-benchmarks/FMCAD08/Int32/memory1/DRAGON_10_e1_3587_e3_2749.lus,base,143.835,2,6843,65,4,0,Not Found,timeout,73 14,290.126
/home/ubuntu/Lustre-exp/kind2-benchmarks/FMCAD08/Int32/memory1/DRAGON_10_e1_3587_e7_872.lus,base,0.028,0,2,0,0,0,Not Found,invalid,Not Found,0.417
/home/ubuntu/Lustre-exp/kind2-benchmarks/FMCAD08/Int32/memory1/DRAGON_10_e1_998.lus,base,0.324,1,102,7,0,0,Not Found,timeout,7,290.114
/home/ubuntu/Lustre-exp/kind2-benchmarks/FMCAD08/Int32/memory1/DRAGON_10_e2_2785_e3_1744.lus,base,2.38,2,355,12,3,0,Not Found,timeout,15 8,290.115
/home/ubuntu/Lustre-exp/kind2-benchmarks/FMCAD08/Int32/memory1/DRAGON_10_e2_402.lus,base,2.974,2,364,12,3,0,Not Found,timeout,15 8,290.114
/home/ubuntu/Lustre-exp/kind2-benchmarks/FMCAD08/Int32/memory1/DRAGON_10_e3_144_e5_2046.lus,base,2.645,2,358,12,3,0,Not Found,timeout,15 8,290.116
/home/ubuntu/Lustre-exp/kind2-benchmarks/FMCAD08/Int32/memory1/DRAGON_10_e3_144_e7_523.lus,base,0.029,0,2,0,0,0,Not Found,invalid,Not Found,0.415
/home/ubuntu/Lustre-exp/kind2-benchmarks/FMCAD08/Int32/memory1/DRAGON_10_e3_3429.lus,base,2.584,2,342,12,3,0,Not Found,timeout,15 8,290.114
/home/ubuntu/Lustre-exp/kind2-benchmarks/FMCAD08/Int32/memory1/DRAGON_10_e7_3861_e2_1020.lus,base,0.028,0,2,0,0,0,Not Found,invalid,Not Found,0.418
/home/ubuntu/Lustre-exp/kind2-benchmarks/FMCAD08/Int32/memory1/DRAGON_10_e7_3861_e7_2180.lus,base,0.027,0,2,0,0,0,Not Found,invalid,Not Found,0.416
/home/ubuntu/Lustre-exp/kind2-benchmarks/FMCAD08/Int32/memory1/DRAGON_11.lus,base,13.474,1,59,4,0,0,Not Found,timeout,4,290.113
/home/ubuntu/Lustre-exp/kind2-benchmarks/FMCAD08/Int32/memory1/DRAGON_11_e1_2450.lus,base,38.734,1,87,6,0,0,Not Found,timeout,6,290.114
/home/ubuntu/Lustre-exp/kind2-benchmarks/FMCAD08/Int32/memory1/DRAGON_11_e1_2450_e1_5887.lus,base,60.026,1,94,6,0,0,Not Found,timeout,6,290.112
/home/ubuntu/Lustre-exp/kind2-benchmarks/FMCAD08/Int32/memory1/DRAGON_11_e1_2450_e2_1483.lus,base,21.729,1,62,4,0,0,Not Found,timeout,4,290.114
/home/ubuntu/Lustre-exp/kind2-benchmarks/FMCAD08/Int32/memory1/DRAGON_11_e1_2450_e3_2330.lus,base,35.247,1,77,5,0,0,Not Found,timeout,5,290.114
/home/ubuntu/Lustre-exp/kind2-benchmarks/FMCAD08/Int32/memory1/DRAGON_11_e1_2450_e7_5791.lus,base,0.03,0,2,0,0,0,Not Found,invalid,Not Found,0.419
/home/ubuntu/Lustre-exp/kind2-benchmarks/FMCAD08/Int32/memory1/DRAGON_11_e2_1678_e1_3565.lus,base,20.972,1,61,4,0,0,Not Found,timeout,4,290.113
/home/ubuntu/Lustre-exp/kind2-benchmarks/FMCAD08/Int32/memory1/DRAGON_11_e2_5396_e3_282.lus,base,19.044,1,63,5,0,0,Not Found,timeout,5,290.115
/home/ubuntu/Lustre-exp/kind2-benchmarks/FMCAD08/Int32/memory1/DRAGON_11_e3_382_e1_505.lus,base,75.962,1,76,6,0,0,Not Found,timeout,6,290.113
/home/ubuntu/Lustre-exp/kind2-benchmarks/FMCAD08/Int32/memory1/DRAGON_11_e3_382_e4_4421.lus,base,84.653,1,72,5,0,0,Not Found,timeout,5,290.115
/home/ubuntu/Lustre-exp/kind2-benchmarks/FMCAD08/Int32/memory1/DRAGON_12.lus,base,0.372,1,41,3,0,0,Not Found,timeout,3,290.114
/home/ubuntu/Lustre-exp/kind2-benchmarks/FMCAD08/Int32/memory1/DRAGON_12_e1_4640_e7_128.lus,base,0.028,0,2,0,0,0,Not Found,invalid,Not Found,0.416
/home/ubuntu/Lustre-exp/kind2-benchmarks/FMCAD08/Int32/memory1/DRAGON_12_e2_1618.lus,base,0.468,1,54,4,0,0,Not Found,timeout,4,290.113
/home/ubuntu/Lustre-exp/kind2-benchmarks/FMCAD08/Int32/memory1/DRAGON_12_e2_1618_e1_6030.lus,base,0.42,1,43,3,0,0,Not Found,timeout,3,290.118
/home/ubuntu/Lustre-exp/kind2-benchmarks/FMCAD08/Int32/memory1/DRAGON_12_e2_1618_e2_138.lus,base,0.394,1,39,3,0,0,Not Found,timeout,3,290.113
/home/ubuntu/Lustre-exp/kind2-benchmarks/FMCAD08/Int32/memory1/DRAGON_12_e2_1618_e3_2012.lus,base,0.593,1,50,4,0,0,Not Found,timeout,4,290.116
/home/ubuntu/Lustre-exp/kind2-benchmarks/FMCAD08/Int32/memory1/DRAGON_12_e2_1618_e7_4732.lus,base,0.029,0,2,0,0,0,Not Found,invalid,Not Found,0.414
/home/ubuntu/Lustre-exp/kind2-benchmarks/FMCAD08/Int32/memory1/DRAGON_13.lus,base,0.581,1,95,7,0,0,Not Found,timeout,7,290.165
/home/ubuntu/Lustre-exp/kind2-benchmarks/FMCAD08/Int32/memory1/DRAGON_13_e3_1418_e3_2761.lus,base,0.657,1,107,7,0,0,Not Found,timeout,7,290.143
/home/ubuntu/Lustre-exp/kind2-benchmarks/FMCAD08/Int32/memory1/DRAGON_13_e7_2336.lus,base,0.029,0,2,0,0,0,Not Found,invalid,Not Found,0.415
/home/ubuntu/Lustre-exp/kind2-benchmarks/FMCAD08/Int32/memory1/DRAGON_13_e7_2336_e1_541.lus,base,0.03,0,2,0,0,0,Not Found,invalid,Not Found,0.416
/home/ubuntu/Lustre-exp/kind2-benchmarks/FMCAD08/Int32/memory1/DRAGON_13_e7_2336_e2_1255.lus,base,0.029,0,2,0,0,0,Not Found,invalid,Not Found,0.426
/home/ubuntu/Lustre-exp/kind2-benchmarks/FMCAD08/Int32/memory1/DRAGON_13_e7_2336_e3_3117.lus,base,0.03,0,2,0,0,0,Not Found,invalid,Not Found,0.413
/home/ubuntu/Lustre-exp/kind2-benchmarks/FMCAD08/Int32/memory1/DRAGON_13_e7_2336_e7_685.lus,base,0.037,0,2,0,0,0,Not Found,invalid,Not Found,0.423
/home/ubuntu/Lustre-exp/kind2-benchmarks/FMCAD08/Int32/memory1/DRAGON_14.lus,base,67.218,2,394,13,3,0,Not Found,timeout,16 9,290.115
/home/ubuntu/Lustre-exp/kind2-benchmarks/FMCAD08/Int32/memory1/DRAGON_14_e1_5710.lus,base,5.436,1,117,7,0,0,Not Found,timeout,7,290.115
/home/ubuntu/Lustre-exp/kind2-benchmarks/FMCAD08/Int32/memory1/DRAGON_14_e2_3606.lus,base,78.36,2,384,13,3,0,Not Found,timeout,16 9,290.115
/home/ubuntu/Lustre-exp/kind2-benchmarks/FMCAD08/Int32/memory1/DRAGON_14_e3_1259_e1_5798.lus,base,2.592,1,93,6,0,0,Not Found,timeout,6,290.116
/home/ubuntu/Lustre-exp/kind2-benchmarks/FMCAD08/Int32/memory1/DRAGON_14_e3_5120.lus,base,71.873,2,412,13,2,0,Not Found,timeout,16 9,290.116
/home/ubuntu/Lustre-exp/kind2-benchmarks/FMCAD08/Int32/memory1/DRAGON_14_e7_3162.lus,base,1.774,1,88,6,0,0,Not Found,timeout,6,290.118
/home/ubuntu/Lustre-exp/kind2-benchmarks/FMCAD08/Int32/memory1/DRAGON_14_e7_3162_e1_3998.lus,base,34.104,2,284,13,1,0,Not Found,invalid,10 3,34.541
/home/ubuntu/Lustre-exp/kind2-benchmarks/FMCAD08/Int32/memory1/DRAGON_14_e7_3162_e2_753.lus,base,22.589,2,211,10,1,0,Not Found,invalid,8 3,23
/home/ubuntu/Lustre-exp/kind2-benchmarks/FMCAD08/Int32/memory1/DRAGON_14_e7_3162_e3_4298.lus,base,2.979,1,96,7,0,0,Not Found,timeout,7,290.116
/home/ubuntu/Lustre-exp/kind2-benchmarks/FMCAD08/Int32/memory1/DRAGON_14_e7_3162_e7_3528.lus,base,2.172,1,75,6,0,0,Not Found,timeout,6,290.119
/home/ubuntu/Lustre-exp/kind2-benchmarks/FMCAD08/Int32/memory1/DRAGON_2.lus,base,Not Found,Not Found,Not Found,Not Found,Not Found,Not Found,Not Found,timeout,Not Found,290.113
/home/ubuntu/Lustre-exp/kind2-benchmarks/FMCAD08/Int32/memory1/DRAGON_2_e1_2316.lus,base,Not Found,Not Found,Not Found,Not Found,Not Found,Not Found,Not Found,timeout,Not Found,290.114
/home/ubuntu/Lustre-exp/kind2-benchmarks/FMCAD08/Int32/memory1/DRAGON_2_e2_3183_e1_2644.lus,base,Not Found,Not Found,Not Found,Not Found,Not Found,Not Found,Not Found,timeout,Not Found,290.113
/home/ubuntu/Lustre-exp/kind2-benchmarks/FMCAD08/Int32/memory1/DRAGON_2_e2_3183_e2_3580.lus,base,Not Found,Not Found,Not Found,Not Found,Not Found,Not Found,Not Found,timeout,Not Found,290.114
/home/ubuntu/Lustre-exp/kind2-benchmarks/FMCAD08/Int32/memory1/DRAGON_2_e2_3183_e3_5972.lus,base,Not Found,Not Found,Not Found,Not Found,Not Found,Not Found,Not Found,timeout,Not Found,290.114
/home/ubuntu/Lustre-exp/kind2-benchmarks/FMCAD08/Int32/memory1/DRAGON_2_e2_4481.lus,base,Not Found,Not Found,Not Found,Not Found,Not Found,Not Found,Not Found,timeout,Not Found,290.114
/home/ubuntu/Lustre-exp/kind2-benchmarks/FMCAD08/Int32/memory1/DRAGON_2_e7_25.lus,base,0.03,0,2,0,0,0,Not Found,invalid,Not Found,0.416
/home/ubuntu/Lustre-exp/kind2-benchmarks/FMCAD08/Int32/memory1/DRAGON_2_e7_25_e1_154.lus,base,0.032,0,2,0,0,0,Not Found,invalid,Not Found,0.421
/home/ubuntu/Lustre-exp/kind2-benchmarks/FMCAD08/Int32/memory1/DRAGON_2_e7_25_e2_5340.lus,base,0.031,0,2,0,0,0,Not Found,invalid,Not Found,0.428
/home/ubuntu/Lustre-exp/kind2-benchmarks/FMCAD08/Int32/memory1/DRAGON_2_e7_25_e3_829.lus,base,0.031,0,2,0,0,0,Not Found,invalid,Not Found,0.425
/home/ubuntu/Lustre-exp/kind2-benchmarks/FMCAD08/Int32/memory1/DRAGON_2_e7_25_e7_4469.lus,base,0.03,0,2,0,0,0,Not Found,invalid,Not Found,0.416
/home/ubuntu/Lustre-exp/kind2-benchmarks/FMCAD08/Int32/memory1/DRAGON_2_e7_25_e8_3171.lus,base,Not Found,Not Found,Not Found,Not Found,Not Found,Not Found,Not Found,timeout,Not Found,290.114
/home/ubuntu/Lustre-exp/kind2-benchmarks/FMCAD08/Int32/memory1/DRAGON_3.lus,base,Not Found,Not Found,Not Found,Not Found,Not Found,Not Found,Not Found,timeout,Not Found,290.114
/home/ubuntu/Lustre-exp/kind2-benchmarks/FMCAD08/Int32/memory1/DRAGON_3_e1_4783.lus,base,Not Found,Not Found,Not Found,Not Found,Not Found,Not Found,Not Found,timeout,Not Found,290.112
/home/ubuntu/Lustre-exp/kind2-benchmarks/FMCAD08/Int32/memory1/DRAGON_3_e1_4783_e1_3755.lus,base,Not Found,Not Found,Not Found,Not Found,Not Found,Not Found,Not Found,timeout,Not Found,290.114
/home/ubuntu/Lustre-exp/kind2-benchmarks/FMCAD08/Int32/memory1/DRAGON_3_e1_4783_e2_158.lus,base,Not Found,Not Found,Not Found,Not Found,Not Found,Not Found,Not Found,timeout,Not Found,290.114
/home/ubuntu/Lustre-exp/kind2-benchmarks/FMCAD08/Int32/memory1/DRAGON_3_e1_4783_e3_511.lus,base,Not Found,Not Found,Not Found,Not Found,Not Found,Not Found,Not Found,timeout,Not Found,290.113
/home/ubuntu/Lustre-exp/kind2-benchmarks/FMCAD08/Int32/memory1/DRAGON_3_e1_4783_e7_4070.lus,base,0.073,0,2,0,0,0,Not Found,invalid,Not Found,0.456
/home/ubuntu/Lustre-exp/kind2-benchmarks/FMCAD08/Int32/memory1/DRAGON_3_e2_5343_e1_988.lus,base,Not Found,Not Found,Not Found,Not Found,Not Found,Not Found,Not Found,timeout,Not Found,290.114
/home/ubuntu/Lustre-exp/kind2-benchmarks/FMCAD08/Int32/memory1/DRAGON_3_e3_3846.lus,base,Not Found,Not Found,Not Found,Not Found,Not Found,Not Found,Not Found,timeout,Not Found,290.115
/home/ubuntu/Lustre-exp/kind2-benchmarks/FMCAD08/Int32/memory1/DRAGON_3_e3_5422_e1_2288.lus,base,Not Found,Not Found,Not Found,Not Found,Not Found,Not Found,Not Found,timeout,Not Found,290.114
/home/ubuntu/Lustre-exp/kind2-benchmarks/FMCAD08/Int32/memory1/DRAGON_3_e3_5422_e2_3135.lus,base,Not Found,Not Found,Not Found,Not Found,Not Found,Not Found,Not Found,timeout,Not Found,290.113
/home/ubuntu/Lustre-exp/kind2-benchmarks/FMCAD08/Int32/memory1/DRAGON_3_e7_4884.lus,base,0.063,0,2,0,0,0,Not Found,invalid,Not Found,0.449
/home/ubuntu/Lustre-exp/kind2-benchmarks/FMCAD08/Int32/memory1/DRAGON_4.lus,base,0.298,1,85,6,0,0,Not Found,timeout,6,290.146
/home/ubuntu/Lustre-exp/kind2-benchmarks/FMCAD08/Int32/memory1/DRAGON_4_e1_4312.lus,base,0.18,1,55,4,0,0,Not Found,timeout,4,290.157
/home/ubuntu/Lustre-exp/kind2-benchmarks/FMCAD08/Int32/memory1/DRAGON_4_e2_2799.lus,base,0.239,1,72,5,0,0,Not Found,timeout,5,290.18
/home/ubuntu/Lustre-exp/kind2-benchmarks/FMCAD08/Int32/memory1/DRAGON_4_e2_2799_e1_1303.lus,base,0.189,1,59,4,0,0,Not Found,timeout,4,290.128
/home/ubuntu/Lustre-exp/kind2-benchmarks/FMCAD08/Int32/memory1/DRAGON_4_e2_2799_e2_2251.lus,base,0.195,1,53,4,0,0,Not Found,timeout,4,290.164
/home/ubuntu/Lustre-exp/kind2-benchmarks/FMCAD08/Int32/memory1/DRAGON_4_e2_2799_e3_1915.lus,base,148.035,2,19463,114,3,0,Not Found,timeout,129 19,290.129
/home/ubuntu/Lustre-exp/kind2-benchmarks/FMCAD08/Int32/memory1/DRAGON_4_e2_2799_e7_2499.lus,base,0.35,1,47,4,0,0,Not Found,invalid,2,0.755
/home/ubuntu/Lustre-exp/kind2-benchmarks/FMCAD08/Int32/memory1/DRAGON_4_e3_1540_e1_5048.lus,base,0.181,1,53,4,0,0,Not Found,timeout,4,290.177
/home/ubuntu/Lustre-exp/kind2-benchmarks/FMCAD08/Int32/memory1/DRAGON_4_e3_4133.lus,base,0.171,1,53,4,0,0,Not Found,timeout,4,290.123
/home/ubuntu/Lustre-exp/kind2-benchmarks/FMCAD08/Int32/memory1/DRAGON_4_e7_2329.lus,base,0.125,1,24,2,0,0,Not Found,invalid,0,0.523
/home/ubuntu/Lustre-exp/kind2-benchmarks/FMCAD08/Int32/memory1/DRAGON_4_e7_2329_e3_4574.lus,base,0.223,1,52,5,0,0,Not Found,invalid,3,0.62
/home/ubuntu/Lustre-exp/kind2-benchmarks/FMCAD08/Int32/memory1/DRAGON_4_e7_2329_e7_3856.lus,base,0.447,1,79,7,0,0,Not Found,invalid,5,0.836
/home/ubuntu/Lustre-exp/kind2-benchmarks/FMCAD08/Int32/memory1/DRAGON_5.lus,base,102.544,3,293,7,1,0,Not Found,timeout,8 6 3,144.993
/home/ubuntu/Lustre-exp/kind2-benchmarks/FMCAD08/Int32/memory1/DRAGON_5_e1_1835.lus,base,237.674,4,443,8,2,0,Not Found,valid,8 6 3,238.066
/home/ubuntu/Lustre-exp/kind2-benchmarks/FMCAD08/Int32/memory1/DRAGON_5_e2_3018_e2_936.lus,base,210.253,3,366,8,1,0,Not Found,timeout,8 6 3,290.138
/home/ubuntu/Lustre-exp/kind2-benchmarks/FMCAD08/Int32/memory1/DRAGON_5_e7_2017.lus,base,0.097,1,12,1,0,0,Not Found,invalid,0,0.496
/home/ubuntu/Lustre-exp/kind2-benchmarks/FMCAD08/Int32/memory1/DRAGON_5_e7_2017_e1_5832.lus,base,0.285,1,45,4,0,0,Not Found,invalid,2,0.696
/home/ubuntu/Lustre-exp/kind2-benchmarks/FMCAD08/Int32/memory1/DRAGON_5_e7_2017_e2_664.lus,base,0.405,1,48,4,0,0,Not Found,invalid,2,0.818
/home/ubuntu/Lustre-exp/kind2-benchmarks/FMCAD08/Int32/memory1/DRAGON_5_e7_2017_e3_1763.lus,base,0.172,1,22,2,0,0,Not Found,invalid,0,0.575
/home/ubuntu/Lustre-exp/kind2-benchmarks/FMCAD08/Int32/memory1/DRAGON_5_e7_2017_e7_2326.lus,base,0.345,1,52,5,0,0,Not Found,invalid,3,0.745
/home/ubuntu/Lustre-exp/kind2-benchmarks/FMCAD08/Int32/memory1/DRAGON_6.lus,base,0.093,2,27,1,0,0,Not Found,valid,1,0.455
/home/ubuntu/Lustre-exp/kind2-benchmarks/FMCAD08/Int32/memory1/DRAGON_6_e7_5046_e7_3623.lus,base,2.368,2,23,1,0,0,Not Found,valid,1,2.736
/home/ubuntu/Lustre-exp/kind2-benchmarks/FMCAD08/Int32/memory1/DRAGON_7.lus,base,5.888,1,43,3,0,0,Not Found,timeout,3,290.115
/home/ubuntu/Lustre-exp/kind2-benchmarks/FMCAD08/Int32/memory1/DRAGON_7_e2_2872_e2_5844.lus,base,8.746,1,43,3,0,0,Not Found,timeout,3,290.114
/home/ubuntu/Lustre-exp/kind2-benchmarks/FMCAD08/Int32/memory1/DRAGON_7_e2_2872_e3_2640.lus,base,3.636,1,43,3,0,0,Not Found,timeout,3,290.115
/home/ubuntu/Lustre-exp/kind2-benchmarks/FMCAD08/Int32/memory1/DRAGON_7_e7_3157_e2_2082.lus,base,245.386,2,1108,19,1,0,Not Found,timeout,24 8,290.118
/home/ubuntu/Lustre-exp/kind2-benchmarks/FMCAD08/Int32/memory1/DRAGON_8.lus,base,1.344,2,146,5,1,0,Not Found,timeout,7 4,290.119
/home/ubuntu/Lustre-exp/kind2-benchmarks/FMCAD08/Int32/memory1/DRAGON_8_e2_3896_e3_3125.lus,base,0.199,1,30,2,0,0,Not Found,timeout,2,290.13
/home/ubuntu/Lustre-exp/kind2-benchmarks/FMCAD08/Int32/memory1/DRAGON_8_e3_786.lus,base,0.214,1,30,2,0,0,Not Found,timeout,2,290.138
/home/ubuntu/Lustre-exp/kind2-benchmarks/FMCAD08/Int32/memory1/DRAGON_8_e3_786_e7_4541.lus,base,0.138,1,30,2,0,0,Not Found,timeout,2,290.144
/home/ubuntu/Lustre-exp/kind2-benchmarks/FMCAD08/Int32/memory1/DRAGON_8_e7_3752.lus,base,117.973,2,2499,35,1,0,Not Found,timeout,38 5,290.123
/home/ubuntu/Lustre-exp/kind2-benchmarks/FMCAD08/Int32/memory1/DRAGON_9.lus,base,0.103,1,30,2,0,0,Not Found,timeout,2,290.148
/home/ubuntu/Lustre-exp/kind2-benchmarks/FMCAD08/Int32/memory1/DRAGON_9_e7_1843.lus,base,0.118,1,32,2,0,0,Not Found,timeout,2,290.123
/home/ubuntu/Lustre-exp/kind2-benchmarks/FMCAD08/Int32/memory1/DRAGON_9_e7_1843_e1_5434.lus,base,0.114,1,27,2,0,0,Not Found,timeout,2,290.124
/home/ubuntu/Lustre-exp/kind2-benchmarks/FMCAD08/Int32/memory1/DRAGON_9_e7_1843_e2_1145.lus,base,8.285,3,275,5,1,0,Not Found,timeout,6 5 3,290.116
/home/ubuntu/Lustre-exp/kind2-benchmarks/FMCAD08/Int32/memory1/DRAGON_9_e7_1843_e3_5316.lus,base,0.122,1,30,2,0,0,Not Found,timeout,2,290.125
/home/ubuntu/Lustre-exp/kind2-benchmarks/FMCAD08/Int32/memory1/DRAGON_9_e7_1843_e7_2225.lus,base,33.647,8,1827,13,1,0,Not Found,timeout,11 8 7 6 5 4 3 2,290.166
/home/ubuntu/Lustre-exp/kind2-benchmarks/FMCAD08/Int32/memory1/DRAGON_all.lus,base,Not Found,Not Found,Not Found,Not Found,Not Found,Not Found,Not Found,timeout,Not Found,290.113
/home/ubuntu/Lustre-exp/kind2-benchmarks/FMCAD08/Int32/memory1/DRAGON_all_e1_4022_e1_1759.lus,base,Not Found,Not Found,Not Found,Not Found,Not Found,Not Found,Not Found,timeout,Not Found,290.113
/home/ubuntu/Lustre-exp/kind2-benchmarks/FMCAD08/Int32/memory1/DRAGON_all_e1_4022_e2_267.lus,base,Not Found,Not Found,Not Found,Not Found,Not Found,Not Found,Not Found,timeout,Not Found,290.114
/home/ubuntu/Lustre-exp/kind2-benchmarks/FMCAD08/Int32/memory1/DRAGON_all_e1_4022_e3_3628.lus,base,Not Found,Not Found,Not Found,Not Found,Not Found,Not Found,Not Found,timeout,Not Found,290.113
/home/ubuntu/Lustre-exp/kind2-benchmarks/FMCAD08/Int32/memory1/DRAGON_all_e1_4022_e7_2886.lus,base,0.033,0,2,0,0,0,Not Found,invalid,Not Found,0.42
/home/ubuntu/Lustre-exp/kind2-benchmarks/FMCAD08/Int32/memory1/DRAGON_all_e1_4037.lus,base,Not Found,Not Found,Not Found,Not Found,Not Found,Not Found,Not Found,timeout,Not Found,290.113
/home/ubuntu/Lustre-exp/kind2-benchmarks/FMCAD08/Int32/memory1/DRAGON_all_e2_6104.lus,base,Not Found,Not Found,Not Found,Not Found,Not Found,Not Found,Not Found,timeout,Not Found,290.114
/home/ubuntu/Lustre-exp/kind2-benchmarks/FMCAD08/Int32/memory1/DRAGON_all_e2_6104_e1_6205.lus,base,Not Found,Not Found,Not Found,Not Found,Not Found,Not Found,Not Found,timeout,Not Found,290.113
/home/ubuntu/Lustre-exp/kind2-benchmarks/FMCAD08/Int32/memory1/DRAGON_all_e2_6104_e2_3308.lus,base,Not Found,Not Found,Not Found,Not Found,Not Found,Not Found,Not Found,timeout,Not Found,290.114
/home/ubuntu/Lustre-exp/kind2-benchmarks/FMCAD08/Int32/memory1/DRAGON_all_e2_6104_e3_2607.lus,base,Not Found,Not Found,Not Found,Not Found,Not Found,Not Found,Not Found,timeout,Not Found,290.113
/home/ubuntu/Lustre-exp/kind2-benchmarks/FMCAD08/Int32/memory1/DRAGON_all_e3_4821_e1_1318.lus,base,Not Found,Not Found,Not Found,Not Found,Not Found,Not Found,Not Found,timeout,Not Found,290.114
/home/ubuntu/Lustre-exp/kind2-benchmarks/FMCAD08/Int32/memory1/DRAGON_all_e3_4821_e2_1089.lus,base,Not Found,Not Found,Not Found,Not Found,Not Found,Not Found,Not Found,timeout,Not Found,290.114
/home/ubuntu/Lustre-exp/kind2-benchmarks/FMCAD08/Int32/memory1/DRAGON_all_e3_4821_e4_1791.lus,base,Not Found,Not Found,Not Found,Not Found,Not Found,Not Found,Not Found,timeout,Not Found,290.113
/home/ubuntu/Lustre-exp/kind2-benchmarks/FMCAD08/Int32/memory1/DRAGON_all_e3_4821_e5_1536.lus,base,Not Found,Not Found,Not Found,Not Found,Not Found,Not Found,Not Found,timeout,Not Found,290.115
/home/ubuntu/Lustre-exp/kind2-benchmarks/FMCAD08/Int32/memory1/DRAGON_all_e3_5957.lus,base,Not Found,Not Found,Not Found,Not Found,Not Found,Not Found,Not Found,timeout,Not Found,290.114
/home/ubuntu/Lustre-exp/kind2-benchmarks/FMCAD08/Int32/memory1/DRAGON_all_e7_1941_e2_6086.lus,base,0.033,0,2,0,0,0,Not Found,invalid,Not Found,0.431
/home/ubuntu/Lustre-exp/kind2-benchmarks/FMCAD08/Int32/memory1/DRAGON_all_e7_4065.lus,base,0.032,0,2,0,0,0,Not Found,invalid,Not Found,0.421
/home/ubuntu/Lustre-exp/kind2-benchmarks/FMCAD08/Int32/memory1/DRAGON_all2.lus,base,62.427,1,305,14,0,0,Not Found,timeout,14,290.114
/home/ubuntu/Lustre-exp/kind2-benchmarks/FMCAD08/Int32/memory1/DRAGON_all2_e2_2073_e8_3691.lus,base,0.087,0,2,0,0,0,Not Found,invalid,Not Found,0.501
/home/ubuntu/Lustre-exp/kind2-benchmarks/FMCAD08/Int32/memory1/DRAGON_all2_e3_4612_e1_6463.lus,base,Not Found,Not Found,Not Found,Not Found,Not Found,Not Found,Not Found,timeout,Not Found,290.115
/home/ubuntu/Lustre-exp/kind2-benchmarks/FMCAD08/Int32/memory1/DRAGON_all2_e3_4612_e2_5774.lus,base,34.221,1,310,14,0,0,Not Found,timeout,14,290.116
/home/ubuntu/Lustre-exp/kind2-benchmarks/FMCAD08/Int32/memory1/DRAGON_all2_e3_4612_e3_1543.lus,base,33.265,1,357,15,0,0,Not Found,timeout,15,290.115
/home/ubuntu/Lustre-exp/kind2-benchmarks/FMCAD08/Int32/memory1/DRAGON_all2_e3_4612_e4_3719.lus,base,Not Found,Not Found,Not Found,Not Found,Not Found,Not Found,Not Found,timeout,Not Found,290.114
/home/ubuntu/Lustre-exp/kind2-benchmarks/FMCAD08/Int32/memory1/DRAGON_all2_e3_4612_e5_3642.lus,base,38.518,1,292,13,0,0,Not Found,timeout,13,290.114
/home/ubuntu/Lustre-exp/kind2-benchmarks/FMCAD08/Int32/memory1/DRAGON_all2_e3_4612_e8_5861.lus,base,0.042,0,2,0,0,0,Not Found,invalid,Not Found,0.446
/home/ubuntu/Lustre-exp/kind2-benchmarks/FMCAD08/Int32/memory1/DRAGON_all2_e7_5406.lus,base,0.07,0,2,0,0,0,Not Found,invalid,Not Found,0.478
/home/ubuntu/Lustre-exp/kind2-benchmarks/FMCAD08/Int32/memory1/DRAGON_all2_e7_5406_e1_6690.lus,base,0.038,0,2,0,0,0,Not Found,invalid,Not Found,0.45
/home/ubuntu/Lustre-exp/kind2-benchmarks/FMCAD08/Int32/memory1/DRAGON_all2_e7_5406_e2_3084.lus,base,0.038,0,2,0,0,0,Not Found,invalid,Not Found,0.447
/home/ubuntu/Lustre-exp/kind2-benchmarks/FMCAD08/Int32/memory1/DRAGON_all2_e7_5406_e3_506.lus,base,0.04,0,2,0,0,0,Not Found,invalid,Not Found,0.447
/home/ubuntu/Lustre-exp/kind2-benchmarks/FMCAD08/Int32/memory1/DRAGON_all2_e7_5406_e7_6697.lus,base,0.034,0,2,0,0,0,Not Found,invalid,Not Found,0.46
/home/ubuntu/Lustre-exp/kind2-benchmarks/FMCAD08/Int32/memory1/DRAGON_all2_e8_4626.lus,base,0.037,0,2,0,0,0,Not Found,invalid,Not Found,0.462
/home/ubuntu/Lustre-exp/kind2-benchmarks/FMCAD08/Int32/memory1/DRAGON_all2_e8_5504_e1_4719.lus,base,0.079,0,2,0,0,0,Not Found,invalid,Not Found,0.488
/home/ubuntu/Lustre-exp/kind2-benchmarks/FMCAD08/Int32/memory1/DRAGON_all2_e8_5504_e7_579.lus,base,0.037,0,2,0,0,0,Not Found,invalid,Not Found,0.448
/home/ubuntu/Lustre-exp/kind2-benchmarks/FMCAD08/Int32/memory1/FIREFLY_1.lus,base,273.464,1,27,2,0,0,Not Found,timeout,2,290.113
/home/ubuntu/Lustre-exp/kind2-benchmarks/FMCAD08/Int32/memory1/FIREFLY_1_e1_1092.lus,base,67.944,1,31,3,0,0,Not Found,invalid,1,68.311
/home/ubuntu/Lustre-exp/kind2-benchmarks/FMCAD08/Int32/memory1/FIREFLY_1_e1_1092_e1_1486.lus,base,104.996,1,31,3,0,0,Not Found,invalid,1,105.371
/home/ubuntu/Lustre-exp/kind2-benchmarks/FMCAD08/Int32/memory1/FIREFLY_1_e1_1092_e2_1853.lus,base,Not Found,Not Found,Not Found,Not Found,Not Found,Not Found,Not Found,timeout,Not Found,290.114
/home/ubuntu/Lustre-exp/kind2-benchmarks/FMCAD08/Int32/memory1/FIREFLY_1_e1_1092_e3_389.lus,base,257.558,1,33,3,0,0,Not Found,invalid,1,257.925
/home/ubuntu/Lustre-exp/kind2-benchmarks/FMCAD08/Int32/memory1/FIREFLY_1_e1_1092_e7_1119.lus,base,0.021,0,2,0,0,0,Not Found,invalid,Not Found,0.382
/home/ubuntu/Lustre-exp/kind2-benchmarks/FMCAD08/Int32/memory1/FIREFLY_10.lus,base,0.126,2,94,4,1,0,Not Found,timeout,5 3,290.134
/home/ubuntu/Lustre-exp/kind2-benchmarks/FMCAD08/Int32/memory1/FIREFLY_10_e7_919_e2_3192.lus,base,288.452,10,20599,69,1,0,Not Found,timeout,70 69 67 65 63 62 61 60 59 58,290.127
/home/ubuntu/Lustre-exp/kind2-benchmarks/FMCAD08/Int32/memory1/FIREFLY_11.lus,base,0.069,1,26,2,0,0,Not Found,timeout,2,290.144
/home/ubuntu/Lustre-exp/kind2-benchmarks/FMCAD08/Int32/memory1/FIREFLY_11_e1_3457.lus,base,0.119,1,41,3,0,0,Not Found,timeout,3,290.145
/home/ubuntu/Lustre-exp/kind2-benchmarks/FMCAD08/Int32/memory1/FIREFLY_11_e3_2076_e1_1270.lus,base,0.073,1,26,2,0,0,Not Found,timeout,2,290.143
/home/ubuntu/Lustre-exp/kind2-benchmarks/FMCAD08/Int32/memory1/FIREFLY_2.lus,base,Not Found,Not Found,Not Found,Not Found,Not Found,Not Found,Not Found,timeout,Not Found,290.114
/home/ubuntu/Lustre-exp/kind2-benchmarks/FMCAD08/Int32/memory1/FIREFLY_2_e3_151_e3_1540.lus,base,41.935,1,30,3,0,0,Not Found,invalid,1,42.312
/home/ubuntu/Lustre-exp/kind2-benchmarks/FMCAD08/Int32/memory1/FIREFLY_3.lus,base,69.014,2,784,18,2,0,Not Found,timeout,24 10,290.115
/home/ubuntu/Lustre-exp/kind2-benchmarks/FMCAD08/Int32/memory1/FIREFLY_3_e2_2236.lus,base,26.629,2,411,12,2,0,Not Found,timeout,16 8,290.114
/home/ubuntu/Lustre-exp/kind2-benchmarks/FMCAD08/Int32/memory1/FIREFLY_3_e2_2236_e1_2305.lus,base,283.746,2,1861,30,2,0,Not Found,timeout,40 14,290.119
/home/ubuntu/Lustre-exp/kind2-benchmarks/FMCAD08/Int32/memory1/FIREFLY_3_e2_2236_e2_1058.lus,base,59.616,2,434,12,2,0,Not Found,timeout,17 9,290.115
/home/ubuntu/Lustre-exp/kind2-benchmarks/FMCAD08/Int32/memory1/FIREFLY_3_e2_2236_e3_2657.lus,base,0.084,1,22,2,0,0,Not Found,invalid,0,0.462
/home/ubuntu/Lustre-exp/kind2-benchmarks/FMCAD08/Int32/memory1/FIREFLY_3_e2_2236_e7_3681.lus,base,0.133,1,51,4,0,0,Not Found,timeout,4,290.146
/home/ubuntu/Lustre-exp/kind2-benchmarks/FMCAD08/Int32/memory1/FIREFLY_4.lus,base,Not Found,Not Found,Not Found,Not Found,Not Found,Not Found,Not Found,timeout,Not Found,290.114
/home/ubuntu/Lustre-exp/kind2-benchmarks/FMCAD08/Int32/memory1/FIREFLY_4_e3_3511.lus,base,Not Found,Not Found,Not Found,Not Found,Not Found,Not Found,Not Found,timeout,Not Found,290.114
/home/ubuntu/Lustre-exp/kind2-benchmarks/FMCAD08/Int32/memory1/FIREFLY_4_e3_3511_e1_2375.lus,base,Not Found,Not Found,Not Found,Not Found,Not Found,Not Found,Not Found,timeout,Not Found,290.114
/home/ubuntu/Lustre-exp/kind2-benchmarks/FMCAD08/Int32/memory1/FIREFLY_4_e3_3511_e2_1923.lus,base,Not Found,Not Found,Not Found,Not Found,Not Found,Not Found,Not Found,timeout,Not Found,290.114
/home/ubuntu/Lustre-exp/kind2-benchmarks/FMCAD08/Int32/memory1/FIREFLY_4_e3_3511_e3_422.lus,base,Not Found,Not Found,Not Found,Not Found,Not Found,Not Found,Not Found,timeout,Not Found,290.115
/home/ubuntu/Lustre-exp/kind2-benchmarks/FMCAD08/Int32/memory1/FIREFLY_4_e3_3511_e4_1464.lus,base,Not Found,Not Found,Not Found,Not Found,Not Found,Not Found,Not Found,timeout,Not Found,290.115
/home/ubuntu/Lustre-exp/kind2-benchmarks/FMCAD08/Int32/memory1/FIREFLY_4_e3_3511_e5_3248.lus,base,Not Found,Not Found,Not Found,Not Found,Not Found,Not Found,Not Found,timeout,Not Found,290.114
/home/ubuntu/Lustre-exp/kind2-benchmarks/FMCAD08/Int32/memory1/FIREFLY_4_e3_3511_e7_3568.lus,base,0.056,0,2,0,0,0,Not Found,invalid,Not Found,0.427
/home/ubuntu/Lustre-exp/kind2-benchmarks/FMCAD08/Int32/memory1/FIREFLY_5.lus,base,0.069,1,27,2,0,0,Not Found,timeout,2,290.169
/home/ubuntu/Lustre-exp/kind2-benchmarks/FMCAD08/Int32/memory1/FIREFLY_5_e1_2552_e7_1169.lus,base,0.071,1,30,2,0,0,Not Found,timeout,2,290.125
/home/ubuntu/Lustre-exp/kind2-benchmarks/FMCAD08/Int32/memory1/FIREFLY_5_e2_2229.lus,base,0.068,1,27,2,0,0,Not Found,timeout,2,290.143
/home/ubuntu/Lustre-exp/kind2-benchmarks/FMCAD08/Int32/memory1/FIREFLY_5_e2_2884_e1_2678.lus,base,0.07,1,27,2,0,0,Not Found,timeout,2,290.143
/home/ubuntu/Lustre-exp/kind2-benchmarks/FMCAD08/Int32/memory1/FIREFLY_5_e2_2884_e2_1492.lus,base,0.069,1,27,2,0,0,Not Found,timeout,2,290.142
/home/ubuntu/Lustre-exp/kind2-benchmarks/FMCAD08/Int32/memory1/FIREFLY_5_e2_2884_e3_1882.lus,base,0.071,1,27,2,0,0,Not Found,timeout,2,290.142
/home/ubuntu/Lustre-exp/kind2-benchmarks/FMCAD08/Int32/memory1/FIREFLY_5_e2_2884_e7_3594.lus,base,179.784,7,4689,36,1,0,Not Found,timeout,35 34 33 32 31 30 29,290.218
/home/ubuntu/Lustre-exp/kind2-benchmarks/FMCAD08/Int32/memory1/FIREFLY_6.lus,base,3.36,5,738,12,2,3,Not Found,valid,16 14 10 5,3.711
/home/ubuntu/Lustre-exp/kind2-benchmarks/FMCAD08/Int32/memory1/FIREFLY_6_e2_3302.lus,base,32.555,4,703,10,2,0,Not Found,timeout,11 8 5 2,290.145
/home/ubuntu/Lustre-exp/kind2-benchmarks/FMCAD08/Int32/memory1/FIREFLY_7.lus,base,1.024,1,62,4,0,0,Not Found,timeout,4,290.133
/home/ubuntu/Lustre-exp/kind2-benchmarks/FMCAD08/Int32/memory1/FIREFLY_8.lus,base,0.056,2,27,1,0,0,Not Found,valid,1,0.41
/home/ubuntu/Lustre-exp/kind2-benchmarks/FMCAD08/Int32/memory1/FIREFLY_8_e2_1711.lus,base,0.054,2,27,1,0,0,Not Found,valid,1,0.409
/home/ubuntu/Lustre-exp/kind2-benchmarks/FMCAD08/Int32/memory1/FIREFLY_8_e2_1711_e1_1489.lus,base,0.055,2,27,1,0,0,Not Found,valid,1,0.411
/home/ubuntu/Lustre-exp/kind2-benchmarks/FMCAD08/Int32/memory1/FIREFLY_8_e2_1711_e2_2673.lus,base,0.052,2,27,1,0,0,Not Found,valid,1,0.409
/home/ubuntu/Lustre-exp/kind2-benchmarks/FMCAD08/Int32/memory1/FIREFLY_8_e2_1711_e3_1753.lus,base,0.058,2,27,1,0,0,Not Found,valid,1,0.41
/home/ubuntu/Lustre-exp/kind2-benchmarks/FMCAD08/Int32/memory1/FIREFLY_8_e2_1711_e7_1962.lus,base,0.018,0,2,0,0,0,Not Found,invalid,Not Found,0.39
/home/ubuntu/Lustre-exp/kind2-benchmarks/FMCAD08/Int32/memory1/FIREFLY_9.lus,base,0.451,2,31,1,0,0,Not Found,valid,1,0.811
/home/ubuntu/Lustre-exp/kind2-benchmarks/FMCAD08/Int32/memory1/FIREFLY_9_e7_170_e3_3647.lus,base,0.361,2,25,1,0,0,Not Found,valid,1,0.71
/home/ubuntu/Lustre-exp/kind2-benchmarks/FMCAD08/Int32/memory1/FIREFLY_a3.lus,base,Not Found,Not Found,Not Found,Not Found,Not Found,Not Found,Not Found,timeout,Not Found,290.114
/home/ubuntu/Lustre-exp/kind2-benchmarks/FMCAD08/Int32/memory1/FIREFLY_a3_e1_3233.lus,base,75.947,1,102,7,0,0,Not Found,invalid,5,76.34
/home/ubuntu/Lustre-exp/kind2-benchmarks/FMCAD08/Int32/memory1/FIREFLY_a3_e1_3233_e1_3123.lus,base,Not Found,Not Found,Not Found,Not Found,Not Found,Not Found,Not Found,timeout,Not Found,290.114
/home/ubuntu/Lustre-exp/kind2-benchmarks/FMCAD08/Int32/memory1/FIREFLY_a3_e1_3233_e2_2392.lus,base,Not Found,Not Found,Not Found,Not Found,Not Found,Not Found,Not Found,timeout,Not Found,290.113
/home/ubuntu/Lustre-exp/kind2-benchmarks/FMCAD08/Int32/memory1/FIREFLY_a3_e1_3233_e3_2970.lus,base,Not Found,Not Found,Not Found,Not Found,Not Found,Not Found,Not Found,timeout,Not Found,290.114
/home/ubuntu/Lustre-exp/kind2-benchmarks/FMCAD08/Int32/memory1/FIREFLY_a3_e1_3233_e7_906.lus,base,0.022,0,2,0,0,0,Not Found,invalid,Not Found,0.411
/home/ubuntu/Lustre-exp/kind2-benchmarks/FMCAD08/Int32/memory1/FIREFLY_a3_e2_2086_e1_3235.lus,base,Not Found,Not Found,Not Found,Not Found,Not Found,Not Found,Not Found,timeout,Not Found,290.113
/home/ubuntu/Lustre-exp/kind2-benchmarks/FMCAD08/Int32/memory1/FIREFLY_a3_e2_2086_e2_2689.lus,base,Not Found,Not Found,Not Found,Not Found,Not Found,Not Found,Not Found,timeout,Not Found,290.113
/home/ubuntu/Lustre-exp/kind2-benchmarks/FMCAD08/Int32/memory1/FIREFLY_a3_e2_2086_e3_2542.lus,base,Not Found,Not Found,Not Found,Not Found,Not Found,Not Found,Not Found,timeout,Not Found,290.114
/home/ubuntu/Lustre-exp/kind2-benchmarks/FMCAD08/Int32/memory1/FIREFLY_a3_e2_2086_e7_2614.lus,base,0.021,0,2,0,0,0,Not Found,invalid,Not Found,0.387
/home/ubuntu/Lustre-exp/kind2-benchmarks/FMCAD08/Int32/memory1/FIREFLY_a3_e2_2952.lus,base,Not Found,Not Found,Not Found,Not Found,Not Found,Not Found,Not Found,timeout,Not Found,290.113
/home/ubuntu/Lustre-exp/kind2-benchmarks/FMCAD08/Int32/memory1/FIREFLY_a3_e3_314_e1_1979.lus,base,Not Found,Not Found,Not Found,Not Found,Not Found,Not Found,Not Found,timeout,Not Found,290.113
/home/ubuntu/Lustre-exp/kind2-benchmarks/FMCAD08/Int32/memory1/FIREFLY_a3_e3_314_e2_2812.lus,base,Not Found,Not Found,Not Found,Not Found,Not Found,Not Found,Not Found,timeout,Not Found,290.113
/home/ubuntu/Lustre-exp/kind2-benchmarks/FMCAD08/Int32/memory1/FIREFLY_a3_e3_314_e4_897.lus,base,Not Found,Not Found,Not Found,Not Found,Not Found,Not Found,Not Found,timeout,Not Found,290.114
/home/ubuntu/Lustre-exp/kind2-benchmarks/FMCAD08/Int32/memory1/FIREFLY_all.lus,base,Not Found,Not Found,Not Found,Not Found,Not Found,Not Found,Not Found,timeout,Not Found,290.114
/home/ubuntu/Lustre-exp/kind2-benchmarks/FMCAD08/Int32/memory1/FIREFLY_all_e1_1207_e1_1201.lus,base,0.214,1,23,2,0,0,Not Found,invalid,0,0.583
/home/ubuntu/Lustre-exp/kind2-benchmarks/FMCAD08/Int32/memory1/FIREFLY_all_e1_1207_e2_3220.lus,base,Not Found,Not Found,Not Found,Not Found,Not Found,Not Found,Not Found,timeout,Not Found,290.113
/home/ubuntu/Lustre-exp/kind2-benchmarks/FMCAD08/Int32/memory1/FIREFLY_all_e1_1207_e3_1928.lus,base,Not Found,Not Found,Not Found,Not Found,Not Found,Not Found,Not Found,timeout,Not Found,290.113
/home/ubuntu/Lustre-exp/kind2-benchmarks/FMCAD08/Int32/memory1/FIREFLY_all_e1_1207_e7_156.lus,base,0.022,0,2,0,0,0,Not Found,invalid,Not Found,0.394
/home/ubuntu/Lustre-exp/kind2-benchmarks/FMCAD08/Int32/memory1/FIREFLY_all_e1_3406.lus,base,Not Found,Not Found,Not Found,Not Found,Not Found,Not Found,Not Found,timeout,Not Found,290.113
/home/ubuntu/Lustre-exp/kind2-benchmarks/FMCAD08/Int32/memory1/FIREFLY_all_e2_2924_e1_768.lus,base,Not Found,Not Found,Not Found,Not Found,Not Found,Not Found,Not Found,timeout,Not Found,290.114
/home/ubuntu/Lustre-exp/kind2-benchmarks/FMCAD08/Int32/memory1/FIREFLY_all_e2_2924_e2_1767.lus,base,Not Found,Not Found,Not Found,Not Found,Not Found,Not Found,Not Found,timeout,Not Found,290.113
/home/ubuntu/Lustre-exp/kind2-benchmarks/FMCAD08/Int32/memory1/FIREFLY_all_e2_2924_e3_3946.lus,base,Not Found,Not Found,Not Found,Not Found,Not Found,Not Found,Not Found,timeout,Not Found,290.115
/home/ubuntu/Lustre-exp/kind2-benchmarks/FMCAD08/Int32/memory1/FIREFLY_all_e2_2924_e7_3371.lus,base,0.023,0,2,0,0,0,Not Found,invalid,Not Found,0.395
/home/ubuntu/Lustre-exp/kind2-benchmarks/FMCAD08/Int32/memory1/FIREFLY_all_e2_3678.lus,base,Not Found,Not Found,Not Found,Not Found,Not Found,Not Found,Not Found,timeout,Not Found,290.113
/home/ubuntu/Lustre-exp/kind2-benchmarks/FMCAD08/Int32/memory1/FIREFLY_all_e3_1600_e1_667.lus,base,129.502,1,100,6,0,0,Not Found,invalid,4,129.875
/home/ubuntu/Lustre-exp/kind2-benchmarks/FMCAD08/Int32/memory1/FIREFLY_all_e3_1600_e2_676.lus,base,63.019,1,86,6,0,0,Not Found,invalid,4,63.395
/home/ubuntu/Lustre-exp/kind2-benchmarks/FMCAD08/Int32/memory1/FIREFLY_all_e3_1600_e3_2055.lus,base,2.516,1,77,5,0,0,Not Found,invalid,3,2.899
/home/ubuntu/Lustre-exp/kind2-benchmarks/FMCAD08/Int32/memory1/FIREFLY_all_e3_1600_e4_2415.lus,base,194.22,1,135,8,0,0,Not Found,invalid,6,194.588
/home/ubuntu/Lustre-exp/kind2-benchmarks/FMCAD08/Int32/memory1/FIREFLY_all_e3_1600_e5_84.lus,base,Not Found,Not Found,Not Found,Not Found,Not Found,Not Found,Not Found,timeout,Not Found,290.114
/home/ubuntu/Lustre-exp/kind2-benchmarks/FMCAD08/Int32/memory1/FIREFLY_all_e3_1600_e7_1607.lus,base,0.023,0,2,0,0,0,Not Found,invalid,Not Found,0.393
/home/ubuntu/Lustre-exp/kind2-benchmarks/FMCAD08/Int32/memory1/FIREFLY_all_e3_3496.lus,base,Not Found,Not Found,Not Found,Not Found,Not Found,Not Found,Not Found,timeout,Not Found,290.113
/home/ubuntu/Lustre-exp/kind2-benchmarks/FMCAD08/Int32/memory1/FIREFLY_all_e7_1909.lus,base,0.022,0,2,0,0,0,Not Found,invalid,Not Found,0.396
/home/ubuntu/Lustre-exp/kind2-benchmarks/FMCAD08/Int32/memory1/FIREFLY_luke_1a.lus,base,0.101,1,41,3,0,0,Not Found,timeout,3,290.143
/home/ubuntu/Lustre-exp/kind2-benchmarks/FMCAD08/Int32/memory1/FIREFLY_luke_1a_e2_284_e1_2924.lus,base,0.068,1,26,2,0,0,Not Found,timeout,2,290.139
/home/ubuntu/Lustre-exp/kind2-benchmarks/FMCAD08/Int32/memory1/FIREFLY_luke_1a_e2_284_e2_2755.lus,base,0.105,1,41,3,0,0,Not Found,timeout,3,290.144
/home/ubuntu/Lustre-exp/kind2-benchmarks/FMCAD08/Int32/memory1/FIREFLY_luke_1a_e2_284_e3_3091.lus,base,0.067,1,26,2,0,0,Not Found,timeout,2,290.146
/home/ubuntu/Lustre-exp/kind2-benchmarks/FMCAD08/Int32/memory1/FIREFLY_luke_1a_e2_284_e7_998.lus,base,0.067,1,21,2,0,0,Not Found,timeout,2,290.142
/home/ubuntu/Lustre-exp/kind2-benchmarks/FMCAD08/Int32/memory1/FIREFLY_luke_1a_e7_3042_e3_1213.lus,base,0.077,1,28,2,0,0,Not Found,timeout,2,290.145
/home/ubuntu/Lustre-exp/kind2-benchmarks/FMCAD08/Int32/memory1/FIREFLY_luke_1b.lus,base,Not Found,Not Found,Not Found,Not Found,Not Found,Not Found,Not Found,timeout,Not Found,290.113
/home/ubuntu/Lustre-exp/kind2-benchmarks/FMCAD08/Int32/memory1/FIREFLY_luke_1b_e1_1139_e1_1565.lus,base,242.812,1,33,3,0,0,Not Found,invalid,1,243.194
/home/ubuntu/Lustre-exp/kind2-benchmarks/FMCAD08/Int32/memory1/FIREFLY_luke_1b_e1_1139_e2_2893.lus,base,Not Found,Not Found,Not Found,Not Found,Not Found,Not Found,Not Found,timeout,Not Found,290.115
/home/ubuntu/Lustre-exp/kind2-benchmarks/FMCAD08/Int32/memory1/FIREFLY_luke_1b_e1_1139_e3_1839.lus,base,12.994,1,33,3,0,0,Not Found,invalid,1,13.365
/home/ubuntu/Lustre-exp/kind2-benchmarks/FMCAD08/Int32/memory1/FIREFLY_luke_1b_e1_1691.lus,base,121.952,1,33,3,0,0,Not Found,invalid,1,122.323
/home/ubuntu/Lustre-exp/kind2-benchmarks/FMCAD08/Int32/memory1/FIREFLY_luke_1b_e2_3049.lus,base,Not Found,Not Found,Not Found,Not Found,Not Found,Not Found,Not Found,timeout,Not Found,290.113
/home/ubuntu/Lustre-exp/kind2-benchmarks/FMCAD08/Int32/memory1/FIREFLY_luke_1b_e2_3049_e1_946.lus,base,Not Found,Not Found,Not Found,Not Found,Not Found,Not Found,Not Found,timeout,Not Found,290.114
/home/ubuntu/Lustre-exp/kind2-benchmarks/FMCAD08/Int32/memory1/FIREFLY_luke_1b_e2_3049_e2_698.lus,base,165.903,1,33,3,0,0,Not Found,invalid,1,166.279
/home/ubuntu/Lustre-exp/kind2-benchmarks/FMCAD08/Int32/memory1/FIREFLY_luke_1b_e2_3049_e3_2697.lus,base,180.294,1,29,3,0,0,Not Found,invalid,1,180.684
/home/ubuntu/Lustre-exp/kind2-benchmarks/FMCAD08/Int32/memory1/FIREFLY_luke_1b_e3_671.lus,base,18.437,1,24,2,0,0,Not Found,invalid,0,18.806
/home/ubuntu/Lustre-exp/kind2-benchmarks/FMCAD08/Int32/memory1/FIREFLY_luke_1b_e3_671_e1_725.lus,base,39.539,1,33,3,0,0,Not Found,invalid,1,39.918
/home/ubuntu/Lustre-exp/kind2-benchmarks/FMCAD08/Int32/memory1/FIREFLY_luke_1b_e3_671_e2_2131.lus,base,Not Found,Not Found,Not Found,Not Found,Not Found,Not Found,Not Found,timeout,Not Found,290.114
/home/ubuntu/Lustre-exp/kind2-benchmarks/FMCAD08/Int32/memory1/FIREFLY_luke_1b_e3_671_e3_941.lus,base,34.674,1,33,3,0,0,Not Found,invalid,1,35.051
/home/ubuntu/Lustre-exp/kind2-benchmarks/FMCAD08/Int32/memory1/FIREFLY_luke_1b_e3_671_e4_147.lus,base,8.028,1,26,2,0,0,Not Found,invalid,0,8.392
/home/ubuntu/Lustre-exp/kind2-benchmarks/FMCAD08/Int32/memory1/FIREFLY_luke_1b_e3_671_e5_1637.lus,base,Not Found,Not Found,Not Found,Not Found,Not Found,Not Found,Not Found,timeout,Not Found,290.113
/home/ubuntu/Lustre-exp/kind2-benchmarks/FMCAD08/Int32/memory1/FIREFLY_luke_1b_e3_671_e6_1974.lus,base,Not Found,Not Found,Not Found,Not Found,Not Found,Not Found,Not Found,timeout,Not Found,290.113
/home/ubuntu/Lustre-exp/kind2-benchmarks/FMCAD08/Int32/memory1/FIREFLY_luke_1b_e3_671_e7_1882.lus,base,0.021,0,2,0,0,0,Not Found,invalid,Not Found,0.38
/home/ubuntu/Lustre-exp/kind2-benchmarks/FMCAD08/Int32/memory1/FIREFLY_luke_1b_e7_2574.lus,base,0.02,0,2,0,0,0,Not Found,invalid,Not Found,0.39
/home/ubuntu/Lustre-exp/kind2-benchmarks/FMCAD08/Int32/memory1/FIREFLY_luke_1b_e7_3191_e1_1303.lus,base,0.019,0,2,0,0,0,Not Found,invalid,Not Found,0.379
/home/ubuntu/Lustre-exp/kind2-benchmarks/FMCAD08/Int32/memory1/FIREFLY_luke_1b_e7_3191_e2_1864.lus,base,0.019,0,2,0,0,0,Not Found,invalid,Not Found,0.379
/home/ubuntu/Lustre-exp/kind2-benchmarks/FMCAD08/Int32/memory1/FIREFLY_luke_1b_e7_3191_e7_2146.lus,base,0.019,0,2,0,0,0,Not Found,invalid,Not Found,0.379
/home/ubuntu/Lustre-exp/kind2-benchmarks/FMCAD08/Int32/memory1/FIREFLY_luke_2.lus,base,5.73,5,740,12,2,3,Not Found,valid,16 14 10 5,6.085
/home/ubuntu/Lustre-exp/kind2-benchmarks/FMCAD08/Int32/memory1/FIREFLY_luke_2_e2_1375_e1_418.lus,base,5.499,5,740,12,2,3,Not Found,valid,16 14 10 5,5.853
/home/ubuntu/Lustre-exp/kind2-benchmarks/FMCAD08/Int32/memory1/FIREFLY_luke_2_e7_1826_e8_126.lus,base,5.745,5,740,12,2,3,Not Found,valid,16 14 10 5,6.105
/home/ubuntu/Lustre-exp/kind2-benchmarks/FMCAD08/Int32/memory1/FIREFLY_luke_3.lus,base,201.262,4,1516,24,2,2,Not Found,timeout,25 22 17 8,290.115
/home/ubuntu/Lustre-exp/kind2-benchmarks/FMCAD08/Int32/memory1/FIREFLY_luke_3_e1_2217_e3_1200.lus,base,109.891,3,719,14,1,1,Not Found,timeout,21 16 8,290.114
/home/ubuntu/Lustre-exp/kind2-benchmarks/FMCAD08/Int32/memory1/FIREFLY_luke_4.lus,base,0.108,1,41,3,0,0,Not Found,timeout,3,290.144
/home/ubuntu/Lustre-exp/kind2-benchmarks/FMCAD08/Int32/memory1/FIREFLY_luke_4_e2_325.lus,base,0.063,1,26,2,0,0,Not Found,timeout,2,290.144
/home/ubuntu/Lustre-exp/kind2-benchmarks/FMCAD08/Int32/memory1/FIREFLY_luke_5.lus,base,Not Found,Not Found,Not Found,Not Found,Not Found,Not Found,Not Found,timeout,Not Found,290.115
/home/ubuntu/Lustre-exp/kind2-benchmarks/FMCAD08/Int32/memory1/FIREFLY_luke_rt.lus,base,Not Found,Not Found,Not Found,Not Found,Not Found,Not Found,Not Found,timeout,Not Found,290.113
/home/ubuntu/Lustre-exp/kind2-benchmarks/FMCAD08/Int32/memory1/FIREFLY_luke_rt_e1_913.lus,base,223.438,1,38,3,0,0,Not Found,invalid,1,223.804
/home/ubuntu/Lustre-exp/kind2-benchmarks/FMCAD08/Int32/memory1/FIREFLY_luke_rt_e1_913_e1_1993.lus,base,0.118,1,12,1,0,0,Not Found,invalid,0,0.492
/home/ubuntu/Lustre-exp/kind2-benchmarks/FMCAD08/Int32/memory1/FIREFLY_luke_rt_e1_913_e2_3353.lus,base,Not Found,Not Found,Not Found,Not Found,Not Found,Not Found,Not Found,timeout,Not Found,290.113
/home/ubuntu/Lustre-exp/kind2-benchmarks/FMCAD08/Int32/memory1/FIREFLY_luke_rt_e1_913_e3_2128.lus,base,45.213,1,25,2,0,0,Not Found,invalid,0,45.593
/home/ubuntu/Lustre-exp/kind2-benchmarks/FMCAD08/Int32/memory1/FIREFLY_luke_rt_e1_913_e7_1403.lus,base,0.022,0,2,0,0,0,Not Found,invalid,Not Found,0.392
/home/ubuntu/Lustre-exp/kind2-benchmarks/FMCAD08/Int32/memory1/FIREFLY_luke_rt_e2_3460.lus,base,1.154,1,38,3,0,0,Not Found,invalid,1,1.527
/home/ubuntu/Lustre-exp/kind2-benchmarks/FMCAD08/Int32/memory1/FIREFLY_luke_rt_e2_3460_e1_1455.lus,base,Not Found,Not Found,Not Found,Not Found,Not Found,Not Found,Not Found,timeout,Not Found,290.114
/home/ubuntu/Lustre-exp/kind2-benchmarks/FMCAD08/Int32/memory1/FIREFLY_luke_rt_e2_3460_e2_2670.lus,base,64.679,1,33,3,0,0,Not Found,invalid,1,65.05
/home/ubuntu/Lustre-exp/kind2-benchmarks/FMCAD08/Int32/memory1/FIREFLY_luke_rt_e2_3460_e3_1333.lus,base,12.123,1,38,3,0,0,Not Found,invalid,1,12.502
/home/ubuntu/Lustre-exp/kind2-benchmarks/FMCAD08/Int32/memory1/FIREFLY_luke_rt_e2_3460_e7_471.lus,base,0.021,0,2,0,0,0,Not Found,invalid,Not Found,0.382
/home/ubuntu/Lustre-exp/kind2-benchmarks/FMCAD08/Int32/memory1/FIREFLY_luke_rt_e3_1549.lus,base,20.546,1,31,2,0,0,Not Found,invalid,0,20.93
/home/ubuntu/Lustre-exp/kind2-benchmarks/FMCAD08/Int32/memory1/FIREFLY_rt.lus,base,0.718,2,296,10,2,0,Not Found,timeout,12 7,290.137
/home/ubuntu/Lustre-exp/kind2-benchmarks/FMCAD08/Int32/memory1/FIREFLY_rt_e3_1770_e2_637.lus,base,177.891,3,5403,97,3,0,Not Found,timeout,94 92 19,179.754
/home/ubuntu/Lustre-exp/kind2-benchmarks/FMCAD08/Int32/memory1/FIREFLY_u1.lus,base,8.689,5,910,14,2,3,Not Found,valid,19 17 12 7,9.038
/home/ubuntu/Lustre-exp/kind2-benchmarks/FMCAD08/Int32/memory1/FIREFLY_u1_e2_3403_e2_957.lus,base,8.055,3,600,10,1,0,Not Found,timeout,13 9 4,290.159
/home/ubuntu/Lustre-exp/kind2-benchmarks/FMCAD08/Int32/memory1/FIREFLY_u1_e7_3318.lus,base,0.059,1,12,1,0,0,Not Found,invalid,0,0.428
/home/ubuntu/Lustre-exp/kind2-benchmarks/FMCAD08/Int32/memory2/ILLINOIS_1.lus,base,0.205,3,93,3,0,0,Not Found,valid,1 0,0.554
/home/ubuntu/Lustre-exp/kind2-benchmarks/FMCAD08/Int32/memory2/ILLINOIS_2.lus,base,Not Found,Not Found,Not Found,Not Found,Not Found,Not Found,Not Found,timeout,Not Found,290.113
/home/ubuntu/Lustre-exp/kind2-benchmarks/FMCAD08/Int32/memory2/ILLINOIS_2_e1_834.lus,base,0.024,0,2,0,0,0,Not Found,invalid,Not Found,0.393
/home/ubuntu/Lustre-exp/kind2-benchmarks/FMCAD08/Int32/memory2/ILLINOIS_2_e1_834_e1_1895.lus,base,0.026,0,2,0,0,0,Not Found,invalid,Not Found,0.395
/home/ubuntu/Lustre-exp/kind2-benchmarks/FMCAD08/Int32/memory2/ILLINOIS_2_e1_834_e2_3395.lus,base,Not Found,Not Found,Not Found,Not Found,Not Found,Not Found,Not Found,timeout,Not Found,290.114
/home/ubuntu/Lustre-exp/kind2-benchmarks/FMCAD08/Int32/memory2/ILLINOIS_2_e1_834_e3_2931.lus,base,0.025,0,2,0,0,0,Not Found,invalid,Not Found,0.393
/home/ubuntu/Lustre-exp/kind2-benchmarks/FMCAD08/Int32/memory2/ILLINOIS_2_e1_834_e7_3738.lus,base,0.024,0,2,0,0,0,Not Found,invalid,Not Found,0.391
/home/ubuntu/Lustre-exp/kind2-benchmarks/FMCAD08/Int32/memory2/ILLINOIS_2_e2_2367_e1_3182.lus,base,Not Found,Not Found,Not Found,Not Found,Not Found,Not Found,Not Found,timeout,Not Found,290.114
/home/ubuntu/Lustre-exp/kind2-benchmarks/FMCAD08/Int32/memory2/ILLINOIS_2_e2_2367_e2_1561.lus,base,0.024,0,2,0,0,0,Not Found,invalid,Not Found,0.406
/home/ubuntu/Lustre-exp/kind2-benchmarks/FMCAD08/Int32/memory2/ILLINOIS_2_e2_2367_e3_1601.lus,base,0.025,0,2,0,0,0,Not Found,invalid,Not Found,0.391
/home/ubuntu/Lustre-exp/kind2-benchmarks/FMCAD08/Int32/memory2/ILLINOIS_2_e2_2367_e7_2728.lus,base,0.024,0,2,0,0,0,Not Found,invalid,Not Found,0.393
/home/ubuntu/Lustre-exp/kind2-benchmarks/FMCAD08/Int32/memory2/ILLINOIS_2_e2_876.lus,base,0.023,0,2,0,0,0,Not Found,invalid,Not Found,0.391
/home/ubuntu/Lustre-exp/kind2-benchmarks/FMCAD08/Int32/memory2/ILLINOIS_3.lus,base,Not Found,Not Found,Not Found,Not Found,Not Found,Not Found,Not Found,timeout,Not Found,290.113
/home/ubuntu/Lustre-exp/kind2-benchmarks/FMCAD08/Int32/memory2/ILLINOIS_3_e3_2581.lus,base,0.026,0,2,0,0,0,Not Found,invalid,Not Found,0.402
/home/ubuntu/Lustre-exp/kind2-benchmarks/FMCAD08/Int32/memory2/ILLINOIS_3_e3_2581_e1_1130.lus,base,0.014,0,1,0,0,0,Not Found,invalid,Not Found,0.38
/home/ubuntu/Lustre-exp/kind2-benchmarks/FMCAD08/Int32/memory2/ILLINOIS_3_e3_2581_e2_2545.lus,base,0.015,0,1,0,0,0,Not Found,invalid,Not Found,0.377
/home/ubuntu/Lustre-exp/kind2-benchmarks/FMCAD08/Int32/memory2/ILLINOIS_3_e3_2581_e3_979.lus,base,0.027,0,2,0,0,0,Not Found,invalid,Not Found,0.393
/home/ubuntu/Lustre-exp/kind2-benchmarks/FMCAD08/Int32/memory2/ILLINOIS_3_e3_2581_e4_958.lus,base,0.014,0,1,0,0,0,Not Found,invalid,Not Found,0.379
/home/ubuntu/Lustre-exp/kind2-benchmarks/FMCAD08/Int32/memory2/ILLINOIS_3_e3_2581_e5_4006.lus,base,0.015,0,1,0,0,0,Not Found,invalid,Not Found,0.381
/home/ubuntu/Lustre-exp/kind2-benchmarks/FMCAD08/Int32/memory2/ILLINOIS_3_e3_2581_e7_3447.lus,base,0.026,0,2,0,0,0,Not Found,invalid,Not Found,0.404
/home/ubuntu/Lustre-exp/kind2-benchmarks/FMCAD08/Int32/memory2/ILLINOIS_4.lus,base,0.072,1,27,2,0,0,Not Found,timeout,2,290.147
/home/ubuntu/Lustre-exp/kind2-benchmarks/FMCAD08/Int32/memory2/ILLINOIS_4_e7_2651_e7_2847.lus,base,0.07,1,23,2,0,0,Not Found,timeout,2,290.127
/home/ubuntu/Lustre-exp/kind2-benchmarks/FMCAD08/Int32/memory2/ILLINOIS_5.lus,base,0.082,2,37,2,0,0,Not Found,valid,2,0.432
/home/ubuntu/Lustre-exp/kind2-benchmarks/FMCAD08/Int32/memory2/ILLINOIS_5_e7_692_e7_2865.lus,base,0.094,2,37,2,0,0,Not Found,valid,2,0.445
/home/ubuntu/Lustre-exp/kind2-benchmarks/FMCAD08/Int32/memory2/ILLINOIS_a1.lus,base,3.088,4,528,12,3,1,Not Found,valid,13 9 4,3.453
/home/ubuntu/Lustre-exp/kind2-benchmarks/FMCAD08/Int32/memory2/ILLINOIS_all.lus,base,Not Found,Not Found,Not Found,Not Found,Not Found,Not Found,Not Found,timeout,Not Found,290.113
/home/ubuntu/Lustre-exp/kind2-benchmarks/FMCAD08/Int32/memory2/ILLINOIS_r4a.lus,base,208.785,4,1258,19,2,1,Not Found,timeout,19 15 11 5,265.226
/home/ubuntu/Lustre-exp/kind2-benchmarks/FMCAD08/Int32/memory2/MESI_1.lus,base,0.208,4,157,2,0,0,Not Found,valid,2 1 0,0.545
/home/ubuntu/Lustre-exp/kind2-benchmarks/FMCAD08/Int32/memory2/MESI_1_e2_162_e7_1545.lus,base,0.773,4,274,5,1,0,Not Found,valid,5 4 2,1.11
/home/ubuntu/Lustre-exp/kind2-benchmarks/FMCAD08/Int32/memory2/MESI_2.lus,base,0.037,2,27,1,0,0,Not Found,valid,1,0.375
/home/ubuntu/Lustre-exp/kind2-benchmarks/FMCAD08/Int32/memory2/MESI_3.lus,base,285.95,1,193,11,0,0,Not Found,timeout,11,290.115
/home/ubuntu/Lustre-exp/kind2-benchmarks/FMCAD08/Int32/memory2/MESI_3_e1_2517_e8_2163.lus,base,32.618,1,142,9,0,0,Not Found,timeout,9,290.114
/home/ubuntu/Lustre-exp/kind2-benchmarks/FMCAD08/Int32/memory2/MESI_3_e2_819.lus,base,0.02,0,2,0,0,0,Not Found,invalid,Not Found,0.366
/home/ubuntu/Lustre-exp/kind2-benchmarks/FMCAD08/Int32/memory2/MESI_3_e2_819_e1_1145.lus,base,241.753,1,160,10,0,0,Not Found,timeout,10,290.114
/home/ubuntu/Lustre-exp/kind2-benchmarks/FMCAD08/Int32/memory2/MESI_3_e2_819_e2_562.lus,base,0.021,0,2,0,0,0,Not Found,invalid,Not Found,0.368
/home/ubuntu/Lustre-exp/kind2-benchmarks/FMCAD08/Int32/memory2/MESI_3_e2_819_e3_2698.lus,base,0.022,0,2,0,0,0,Not Found,invalid,Not Found,0.368
/home/ubuntu/Lustre-exp/kind2-benchmarks/FMCAD08/Int32/memory2/MESI_3_e2_819_e4_1595.lus,base,235.11,1,160,10,0,0,Not Found,timeout,10,290.114
/home/ubuntu/Lustre-exp/kind2-benchmarks/FMCAD08/Int32/memory2/MESI_3_e2_819_e5_2554.lus,base,0.022,0,2,0,0,0,Not Found,invalid,Not Found,0.379
/home/ubuntu/Lustre-exp/kind2-benchmarks/FMCAD08/Int32/memory2/MESI_3_e2_819_e6_1459.lus,base,44.118,1,141,9,0,0,Not Found,timeout,9,290.115
/home/ubuntu/Lustre-exp/kind2-benchmarks/FMCAD08/Int32/memory2/MESI_3_e2_819_e7_1665.lus,base,0.021,0,2,0,0,0,Not Found,invalid,Not Found,0.38
/home/ubuntu/Lustre-exp/kind2-benchmarks/FMCAD08/Int32/memory2/MESI_3_e2_819_e8_1896.lus,base,0.023,0,2,0,0,0,Not Found,invalid,Not Found,0.376
/home/ubuntu/Lustre-exp/kind2-benchmarks/FMCAD08/Int32/memory2/MESI_3_e3_2669.lus,base,101.988,1,130,9,0,0,Not Found,timeout,9,290.113
/home/ubuntu/Lustre-exp/kind2-benchmarks/FMCAD08/Int32/memory2/MESI_4.lus,base,0.177,4,148,2,0,0,Not Found,valid,2 1 0,0.517
/home/ubuntu/Lustre-exp/kind2-benchmarks/FMCAD08/Int32/memory2/MESI_4_e7_1140_e7_433.lus,base,24.146,8,1227,9,2,0,Not Found,valid,7 6 5 4 3 2 1,24.515
/home/ubuntu/Lustre-exp/kind2-benchmarks/FMCAD08/Int32/memory2/MESI_all.lus,base,0.261,4,209,4,0,0,Not Found,valid,3 2 0,0.609
/home/ubuntu/Lustre-exp/kind2-benchmarks/FMCAD08/Int32/memory2/MESI_all_e4_1147_e7_497.lus,base,273.296,8,2368,21,1,0,Not Found,timeout,18 17 16 15 14 13 12 11,290.136
/home/ubuntu/Lustre-exp/kind2-benchmarks/FMCAD08/Int32/memory2/MESI_i1.lus,base,0.016,0,2,0,0,0,Not Found,invalid,Not Found,0.362
/home/ubuntu/Lustre-exp/kind2-benchmarks/FMCAD08/Int32/memory2/MESI_i1_e2_1758_e8_12.lus,base,0.017,0,2,0,0,0,Not Found,invalid,Not Found,0.363
/home/ubuntu/Lustre-exp/kind2-benchmarks/FMCAD08/Int32/memory2/MESI_i1_e2_2656.lus,base,0.016,0,2,0,0,0,Not Found,invalid,Not Found,0.362
/home/ubuntu/Lustre-exp/kind2-benchmarks/FMCAD08/Int32/memory2/MESI_i1_e3_2145.lus,base,0.017,0,2,0,0,0,Not Found,invalid,Not Found,0.362
/home/ubuntu/Lustre-exp/kind2-benchmarks/FMCAD08/Int32/memory2/MESI_i1_e3_2145_e1_2667.lus,base,0.017,0,2,0,0,0,Not Found,invalid,Not Found,0.363
/home/ubuntu/Lustre-exp/kind2-benchmarks/FMCAD08/Int32/memory2/MESI_i1_e3_2145_e2_2228.lus,base,0.017,0,2,0,0,0,Not Found,invalid,Not Found,0.362
/home/ubuntu/Lustre-exp/kind2-benchmarks/FMCAD08/Int32/memory2/MESI_i1_e3_2145_e3_977.lus,base,0.018,0,2,0,0,0,Not Found,invalid,Not Found,0.363
/home/ubuntu/Lustre-exp/kind2-benchmarks/FMCAD08/Int32/memory2/MESI_i1_e3_2145_e4_1717.lus,base,0.016,0,2,0,0,0,Not Found,invalid,Not Found,0.362
/home/ubuntu/Lustre-exp/kind2-benchmarks/FMCAD08/Int32/memory2/MESI_i1_e3_2145_e5_2391.lus,base,0.017,0,2,0,0,0,Not Found,invalid,Not Found,0.362
/home/ubuntu/Lustre-exp/kind2-benchmarks/FMCAD08/Int32/memory2/MESI_i1_e3_2145_e7_1847.lus,base,0.016,0,2,0,0,0,Not Found,invalid,Not Found,0.362
/home/ubuntu/Lustre-exp/kind2-benchmarks/FMCAD08/Int32/memory2/MESI_i1_e3_2145_e8_2325.lus,base,0.017,0,2,0,0,0,Not Found,invalid,Not Found,0.362
/home/ubuntu/Lustre-exp/kind2-benchmarks/FMCAD08/Int32/memory2/MESI_i1_e4_1986.lus,base,0.015,0,2,0,0,0,Not Found,invalid,Not Found,0.363
/home/ubuntu/Lustre-exp/kind2-benchmarks/FMCAD08/Int32/memory2/MESI_i1_e4_1986_e1_1519.lus,base,0.72,1,25,2,0,0,Not Found,invalid,0,1.07
/home/ubuntu/Lustre-exp/kind2-benchmarks/FMCAD08/Int32/memory2/MESI_i2.lus,base,0.051,1,22,2,0,0,Not Found,invalid,0,0.391
/home/ubuntu/Lustre-exp/kind2-benchmarks/FMCAD08/Int32/memory2/MESI_i3.lus,base,0.014,0,2,0,0,0,Not Found,invalid,Not Found,0.362
/home/ubuntu/Lustre-exp/kind2-benchmarks/FMCAD08/Int32/memory2/MESI_i3_e1_447.lus,base,2.185,2,57,4,1,0,Not Found,invalid,2 1,2.532
/home/ubuntu/Lustre-exp/kind2-benchmarks/FMCAD08/Int32/memory2/MESI_i3_e1_447_e1_1292.lus,base,0.26,1,30,2,0,0,Not Found,timeout,2,290.113
/home/ubuntu/Lustre-exp/kind2-benchmarks/FMCAD08/Int32/memory2/MESI_i3_e1_447_e2_1098.lus,base,0.015,0,2,0,0,0,Not Found,invalid,Not Found,0.362
/home/ubuntu/Lustre-exp/kind2-benchmarks/FMCAD08/Int32/memory2/MESI_i3_e1_447_e3_1180.lus,base,5.837,2,41,2,0,0,Not Found,valid,2,6.175
/home/ubuntu/Lustre-exp/kind2-benchmarks/FMCAD08/Int32/memory2/MESI_i3_e1_447_e5_2444.lus,base,0.018,0,2,0,0,0,Not Found,invalid,Not Found,0.361
/home/ubuntu/Lustre-exp/kind2-benchmarks/FMCAD08/Int32/memory2/MESI_i3_e1_447_e6_2281.lus,base,0.236,1,30,2,0,0,Not Found,timeout,2,290.113
/home/ubuntu/Lustre-exp/kind2-benchmarks/FMCAD08/Int32/memory2/MESI_i3_e1_447_e7_2194.lus,base,1.337,2,53,4,1,0,Not Found,invalid,2 1,1.694
/home/ubuntu/Lustre-exp/kind2-benchmarks/FMCAD08/Int32/memory2/MESI_i4.lus,base,38.167,2,82,5,1,0,Not Found,invalid,4 2,38.522
/home/ubuntu/Lustre-exp/kind2-benchmarks/FMCAD08/Int32/memory2/MESI_i4_e4_1689.lus,base,8.213,2,71,5,1,0,Not Found,invalid,2 1,8.565
/home/ubuntu/Lustre-exp/kind2-benchmarks/FMCAD08/Int32/memory2/MESI_i4_e6_2175.lus,base,0.776,1,28,2,0,0,Not Found,timeout,2,290.114
/home/ubuntu/Lustre-exp/kind2-benchmarks/FMCAD08/Int32/memory2/MESI_i4_e7_1017_e6_1132.lus,base,0.437,1,26,2,0,0,Not Found,timeout,2,290.113
/home/ubuntu/Lustre-exp/kind2-benchmarks/FMCAD08/Int32/memory2/MESI_i4_e8_1381_e1_1837.lus,base,0.718,1,36,3,0,0,Not Found,timeout,3,290.115
/home/ubuntu/Lustre-exp/kind2-benchmarks/FMCAD08/Int32/memory2/MESI_i4_e8_1381_e4_313.lus,base,0.701,1,36,3,0,0,Not Found,timeout,3,290.112
/home/ubuntu/Lustre-exp/kind2-benchmarks/FMCAD08/Int32/memory2/MOESI_1.lus,base,0.049,2,23,1,0,0,Not Found,valid,1,0.386
/home/ubuntu/Lustre-exp/kind2-benchmarks/FMCAD08/Int32/memory2/MOESI_1_e2_982_e7_492.lus,base,0.146,2,34,2,0,0,Not Found,valid,2,0.486
/home/ubuntu/Lustre-exp/kind2-benchmarks/FMCAD08/Int32/memory2/MOESI_1_e3_1884_e7_1875.lus,base,0.08,2,36,2,0,0,Not Found,valid,2,0.426
/home/ubuntu/Lustre-exp/kind2-benchmarks/FMCAD08/Int32/memory2/MOESI_2.lus,base,Not Found,Not Found,Not Found,Not Found,Not Found,Not Found,Not Found,timeout,Not Found,290.114
/home/ubuntu/Lustre-exp/kind2-benchmarks/FMCAD08/Int32/memory2/MOESI_2_e1_1753.lus,base,Not Found,Not Found,Not Found,Not Found,Not Found,Not Found,Not Found,timeout,Not Found,290.113
/home/ubuntu/Lustre-exp/kind2-benchmarks/FMCAD08/Int32/memory2/MOESI_2_e1_1753_e1_1510.lus,base,0.043,0,2,0,0,0,Not Found,invalid,Not Found,0.408
/home/ubuntu/Lustre-exp/kind2-benchmarks/FMCAD08/Int32/memory2/MOESI_2_e1_1753_e2_615.lus,base,0.019,0,2,0,0,0,Not Found,invalid,Not Found,0.367
/home/ubuntu/Lustre-exp/kind2-benchmarks/FMCAD08/Int32/memory2/MOESI_2_e1_1753_e3_2021.lus,base,11.452,1,24,2,0,0,Not Found,invalid,0,11.809
/home/ubuntu/Lustre-exp/kind2-benchmarks/FMCAD08/Int32/memory2/MOESI_2_e2_155.lus,base,Not Found,Not Found,Not Found,Not Found,Not Found,Not Found,Not Found,timeout,Not Found,290.114
/home/ubuntu/Lustre-exp/kind2-benchmarks/FMCAD08/Int32/memory2/MOESI_2_e2_1599_e1_2383.lus,base,0.059,0,2,0,0,0,Not Found,invalid,Not Found,0.408
/home/ubuntu/Lustre-exp/kind2-benchmarks/FMCAD08/Int32/memory2/MOESI_2_e2_1599_e2_1815.lus,base,0.02,0,2,0,0,0,Not Found,invalid,Not Found,0.379
/home/ubuntu/Lustre-exp/kind2-benchmarks/FMCAD08/Int32/memory2/MOESI_2_e2_1599_e3_1658.lus,base,0.125,1,12,1,0,0,Not Found,invalid,0,0.472
/home/ubuntu/Lustre-exp/kind2-benchmarks/FMCAD08/Int32/memory2/MOESI_2_e2_1599_e8_1334.lus,base,Not Found,Not Found,Not Found,Not Found,Not Found,Not Found,Not Found,timeout,Not Found,290.113
/home/ubuntu/Lustre-exp/kind2-benchmarks/FMCAD08/Int32/memory2/MOESI_2_e3_929.lus,base,Not Found,Not Found,Not Found,Not Found,Not Found,Not Found,Not Found,timeout,Not Found,290.114
/home/ubuntu/Lustre-exp/kind2-benchmarks/FMCAD08/Int32/memory2/MOESI_2_e3_929_e1_2319.lus,base,0.044,0,2,0,0,0,Not Found,invalid,Not Found,0.398
/home/ubuntu/Lustre-exp/kind2-benchmarks/FMCAD08/Int32/memory2/MOESI_2_e3_929_e2_2421.lus,base,0.019,0,2,0,0,0,Not Found,invalid,Not Found,0.367
/home/ubuntu/Lustre-exp/kind2-benchmarks/FMCAD08/Int32/memory2/MOESI_2_e3_929_e3_2294.lus,base,0.487,1,24,2,0,0,Not Found,invalid,0,0.844
/home/ubuntu/Lustre-exp/kind2-benchmarks/FMCAD08/Int32/memory2/MOESI_2_e3_929_e4_578.lus,base,Not Found,Not Found,Not Found,Not Found,Not Found,Not Found,Not Found,timeout,Not Found,290.113
/home/ubuntu/Lustre-exp/kind2-benchmarks/FMCAD08/Int32/memory2/MOESI_2_e3_929_e5_1826.lus,base,Not Found,Not Found,Not Found,Not Found,Not Found,Not Found,Not Found,timeout,Not Found,290.116
/home/ubuntu/Lustre-exp/kind2-benchmarks/FMCAD08/Int32/memory2/MOESI_2_e3_929_e6_2707.lus,base,Not Found,Not Found,Not Found,Not Found,Not Found,Not Found,Not Found,timeout,Not Found,290.112
/home/ubuntu/Lustre-exp/kind2-benchmarks/FMCAD08/Int32/memory2/MOESI_2_e3_929_e7_619.lus,base,0.024,0,2,0,0,0,Not Found,invalid,Not Found,0.388
/home/ubuntu/Lustre-exp/kind2-benchmarks/FMCAD08/Int32/memory2/MOESI_2_e3_929_e8_1167.lus,base,Not Found,Not Found,Not Found,Not Found,Not Found,Not Found,Not Found,timeout,Not Found,290.113
/home/ubuntu/Lustre-exp/kind2-benchmarks/FMCAD08/Int32/memory2/MOESI_2_e7_2607.lus,base,0.025,0,2,0,0,0,Not Found,invalid,Not Found,0.376
/home/ubuntu/Lustre-exp/kind2-benchmarks/FMCAD08/Int32/memory2/MOESI_2_e7_2910_e1_1021.lus,base,0.019,0,2,0,0,0,Not Found,invalid,Not Found,0.367
/home/ubuntu/Lustre-exp/kind2-benchmarks/FMCAD08/Int32/memory2/MOESI_2_e7_2910_e2_611.lus,base,0.025,0,2,0,0,0,Not Found,invalid,Not Found,0.376
/home/ubuntu/Lustre-exp/kind2-benchmarks/FMCAD08/Int32/memory2/MOESI_2_e7_2910_e7_1804.lus,base,0.018,0,2,0,0,0,Not Found,invalid,Not Found,0.375
/home/ubuntu/Lustre-exp/kind2-benchmarks/FMCAD08/Int32/memory2/MOESI_2_e8_101.lus,base,Not Found,Not Found,Not Found,Not Found,Not Found,Not Found,Not Found,timeout,Not Found,290.113
/home/ubuntu/Lustre-exp/kind2-benchmarks/FMCAD08/Int32/memory2/MOESI_2_e8_926_e1_1065.lus,base,Not Found,Not Found,Not Found,Not Found,Not Found,Not Found,Not Found,timeout,Not Found,290.113
/home/ubuntu/Lustre-exp/kind2-benchmarks/FMCAD08/Int32/memory2/MOESI_2_e8_926_e7_961.lus,base,0.019,0,2,0,0,0,Not Found,invalid,Not Found,0.378
/home/ubuntu/Lustre-exp/kind2-benchmarks/FMCAD08/Int32/memory2/MOESI_2_e8_926_e8_2138.lus,base,Not Found,Not Found,Not Found,Not Found,Not Found,Not Found,Not Found,timeout,Not Found,290.113
/home/ubuntu/Lustre-exp/kind2-benchmarks/FMCAD08/Int32/memory2/MOESI_all.lus,base,Not Found,Not Found,Not Found,Not Found,Not Found,Not Found,Not Found,timeout,Not Found,290.113
/home/ubuntu/Lustre-exp/kind2-benchmarks/FMCAD08/Int32/memory2/MOESI_all_e3_2032_e3_2788.lus,base,0.914,1,36,3,0,0,Not Found,invalid,1,1.278
/home/ubuntu/Lustre-exp/kind2-benchmarks/FMCAD08/Int32/memory2/SYNAPSE_1.lus,base,0.033,2,28,1,0,0,Not Found,valid,1,0.382
/home/ubuntu/Lustre-exp/kind2-benchmarks/FMCAD08/Int32/memory2/SYNAPSE_123.lus,base,226.144,2,62,3,0,0,Not Found,valid,3,226.485
/home/ubuntu/Lustre-exp/kind2-benchmarks/FMCAD08/Int32/memory2/SYNAPSE_123_e2_1653.lus,base,0.028,0,2,0,0,0,Not Found,invalid,Not Found,0.376
/home/ubuntu/Lustre-exp/kind2-benchmarks/FMCAD08/Int32/memory2/SYNAPSE_123_e3_302.lus,base,0.252,1,22,2,0,0,Not Found,invalid,0,0.603
/home/ubuntu/Lustre-exp/kind2-benchmarks/FMCAD08/Int32/memory2/SYNAPSE_123_e3_302_e1_1141.lus,base,8.643,1,53,4,0,0,Not Found,invalid,2,9.008
/home/ubuntu/Lustre-exp/kind2-benchmarks/FMCAD08/Int32/memory2/SYNAPSE_123_e7_837_e2_1394.lus,base,0.028,0,2,0,0,0,Not Found,invalid,Not Found,0.375
/home/ubuntu/Lustre-exp/kind2-benchmarks/FMCAD08/Int32/memory2/SYNAPSE_123_e7_837_e3_135.lus,base,0.239,1,20,2,0,0,Not Found,invalid,0,0.591
/home/ubuntu/Lustre-exp/kind2-benchmarks/FMCAD08/Int32/memory2/SYNAPSE_123_e7_837_e7_1262.lus,base,203.009,2,57,3,0,0,Not Found,valid,3,203.344
/home/ubuntu/Lustre-exp/kind2-benchmarks/FMCAD08/Int32/memory2/SYNAPSE_123_e7_856.lus,base,195.787,2,51,3,0,0,Not Found,valid,3,196.124
/home/ubuntu/Lustre-exp/kind2-benchmarks/FMCAD08/Int32/memory2/SYNAPSE_123_e8_953.lus,base,139.316,2,62,3,0,0,Not Found,valid,3,139.662
/home/ubuntu/Lustre-exp/kind2-benchmarks/FMCAD08/Int32/memory2/SYNAPSE_123_e8_953_e1_1128.lus,base,0.015,0,2,0,0,0,Not Found,invalid,Not Found,0.377
/home/ubuntu/Lustre-exp/kind2-benchmarks/FMCAD08/Int32/memory2/SYNAPSE_123_e8_953_e2_458.lus,base,0.017,0,2,0,0,0,Not Found,invalid,Not Found,0.366
/home/ubuntu/Lustre-exp/kind2-benchmarks/FMCAD08/Int32/memory2/SYNAPSE_123_e8_953_e3_271.lus,base,9.508,1,53,4,0,0,Not Found,invalid,2,9.875
/home/ubuntu/Lustre-exp/kind2-benchmarks/FMCAD08/Int32/memory2/SYNAPSE_123_e8_953_e7_1465.lus,base,95.382,1,40,3,0,0,Not Found,timeout,3,290.113
/home/ubuntu/Lustre-exp/kind2-benchmarks/FMCAD08/Int32/memory2/SYNAPSE_123_e8_953_e8_941.lus,base,185.76,2,62,3,0,0,Not Found,valid,3,186.099
/home/ubuntu/Lustre-exp/kind2-benchmarks/FMCAD08/Int32/memory2/SYNAPSE_2.lus,base,45.739,2,29,1,0,0,Not Found,valid,1,46.081
/home/ubuntu/Lustre-exp/kind2-benchmarks/FMCAD08/Int32/memory2/SYNAPSE_2_e1_1239.lus,base,0.014,0,2,0,0,0,Not Found,invalid,Not Found,0.359
/home/ubuntu/Lustre-exp/kind2-benchmarks/FMCAD08/Int32/memory2/SYNAPSE_2_e1_1239_e1_1331.lus,base,0.013,0,2,0,0,0,Not Found,invalid,Not Found,0.369
/home/ubuntu/Lustre-exp/kind2-benchmarks/FMCAD08/Int32/memory2/SYNAPSE_2_e1_1239_e2_74.lus,base,0.013,0,2,0,0,0,Not Found,invalid,Not Found,0.359
/home/ubuntu/Lustre-exp/kind2-benchmarks/FMCAD08/Int32/memory2/SYNAPSE_2_e3_216.lus,base,0.445,1,22,2,0,0,Not Found,invalid,0,0.795
/home/ubuntu/Lustre-exp/kind2-benchmarks/FMCAD08/Int32/memory2/SYNAPSE_2_e8_1118_e1_667.lus,base,0.013,0,2,0,0,0,Not Found,invalid,Not Found,0.37
/home/ubuntu/Lustre-exp/kind2-benchmarks/FMCAD08/Int32/memory2/SYNAPSE_2_e8_1118_e2_237.lus,base,0.014,0,2,0,0,0,Not Found,invalid,Not Found,0.359
/home/ubuntu/Lustre-exp/kind2-benchmarks/FMCAD08/Int32/memory2/SYNAPSE_2_e8_1118_e3_1216.lus,base,3.052,1,24,2,0,0,Not Found,invalid,0,3.406
/home/ubuntu/Lustre-exp/kind2-benchmarks/FMCAD08/Int32/memory2/SYNAPSE_2_e8_1118_e7_1043.lus,base,19.675,2,30,1,0,0,Not Found,valid,1,20.011
/home/ubuntu/Lustre-exp/kind2-benchmarks/FMCAD08/Int32/memory2/SYNAPSE_2_e8_1118_e8_1177.lus,base,16.628,2,29,1,0,0,Not Found,valid,1,16.961
/home/ubuntu/Lustre-exp/kind2-benchmarks/FMCAD08/Int32/memory2/SYNAPSE_2_e8_656.lus,base,20.47,2,29,1,0,0,Not Found,valid,1,20.799
/home/ubuntu/Lustre-exp/kind2-benchmarks/FMCAD08/Int32/memory2/SYNAPSE_3.lus,base,155.314,2,29,1,0,0,Not Found,valid,1,155.656
/home/ubuntu/Lustre-exp/kind2-benchmarks/FMCAD08/Int32/memory2/SYNAPSE_3_e1_1416.lus,base,0.014,0,2,0,0,0,Not Found,invalid,Not Found,0.362
/home/ubuntu/Lustre-exp/kind2-benchmarks/FMCAD08/Int32/memory2/SYNAPSE_3_e1_1416_e1_1675.lus,base,0.014,0,2,0,0,0,Not Found,invalid,Not Found,0.362
/home/ubuntu/Lustre-exp/kind2-benchmarks/FMCAD08/Int32/memory2/SYNAPSE_3_e1_1416_e2_753.lus,base,0.014,0,2,0,0,0,Not Found,invalid,Not Found,0.361
/home/ubuntu/Lustre-exp/kind2-benchmarks/FMCAD08/Int32/memory2/SYNAPSE_3_e1_1416_e3_1191.lus,base,0.016,0,2,0,0,0,Not Found,invalid,Not Found,0.361
/home/ubuntu/Lustre-exp/kind2-benchmarks/FMCAD08/Int32/memory2/SYNAPSE_3_e1_1416_e7_193.lus,base,0.024,0,2,0,0,0,Not Found,invalid,Not Found,0.371
/home/ubuntu/Lustre-exp/kind2-benchmarks/FMCAD08/Int32/memory2/SYNAPSE_3_e3_1041.lus,base,0.099,1,12,1,0,0,Not Found,invalid,0,0.456
/home/ubuntu/Lustre-exp/kind2-benchmarks/FMCAD08/Int32/memory2/SYNAPSE_3_e7_1444_e7_638.lus,base,39.78,2,29,1,0,0,Not Found,valid,1,40.117
/home/ubuntu/Lustre-exp/kind2-benchmarks/FMCAD08/Int32/memory2/SYNAPSE_3_e7_425.lus,base,43.894,2,29,1,0,0,Not Found,valid,1,44.229
/home/ubuntu/Lustre-exp/kind2-benchmarks/FMCAD08/Int32/memory2/SYNAPSE_3_e8_1329_e1_1270.lus,base,0.015,0,2,0,0,0,Not Found,invalid,Not Found,0.371
/home/ubuntu/Lustre-exp/kind2-benchmarks/FMCAD08/Int32/memory2/SYNAPSE_3_e8_1329_e2_236.lus,base,0.014,0,2,0,0,0,Not Found,invalid,Not Found,0.362
/home/ubuntu/Lustre-exp/kind2-benchmarks/FMCAD08/Int32/memory2/SYNAPSE_3_e8_1329_e3_421.lus,base,0.282,1,24,2,0,0,Not Found,invalid,0,0.637
/home/ubuntu/Lustre-exp/kind2-benchmarks/FMCAD08/Int32/memory2/SYNAPSE_3_e8_1329_e7_1062.lus,base,21.518,2,25,1,0,0,Not Found,valid,1,21.855
/home/ubuntu/Lustre-exp/kind2-benchmarks/FMCAD08/Int32/memory2/SYNAPSE_3_e8_1329_e8_320.lus,base,25.845,2,29,1,0,0,Not Found,valid,1,26.189
/home/ubuntu/Lustre-exp/kind2-benchmarks/FMCAD08/Int32/memory2/SYNAPSE_3_e8_1708.lus,base,27.2,2,29,1,0,0,Not Found,valid,1,27.551
/home/ubuntu/Lustre-exp/kind2-benchmarks/FMCAD08/Int32/memory2/SYNAPSE_4.lus,base,0.039,2,31,1,0,0,Not Found,valid,1,0.373
/home/ubuntu/Lustre-exp/kind2-benchmarks/FMCAD08/Int32/memory2/SYNAPSE_4_e8_420_e7_572.lus,base,0.039,2,27,1,0,0,Not Found,valid,1,0.372
/home/ubuntu/Lustre-exp/kind2-benchmarks/FMCAD08/Int32/memory2/SYNAPSE_4_e8_420_e8_1525.lus,base,0.042,2,31,1,0,0,Not Found,valid,1,0.383
/home/ubuntu/Lustre-exp/kind2-benchmarks/FMCAD08/Int32/memory2/SYNAPSE_4_e8_974.lus,base,0.04,2,31,1,0,0,Not Found,valid,1,0.373
/home/ubuntu/Lustre-exp/kind2-benchmarks/FMCAD08/Int32/memory2/SYNAPSE_5.lus,base,0.189,1,43,3,0,0,Not Found,timeout,3,290.114
/home/ubuntu/Lustre-exp/kind2-benchmarks/FMCAD08/Int32/memory2/SYNAPSE_5_e1_811.lus,base,0.081,1,33,3,0,0,Not Found,invalid,1,0.423
/home/ubuntu/Lustre-exp/kind2-benchmarks/FMCAD08/Int32/memory2/SYNAPSE_5_e1_811_e1_823.lus,base,0.052,1,22,2,0,0,Not Found,invalid,0,0.403
/home/ubuntu/Lustre-exp/kind2-benchmarks/FMCAD08/Int32/memory2/SYNAPSE_5_e1_811_e2_1026.lus,base,0.067,1,35,3,0,0,Not Found,invalid,1,0.413
/home/ubuntu/Lustre-exp/kind2-benchmarks/FMCAD08/Int32/memory2/SYNAPSE_5_e2_1525.lus,base,0.159,1,41,3,0,0,Not Found,timeout,3,290.113
/home/ubuntu/Lustre-exp/kind2-benchmarks/FMCAD08/Int32/memory2/SYNAPSE_6.lus,base,5.51,1,49,3,0,0,Not Found,timeout,3,290.113
/home/ubuntu/Lustre-exp/kind2-benchmarks/FMCAD08/Int32/memory2/SYNAPSE_6_e2_1439_e1_954.lus,base,12.716,1,66,4,0,0,Not Found,timeout,4,290.113
/home/ubuntu/Lustre-exp/kind2-benchmarks/FMCAD08/Int32/memory2/SYNAPSE_6_e3_1666_e5_1558.lus,base,9.844,1,48,3,0,0,Not Found,timeout,3,290.114
/home/ubuntu/Lustre-exp/kind2-benchmarks/FMCAD08/Int32/memory2/SYNAPSE_6_e7_938_e2_1012.lus,base,24.928,1,63,4,0,0,Not Found,timeout,4,290.113
/home/ubuntu/Lustre-exp/kind2-benchmarks/FMCAD08/Int32/memory2/SYNAPSE_6_e8_1147_e2_1326.lus,base,4.195,1,49,3,0,0,Not Found,timeout,3,290.114
/home/ubuntu/Lustre-exp/kind2-benchmarks/FMCAD08/Int32/memory2/SYNAPSE_all.lus,base,200.018,2,81,4,0,0,Not Found,valid,4,200.356
/home/ubuntu/Lustre-exp/kind2-benchmarks/FMCAD08/Int32/memory2/SYNAPSE_all_e3_1750.lus,base,0.316,1,24,2,0,0,Not Found,invalid,0,0.66
/home/ubuntu/Lustre-exp/kind2-benchmarks/FMCAD08/Int32/memory2/SYNAPSE_all_e3_1864_e3_495.lus,base,10.523,1,53,4,0,0,Not Found,invalid,2,10.875
/home/ubuntu/Lustre-exp/kind2-benchmarks/FMCAD08/Int32/memory2/SYNAPSE_all_e3_1864_e4_34.lus,base,0.018,0,2,0,0,0,Not Found,invalid,Not Found,0.373
/home/ubuntu/Lustre-exp/kind2-benchmarks/FMCAD08/Int32/memory2/SYNAPSE_all_e3_1864_e5_1637.lus,base,0.017,0,2,0,0,0,Not Found,invalid,Not Found,0.362
/home/ubuntu/Lustre-exp/kind2-benchmarks/FMCAD08/Int32/memory2/SYNAPSE_all_e3_1864_e7_251.lus,base,5.012,1,49,4,0,0,Not Found,invalid,2,5.371
/home/ubuntu/Lustre-exp/kind2-benchmarks/FMCAD08/Int32/memory2/SYNAPSE_all_e7_907.lus,base,105.309,2,70,4,0,0,Not Found,valid,4,105.661
/home/ubuntu/Lustre-exp/kind2-benchmarks/FMCAD08/Int32/memory2/SYNAPSE_all_e7_907_e7_1363.lus,base,172.309,2,77,4,0,0,Not Found,valid,4,172.647
/home/ubuntu/Lustre-exp/kind2-benchmarks/FMCAD08/Int32/memory2/SYNAPSE_all_e8_251.lus,base,128.262,2,81,4,0,0,Not Found,valid,4,128.602
/home/ubuntu/Lustre-exp/kind2-benchmarks/FMCAD08/Int32/memory2/SYNAPSE_all_e8_251_e1_1852.lus,base,0.016,0,2,0,0,0,Not Found,invalid,Not Found,0.363
/home/ubuntu/Lustre-exp/kind2-benchmarks/FMCAD08/Int32/memory2/SYNAPSE_all_e8_251_e2_1053.lus,base,0.016,0,2,0,0,0,Not Found,invalid,Not Found,0.365
/home/ubuntu/Lustre-exp/kind2-benchmarks/FMCAD08/Int32/memory2/SYNAPSE_all_e8_251_e3_1472.lus,base,5.6,1,53,4,0,0,Not Found,invalid,2,5.954
/home/ubuntu/Lustre-exp/kind2-benchmarks/FMCAD08/Int32/memory2/SYNAPSE_i1.lus,base,0.013,0,2,0,0,0,Not Found,invalid,Not Found,0.362
/home/ubuntu/Lustre-exp/kind2-benchmarks/FMCAD08/Int32/misc/_6countern.lus,base,0.005,0,1,0,0,0,Not Found,invalid,Not Found,0.34
/home/ubuntu/Lustre-exp/kind2-benchmarks/FMCAD08/Int32/misc/_6counters.lus,base,4.771,9,5038,42,3,9,Not Found,invalid,31 28 24 20 18 17 14 12 9,5.119
/home/ubuntu/Lustre-exp/kind2-benchmarks/FMCAD08/Int32/misc/_6counters_e3_140_e8_149.lus,base,0.155,3,288,7,1,0,Not Found,timeout,7 5 3,290.207
/home/ubuntu/Lustre-exp/kind2-benchmarks/FMCAD08/Int32/misc/_6counters_e8_371_e1_448.lus,base,0.329,4,623,12,2,1,Not Found,timeout,11 9 7 4,290.204
/home/ubuntu/Lustre-exp/kind2-benchmarks/FMCAD08/Int32/misc/_6counters_e8_371_e2_80.lus,base,0.009,2,12,0,0,0,Not Found,valid,0,0.352
/home/ubuntu/Lustre-exp/kind2-benchmarks/FMCAD08/Int32/misc/_6counters_e8_371_e3_224.lus,base,0.157,3,288,7,1,0,Not Found,timeout,7 5 3,290.205
/home/ubuntu/Lustre-exp/kind2-benchmarks/FMCAD08/Int32/misc/_6counters_e8_371_e7_304.lus,base,0.06,2,59,5,1,0,Not Found,invalid,2 0,0.394
/home/ubuntu/Lustre-exp/kind2-benchmarks/FMCAD08/Int32/misc/durationThm_1.lus,base,0.01,0,2,0,0,0,Not Found,invalid,Not Found,0.354
/home/ubuntu/Lustre-exp/kind2-benchmarks/FMCAD08/Int32/misc/durationThm_1_e1_350.lus,base,0.01,0,2,0,0,0,Not Found,invalid,Not Found,0.345
/home/ubuntu/Lustre-exp/kind2-benchmarks/FMCAD08/Int32/misc/durationThm_1_e2_3.lus,base,0.009,0,2,0,0,0,Not Found,invalid,Not Found,0.355
/home/ubuntu/Lustre-exp/kind2-benchmarks/FMCAD08/Int32/misc/durationThm_1_e3_389.lus,base,0.011,0,2,0,0,0,Not Found,invalid,Not Found,0.345
/home/ubuntu/Lustre-exp/kind2-benchmarks/FMCAD08/Int32/misc/durationThm_1_e3_389_e4_294.lus,base,0.012,0,2,0,0,0,Not Found,invalid,Not Found,0.355
/home/ubuntu/Lustre-exp/kind2-benchmarks/FMCAD08/Int32/misc/durationThm_1_e3_389_e5_5.lus,base,0.01,0,2,0,0,0,Not Found,invalid,Not Found,0.345
/home/ubuntu/Lustre-exp/kind2-benchmarks/FMCAD08/Int32/misc/durationThm_1_e7_217.lus,base,0.012,0,2,0,0,0,Not Found,invalid,Not Found,0.354
/home/ubuntu/Lustre-exp/kind2-benchmarks/FMCAD08/Int32/misc/durationThm_1_e7_217_e1_89.lus,base,0.01,0,2,0,0,0,Not Found,invalid,Not Found,0.355
/home/ubuntu/Lustre-exp/kind2-benchmarks/FMCAD08/Int32/misc/durationThm_1_e7_217_e2_352.lus,base,0.011,0,2,0,0,0,Not Found,invalid,Not Found,0.344
/home/ubuntu/Lustre-exp/kind2-benchmarks/FMCAD08/Int32/misc/durationThm_1_e7_217_e3_132.lus,base,0.01,0,2,0,0,0,Not Found,invalid,Not Found,0.343
/home/ubuntu/Lustre-exp/kind2-benchmarks/FMCAD08/Int32/misc/durationThm_1_e7_217_e7_31.lus,base,0.01,0,2,0,0,0,Not Found,invalid,Not Found,0.344
/home/ubuntu/Lustre-exp/kind2-benchmarks/FMCAD08/Int32/misc/durationThm_2.lus,base,1.869,1,52,4,0,0,Not Found,timeout,4,290.114
/home/ubuntu/Lustre-exp/kind2-benchmarks/FMCAD08/Int32/misc/durationThm_2_e1_301.lus,base,0.705,1,52,4,0,0,Not Found,timeout,4,290.115
/home/ubuntu/Lustre-exp/kind2-benchmarks/FMCAD08/Int32/misc/durationThm_2_e2_63.lus,base,0.094,2,38,2,0,0,Not Found,valid,2,0.442
/home/ubuntu/Lustre-exp/kind2-benchmarks/FMCAD08/Int32/misc/durationThm_2_e3_329_e4_1.lus,base,0.095,2,38,2,0,0,Not Found,valid,2,0.432
/home/ubuntu/Lustre-exp/kind2-benchmarks/FMCAD08/Int32/misc/durationThm_2_e3_329_e5_124.lus,base,0.112,1,35,3,0,0,Not Found,timeout,3,290.118
/home/ubuntu/Lustre-exp/kind2-benchmarks/FMCAD08/Int32/misc/durationThm_2_e3_99.lus,base,0.096,1,25,2,0,0,Not Found,timeout,2,290.117
/home/ubuntu/Lustre-exp/kind2-benchmarks/FMCAD08/Int32/misc/durationThm_2_e7_145_e1_343.lus,base,0.01,0,2,0,0,0,Not Found,invalid,Not Found,0.357
/home/ubuntu/Lustre-exp/kind2-benchmarks/FMCAD08/Int32/misc/durationThm_2_e7_145_e2_169.lus,base,0.09,2,50,3,0,0,Not Found,valid,3,0.422
/home/ubuntu/Lustre-exp/kind2-benchmarks/FMCAD08/Int32/misc/durationThm_2_e7_145_e3_222.lus,base,0.192,1,60,5,0,0,Not Found,timeout,5,290.118
/home/ubuntu/Lustre-exp/kind2-benchmarks/FMCAD08/Int32/misc/durationThm_2_e7_145_e7_154.lus,base,0.01,0,2,0,0,0,Not Found,invalid,Not Found,0.346
/home/ubuntu/Lustre-exp/kind2-benchmarks/FMCAD08/Int32/misc/durationThm_2_e7_145_e8_73.lus,base,1.861,1,52,4,0,0,Not Found,timeout,4,290.115
/home/ubuntu/Lustre-exp/kind2-benchmarks/FMCAD08/Int32/misc/durationThm_2_e7_149.lus,base,0.009,0,2,0,0,0,Not Found,invalid,Not Found,0.344
/home/ubuntu/Lustre-exp/kind2-benchmarks/FMCAD08/Int32/misc/durationThm_3.lus,base,0.008,0,1,0,0,0,Not Found,invalid,Not Found,0.357
/home/ubuntu/Lustre-exp/kind2-benchmarks/FMCAD08/Int32/misc/durationThm_3_e1_36.lus,base,0.008,0,1,0,0,0,Not Found,invalid,Not Found,0.346
/home/ubuntu/Lustre-exp/kind2-benchmarks/FMCAD08/Int32/misc/durationThm_3_e2_63.lus,base,0.008,0,1,0,0,0,Not Found,invalid,Not Found,0.344
/home/ubuntu/Lustre-exp/kind2-benchmarks/FMCAD08/Int32/misc/durationThm_3_e3_207.lus,base,0.009,0,1,0,0,0,Not Found,invalid,Not Found,0.354
/home/ubuntu/Lustre-exp/kind2-benchmarks/FMCAD08/Int32/misc/durationThm_3_e3_442_e4_165.lus,base,0.008,0,1,0,0,0,Not Found,invalid,Not Found,0.355
/home/ubuntu/Lustre-exp/kind2-benchmarks/FMCAD08/Int32/misc/durationThm_3_e3_442_e5_260.lus,base,0.008,0,1,0,0,0,Not Found,invalid,Not Found,0.345
/home/ubuntu/Lustre-exp/kind2-benchmarks/FMCAD08/Int32/misc/durationThm_3_e7_334.lus,base,0.008,0,1,0,0,0,Not Found,invalid,Not Found,0.354
/home/ubuntu/Lustre-exp/kind2-benchmarks/FMCAD08/Int32/misc/durationThm_3_e7_334_e1_431.lus,base,0.009,0,1,0,0,0,Not Found,invalid,Not Found,0.345
/home/ubuntu/Lustre-exp/kind2-benchmarks/FMCAD08/Int32/misc/durationThm_3_e7_334_e2_62.lus,base,0.008,0,1,0,0,0,Not Found,invalid,Not Found,0.346
/home/ubuntu/Lustre-exp/kind2-benchmarks/FMCAD08/Int32/misc/durationThm_3_e7_334_e3_42.lus,base,0.009,0,1,0,0,0,Not Found,invalid,Not Found,0.346
/home/ubuntu/Lustre-exp/kind2-benchmarks/FMCAD08/Int32/misc/durationThm_3_e7_334_e7_118.lus,base,0.008,0,1,0,0,0,Not Found,invalid,Not Found,0.345
/home/ubuntu/Lustre-exp/kind2-benchmarks/FMCAD08/Int32/misc/ex3.lus,base,6.4,4,627,13,0,1,Not Found,timeout,12 9 7 5,290.12
/home/ubuntu/Lustre-exp/kind2-benchmarks/FMCAD08/Int32/misc/ex8.lus,base,0.009,0,2,0,0,0,Not Found,invalid,Not Found,0.348
/home/ubuntu/Lustre-exp/kind2-benchmarks/FMCAD08/Int32/misc/ex8_e7_74.lus,base,0.009,0,2,0,0,0,Not Found,invalid,Not Found,0.346
/home/ubuntu/Lustre-exp/kind2-benchmarks/FMCAD08/Int32/misc/ex8_e7_74_e7_740.lus,base,0.008,0,2,0,0,0,Not Found,invalid,Not Found,0.348
/home/ubuntu/Lustre-exp/kind2-benchmarks/FMCAD08/Int32/misc/ex8_e7_74_e8_302.lus,base,0.009,0,2,0,0,0,Not Found,invalid,Not Found,0.348
/home/ubuntu/Lustre-exp/kind2-benchmarks/FMCAD08/Int32/misc/ex8_e8_220.lus,base,0.009,0,2,0,0,0,Not Found,invalid,Not Found,0.347
/home/ubuntu/Lustre-exp/kind2-benchmarks/FMCAD08/Int32/misc/ex8_e8_220_e7_249.lus,base,0.009,0,2,0,0,0,Not Found,invalid,Not Found,0.36
/home/ubuntu/Lustre-exp/kind2-benchmarks/FMCAD08/Int32/misc/ticket3i_1.lus,base,0.097,2,44,3,0,0,Not Found,valid,3,0.44
/home/ubuntu/Lustre-exp/kind2-benchmarks/FMCAD08/Int32/misc/ticket3i_1_e7_1669.lus,base,0.106,2,44,3,0,0,Not Found,valid,3,0.45
/home/ubuntu/Lustre-exp/kind2-benchmarks/FMCAD08/Int32/misc/ticket3i_2.lus,base,0.246,2,126,8,2,0,Not Found,invalid,6 2,0.625
/home/ubuntu/Lustre-exp/kind2-benchmarks/FMCAD08/Int32/misc/ticket3i_3.lus,base,0.018,0,2,0,0,0,Not Found,invalid,Not Found,0.38
/home/ubuntu/Lustre-exp/kind2-benchmarks/FMCAD08/Int32/misc/ticket3i_3_e7_1312_e7_1495.lus,base,0.018,0,2,0,0,0,Not Found,invalid,Not Found,0.383
/home/ubuntu/Lustre-exp/kind2-benchmarks/FMCAD08/Int32/misc/ticket3i_3_e7_1312_e8_1916.lus,base,0.018,0,2,0,0,0,Not Found,invalid,Not Found,0.383
/home/ubuntu/Lustre-exp/kind2-benchmarks/FMCAD08/Int32/misc/ticket3i_3_e7_99.lus,base,0.017,0,2,0,0,0,Not Found,invalid,Not Found,0.382
/home/ubuntu/Lustre-exp/kind2-benchmarks/FMCAD08/Int32/misc/ticket3i_3_e8_1703.lus,base,0.018,0,2,0,0,0,Not Found,invalid,Not Found,0.379
/home/ubuntu/Lustre-exp/kind2-benchmarks/FMCAD08/Int32/misc/ticket3i_3_e8_1703_e7_3491.lus,base,0.018,0,2,0,0,0,Not Found,invalid,Not Found,0.382
/home/ubuntu/Lustre-exp/kind2-benchmarks/FMCAD08/Int32/misc/ticket3i_3_e8_1703_e8_2560.lus,base,0.017,0,2,0,0,0,Not Found,invalid,Not Found,0.391
/home/ubuntu/Lustre-exp/kind2-benchmarks/FMCAD08/Int32/misc/ticket3i_4.lus,base,0.072,2,32,2,0,0,Not Found,valid,2,0.42
/home/ubuntu/Lustre-exp/kind2-benchmarks/FMCAD08/Int32/misc/ticket3i_4_e7_1775_e7_3320.lus,base,0.075,2,32,2,0,0,Not Found,valid,2,0.428
/home/ubuntu/Lustre-exp/kind2-benchmarks/FMCAD08/Int32/misc/ticket3i_5.lus,base,0.072,2,32,2,0,0,Not Found,valid,2,0.42
/home/ubuntu/Lustre-exp/kind2-benchmarks/FMCAD08/Int32/misc/ticket3i_5_e7_3307.lus,base,0.073,2,32,2,0,0,Not Found,valid,2,0.42
/home/ubuntu/Lustre-exp/kind2-benchmarks/FMCAD08/Int32/misc/ticket3i_6.lus,base,0.07,2,32,2,0,0,Not Found,valid,2,0.42
/home/ubuntu/Lustre-exp/kind2-benchmarks/FMCAD08/Int32/misc/ticket3i_6_e7_1096_e7_2688.lus,base,0.073,2,34,2,0,0,Not Found,valid,2,0.42
/home/ubuntu/Lustre-exp/kind2-benchmarks/FMCAD08/Int32/misc/ticket3i_7.lus,base,0.207,2,84,6,0,0,Not Found,valid,6,0.562
/home/ubuntu/Lustre-exp/kind2-benchmarks/FMCAD08/Int32/misc/ticket3i_7_e1_2192_e1_1852.lus,base,0.282,2,121,8,0,0,Not Found,valid,8,0.633
/home/ubuntu/Lustre-exp/kind2-benchmarks/FMCAD08/Int32/misc/ticket3i_7_e2_2724_e7_524.lus,base,0.21,2,84,6,0,0,Not Found,valid,6,0.562
/home/ubuntu/Lustre-exp/kind2-benchmarks/FMCAD08/Int32/misc/ticket3i_7_e3_59_e7_2122.lus,base,0.204,2,90,6,0,0,Not Found,valid,6,0.551
/home/ubuntu/Lustre-exp/kind2-benchmarks/FMCAD08/Int32/misc/ticket3i_7_e7_3176.lus,base,0.21,2,98,6,0,0,Not Found,valid,6,0.562
/home/ubuntu/Lustre-exp/kind2-benchmarks/FMCAD08/Int32/misc/ticket3i_7_e7_3176_e1_2924.lus,base,0.255,2,114,7,0,0,Not Found,valid,7,0.601
/home/ubuntu/Lustre-exp/kind2-benchmarks/FMCAD08/Int32/misc/ticket3i_7_e8_2126_e7_78.lus,base,0.212,2,105,6,0,0,Not Found,valid,6,0.561
/home/ubuntu/Lustre-exp/kind2-benchmarks/FMCAD08/Int32/misc/ticket3i_all.lus,base,0.259,3,140,7,0,0,Not Found,valid,1 0,0.614
/home/ubuntu/Lustre-exp/kind2-benchmarks/FMCAD08/Int32/misc/ticket3i_all_e1_2706_e7_1776.lus,base,0.22,2,88,6,0,0,Not Found,valid,6,0.583
/home/ubuntu/Lustre-exp/kind2-benchmarks/FMCAD08/Int32/misc/ticket3i_all_e2_1117_e7_553.lus,base,0.296,3,146,7,0,0,Not Found,valid,1 0,0.656
/home/ubuntu/Lustre-exp/kind2-benchmarks/FMCAD08/Int32/misc/ticket3i_all_e3_557_e7_3464.lus,base,0.228,2,105,6,0,0,Not Found,valid,6,0.586
/home/ubuntu/Lustre-exp/kind2-benchmarks/FMCAD08/Int32/misc/ticket3i_all_e7_591.lus,base,0.215,2,82,6,0,0,Not Found,valid,6,0.573
/home/ubuntu/Lustre-exp/kind2-benchmarks/FMCAD08/Int32/misc/ticket3i_all_e8_505_e7_2450.lus,base,0.247,2,107,7,0,0,Not Found,valid,7,0.597
/home/ubuntu/Lustre-exp/kind2-benchmarks/FMCAD08/Int32/misc/traffic.lus,base,Not Found,Not Found,Not Found,Not Found,Not Found,Not Found,Not Found,timeout,Not Found,290.114
/home/ubuntu/Lustre-exp/kind2-benchmarks/FMCAD08/Int32/misc/traffic_e7_46.lus,base,0.006,0,1,0,0,0,Not Found,invalid,Not Found,0.355
/home/ubuntu/Lustre-exp/kind2-benchmarks/FMCAD08/Int32/misc/traffic_e7_46_e7_171.lus,base,0.006,0,1,0,0,0,Not Found,invalid,Not Found,0.346
/home/ubuntu/Lustre-exp/kind2-benchmarks/FMCAD08/Int32/misc/twisted_counters.lus,base,3.015,9,3718,29,3,9,Not Found,valid,32 29 25 22 20 18 15 8,3.366
/home/ubuntu/Lustre-exp/kind2-benchmarks/FMCAD08/Int32/misc/two_counters.lus,base,0.906,6,1505,20,4,5,Not Found,valid,25 23 18 15 9,1.251
/home/ubuntu/Lustre-exp/kind2-benchmarks/FMCAD08/Int32/misc/two_counters_e1_268.lus,base,0.007,0,2,0,0,0,Not Found,invalid,Not Found,0.343
/home/ubuntu/Lustre-exp/kind2-benchmarks/FMCAD08/Int32/misc/two_counters_e2_3.lus,base,0.02,1,12,1,0,0,Not Found,invalid,0,0.354
/home/ubuntu/Lustre-exp/kind2-benchmarks/FMCAD08/Int32/misc/two_counters_e3_325.lus,base,0.02,1,12,1,0,0,Not Found,invalid,0,0.363
/home/ubuntu/Lustre-exp/kind2-benchmarks/FMCAD08/Int32/misc/two_counters_e7_222.lus,base,0.007,0,2,0,0,0,Not Found,invalid,Not Found,0.344
/home/ubuntu/Lustre-exp/kind2-benchmarks/FMCAD08/Int32/protocol/peterson_1.lus,base,0.217,4,153,2,0,0,Not Found,valid,2 1 0,0.586
/home/ubuntu/Lustre-exp/kind2-benchmarks/FMCAD08/Int32/protocol/peterson_1_e7_4234.lus,base,0.106,1,26,2,0,0,Not Found,timeout,2,290.136
/home/ubuntu/Lustre-exp/kind2-benchmarks/FMCAD08/Int32/protocol/peterson_2.lus,base,0.223,4,153,2,0,0,Not Found,valid,2 1 0,0.588
/home/ubuntu/Lustre-exp/kind2-benchmarks/FMCAD08/Int32/protocol/peterson_3.lus,base,0.236,4,153,2,0,0,Not Found,valid,2 1 0,0.597
/home/ubuntu/Lustre-exp/kind2-benchmarks/FMCAD08/Int32/protocol/peterson_4.lus,base,0.225,4,153,2,0,0,Not Found,valid,2 1 0,0.596
/home/ubuntu/Lustre-exp/kind2-benchmarks/FMCAD08/Int32/protocol/peterson_all.lus,base,1.165,4,405,8,0,0,Not Found,valid,8 4 0,1.535
/home/ubuntu/Lustre-exp/kind2-benchmarks/FMCAD08/Int32/protocol/peterson_vt.lus,base,Not Found,Not Found,Not Found,Not Found,Not Found,Not Found,Not Found,timeout,Not Found,290.113
/home/ubuntu/Lustre-exp/kind2-benchmarks/FMCAD08/Int32/protocol/readwrit.lus,base,0.083,1,28,2,0,0,Not Found,timeout,2,290.132
/home/ubuntu/Lustre-exp/kind2-benchmarks/FMCAD08/Int32/protocol/rtp_1.lus,base,0.055,2,23,1,0,0,Not Found,valid,1,0.407
/home/ubuntu/Lustre-exp/kind2-benchmarks/FMCAD08/Int32/protocol/rtp_10.lus,base,0.183,4,153,2,0,0,Not Found,valid,2 1 0,0.544
/home/ubuntu/Lustre-exp/kind2-benchmarks/FMCAD08/Int32/protocol/rtp_10_e7_106_e7_2564.lus,base,12.413,7,1091,11,1,0,Not Found,timeout,8 7 6 5 4 3 2,290.148
/home/ubuntu/Lustre-exp/kind2-benchmarks/FMCAD08/Int32/protocol/rtp_2.lus,base,0.118,2,58,3,0,0,Not Found,valid,3,0.468
/home/ubuntu/Lustre-exp/kind2-benchmarks/FMCAD08/Int32/protocol/rtp_3.lus,base,0.197,4,153,2,0,0,Not Found,valid,2 1 0,0.563
/home/ubuntu/Lustre-exp/kind2-benchmarks/FMCAD08/Int32/protocol/rtp_4.lus,base,0.18,4,153,2,0,0,Not Found,valid,2 1 0,0.55
/home/ubuntu/Lustre-exp/kind2-benchmarks/FMCAD08/Int32/protocol/rtp_5.lus,base,0.197,4,153,2,0,0,Not Found,valid,2 1 0,0.573
/home/ubuntu/Lustre-exp/kind2-benchmarks/FMCAD08/Int32/protocol/rtp_5_e7_3972.lus,base,0.338,2,129,5,1,0,Not Found,timeout,6 3,290.14
/home/ubuntu/Lustre-exp/kind2-benchmarks/FMCAD08/Int32/protocol/rtp_6.lus,base,0.197,4,153,2,0,0,Not Found,valid,2 1 0,0.554
/home/ubuntu/Lustre-exp/kind2-benchmarks/FMCAD08/Int32/protocol/rtp_7.lus,base,0.199,4,153,2,0,0,Not Found,valid,2 1 0,0.562
/home/ubuntu/Lustre-exp/kind2-benchmarks/FMCAD08/Int32/protocol/rtp_8.lus,base,0.194,4,153,2,0,0,Not Found,valid,2 1 0,0.561
/home/ubuntu/Lustre-exp/kind2-benchmarks/FMCAD08/Int32/protocol/rtp_9.lus,base,0.185,4,153,2,0,0,Not Found,valid,2 1 0,0.551
/home/ubuntu/Lustre-exp/kind2-benchmarks/FMCAD08/Int32/protocol/rtp_all.lus,base,3.552,4,937,19,0,0,Not Found,valid,16 8 0,3.941
/home/ubuntu/Lustre-exp/kind2-benchmarks/FMCAD08/Int32/protocol/rtp_all_e7_2500.lus,base,1.189,1,382,19,0,0,Not Found,timeout,19,290.141
/home/ubuntu/Lustre-exp/kind2-benchmarks/FMCAD08/Int32/protocol/rtp_vt.lus,base,186.957,5,2906,39,6,4,Not Found,timeout,41 40 38 33 17,290.117
/home/ubuntu/Lustre-exp/kind2-benchmarks/FMCAD08/Int32/protocol/swimmingpool_1.lus,base,Not Found,Not Found,Not Found,Not Found,Not Found,Not Found,Not Found,timeout,Not Found,290.114
/home/ubuntu/Lustre-exp/kind2-benchmarks/FMCAD08/Int32/protocol/swimmingpool_1_e7_1621.lus,base,Not Found,Not Found,Not Found,Not Found,Not Found,Not Found,Not Found,timeout,Not Found,290.113
/home/ubuntu/Lustre-exp/kind2-benchmarks/FMCAD08/Int32/protocol/swimmingpool_2.lus,base,0.017,0,2,0,0,0,Not Found,invalid,Not Found,0.371
/home/ubuntu/Lustre-exp/kind2-benchmarks/FMCAD08/Int32/protocol/swimmingpool_3.lus,base,0.051,1,12,1,0,0,Not Found,invalid,0,0.421
/home/ubuntu/Lustre-exp/kind2-benchmarks/FMCAD08/Int32/protocol/swimmingpool_4.lus,base,0.124,2,48,4,1,0,Not Found,invalid,2 1,0.499
/home/ubuntu/Lustre-exp/kind2-benchmarks/FMCAD08/Int32/protocol/swimmingpool_4_e7_2197.lus,base,0.125,2,48,4,1,0,Not Found,invalid,2 1,0.489
/home/ubuntu/Lustre-exp/kind2-benchmarks/FMCAD08/Int32/protocol/swimmingpool_5.lus,base,0.243,2,72,6,1,0,Not Found,invalid,3 2,0.625
/home/ubuntu/Lustre-exp/kind2-benchmarks/FMCAD08/Int32/protocol/swimmingpool_6.lus,base,0.248,2,68,6,1,0,Not Found,invalid,3 1,0.624
/home/ubuntu/Lustre-exp/kind2-benchmarks/FMCAD08/Int32/protocol/swimmingpool_6_e7_10_e7_341.lus,base,13.317,4,633,11,2,0,Not Found,invalid,9 7 5 1,13.719
/home/ubuntu/Lustre-exp/kind2-benchmarks/FMCAD08/Int32/protocol/swimmingpool_6_e7_399.lus,base,12.52,3,568,16,2,0,Not Found,invalid,12 11 8,12.908
/home/ubuntu/Lustre-exp/kind2-benchmarks/FMCAD08/Int32/protocol/swimmingpool_7.lus,base,0.599,3,169,7,1,0,Not Found,invalid,4 2 0,0.993
/home/ubuntu/Lustre-exp/kind2-benchmarks/FMCAD08/Int32/protocol/swimmingpool_8.lus,base,0.505,3,122,8,0,0,Not Found,invalid,4 1 0,0.909
/home/ubuntu/Lustre-exp/kind2-benchmarks/FMCAD08/Int32/protocol/swimmingpool_9.lus,base,0.209,3,108,3,0,0,Not Found,timeout,4 3 2,290.122
/home/ubuntu/Lustre-exp/kind2-benchmarks/FMCAD08/Int32/simulation/car_1.lus,base,0.151,4,153,2,0,0,Not Found,valid,2 1 0,0.485
/home/ubuntu/Lustre-exp/kind2-benchmarks/FMCAD08/Int32/simulation/car_1_e7_184_e3_299.lus,base,0.042,1,21,2,0,0,Not Found,timeout,2,290.147
/home/ubuntu/Lustre-exp/kind2-benchmarks/FMCAD08/Int32/simulation/car_2.lus,base,0.261,4,149,2,0,0,Not Found,valid,2 1 0,0.605
/home/ubuntu/Lustre-exp/kind2-benchmarks/FMCAD08/Int32/simulation/car_2_e7_1027_e1_1047.lus,base,0.141,3,75,2,0,0,Not Found,valid,3 2,0.474
/home/ubuntu/Lustre-exp/kind2-benchmarks/FMCAD08/Int32/simulation/car_2_e7_1027_e7_359.lus,base,0.389,4,169,4,0,0,Not Found,valid,5 4 2,0.736
/home/ubuntu/Lustre-exp/kind2-benchmarks/FMCAD08/Int32/simulation/car_2_e8_491_e7_826.lus,base,0.142,3,75,2,0,0,Not Found,valid,3 2,0.473
/home/ubuntu/Lustre-exp/kind2-benchmarks/FMCAD08/Int32/simulation/car_3.lus,base,0.178,3,104,3,0,0,Not Found,valid,3 1,0.515
/home/ubuntu/Lustre-exp/kind2-benchmarks/FMCAD08/Int32/simulation/car_3_e1_586.lus,base,0.033,1,12,1,0,0,Not Found,invalid,0,0.377
/home/ubuntu/Lustre-exp/kind2-benchmarks/FMCAD08/Int32/simulation/car_3_e2_695.lus,base,0.031,2,28,1,0,0,Not Found,valid,1,0.372
/home/ubuntu/Lustre-exp/kind2-benchmarks/FMCAD08/Int32/simulation/car_3_e7_626.lus,base,0.125,3,74,2,0,0,Not Found,valid,2 1,0.463
/home/ubuntu/Lustre-exp/kind2-benchmarks/FMCAD08/Int32/simulation/car_3_e7_626_e1_305.lus,base,0.042,1,18,2,0,0,Not Found,invalid,0,0.387
/home/ubuntu/Lustre-exp/kind2-benchmarks/FMCAD08/Int32/simulation/car_3_e8_33.lus,base,0.119,3,76,2,0,0,Not Found,valid,2 1,0.455
/home/ubuntu/Lustre-exp/kind2-benchmarks/FMCAD08/Int32/simulation/car_3_e8_33_e1_856.lus,base,0.032,1,12,1,0,0,Not Found,invalid,0,0.376
/home/ubuntu/Lustre-exp/kind2-benchmarks/FMCAD08/Int32/simulation/car_3_e8_33_e2_1010.lus,base,0.035,2,28,1,0,0,Not Found,valid,1,0.373
/home/ubuntu/Lustre-exp/kind2-benchmarks/FMCAD08/Int32/simulation/car_3_e8_33_e7_220.lus,base,0.121,3,74,2,0,0,Not Found,valid,2 1,0.466
/home/ubuntu/Lustre-exp/kind2-benchmarks/FMCAD08/Int32/simulation/car_4.lus,base,0.139,4,155,2,0,0,Not Found,valid,2 1 0,0.474
/home/ubuntu/Lustre-exp/kind2-benchmarks/FMCAD08/Int32/simulation/car_4_e3_57.lus,base,0.01,0,2,0,0,0,Not Found,invalid,Not Found,0.347
/home/ubuntu/Lustre-exp/kind2-benchmarks/FMCAD08/Int32/simulation/car_4_e3_57_e4_1047.lus,base,0.03,2,27,1,0,0,Not Found,valid,1,0.362
/home/ubuntu/Lustre-exp/kind2-benchmarks/FMCAD08/Int32/simulation/car_4_e3_57_e5_999.lus,base,0.009,0,2,0,0,0,Not Found,invalid,Not Found,0.346
/home/ubuntu/Lustre-exp/kind2-benchmarks/FMCAD08/Int32/simulation/car_4_e3_57_e6_784.lus,base,0.135,4,155,2,0,0,Not Found,valid,2 1 0,0.483
/home/ubuntu/Lustre-exp/kind2-benchmarks/FMCAD08/Int32/simulation/car_4_e7_592.lus,base,0.077,3,73,2,0,0,Not Found,valid,2 1,0.423
/home/ubuntu/Lustre-exp/kind2-benchmarks/FMCAD08/Int32/simulation/car_4_e7_592_e3_442.lus,base,0.01,0,2,0,0,0,Not Found,invalid,Not Found,0.355
/home/ubuntu/Lustre-exp/kind2-benchmarks/FMCAD08/Int32/simulation/car_4_e7_592_e7_265.lus,base,0.164,4,168,4,0,0,Not Found,valid,5 4 2,0.514
/home/ubuntu/Lustre-exp/kind2-benchmarks/FMCAD08/Int32/simulation/car_4_e8_118.lus,base,0.083,3,81,2,0,0,Not Found,valid,2 1,0.413
/home/ubuntu/Lustre-exp/kind2-benchmarks/FMCAD08/Int32/simulation/car_4_e8_118_e3_514.lus,base,0.01,0,2,0,0,0,Not Found,invalid,Not Found,0.347
/home/ubuntu/Lustre-exp/kind2-benchmarks/FMCAD08/Int32/simulation/car_4_e8_118_e7_178.lus,base,0.082,3,76,2,0,0,Not Found,valid,2 1,0.413
/home/ubuntu/Lustre-exp/kind2-benchmarks/FMCAD08/Int32/simulation/car_5.lus,base,45.51,8,1470,10,0,0,Not Found,timeout,9 8 7 6 5 4 3 2,290.151
/home/ubuntu/Lustre-exp/kind2-benchmarks/FMCAD08/Int32/simulation/car_5_e2_405_e2_1083.lus,base,0.281,2,142,11,0,0,Not Found,invalid,9 2,0.638
/home/ubuntu/Lustre-exp/kind2-benchmarks/FMCAD08/Int32/simulation/car_5_e2_405_e3_473.lus,base,0.3,2,156,12,0,0,Not Found,invalid,10 3,0.638
/home/ubuntu/Lustre-exp/kind2-benchmarks/FMCAD08/Int32/simulation/car_5_e2_405_e8_1055.lus,base,0.279,2,141,11,0,0,Not Found,invalid,8 1,0.639
/home/ubuntu/Lustre-exp/kind2-benchmarks/FMCAD08/Int32/simulation/car_5_e3_11_e1_429.lus,base,0.768,2,174,12,0,0,Not Found,invalid,10 2,1.111
/home/ubuntu/Lustre-exp/kind2-benchmarks/FMCAD08/Int32/simulation/car_5_e3_11_e5_24.lus,base,0.045,1,23,2,0,0,Not Found,timeout,2,290.137
/home/ubuntu/Lustre-exp/kind2-benchmarks/FMCAD08/Int32/simulation/car_5_e3_661.lus,base,0.623,2,129,10,0,0,Not Found,invalid,8 1,0.983
/home/ubuntu/Lustre-exp/kind2-benchmarks/FMCAD08/Int32/simulation/car_5_e7_244.lus,base,50.699,8,1661,11,0,0,Not Found,timeout,10 8 7 6 5 4 3 2,290.154
/home/ubuntu/Lustre-exp/kind2-benchmarks/FMCAD08/Int32/simulation/car_5_e7_244_e1_823.lus,base,53.287,8,1485,10,0,0,Not Found,timeout,9 8 7 6 5 4 3 2,290.15
/home/ubuntu/Lustre-exp/kind2-benchmarks/FMCAD08/Int32/simulation/car_5_e7_244_e2_693.lus,base,0.297,2,154,12,0,0,Not Found,invalid,10 3,0.65
/home/ubuntu/Lustre-exp/kind2-benchmarks/FMCAD08/Int32/simulation/car_5_e7_244_e3_1071.lus,base,0.672,2,148,11,0,0,Not Found,invalid,9 1,1.023
/home/ubuntu/Lustre-exp/kind2-benchmarks/FMCAD08/Int32/simulation/car_6.lus,base,50.038,9,1975,13,0,0,Not Found,timeout,10 9 8 7 6 5 4 3 2,290.14
/home/ubuntu/Lustre-exp/kind2-benchmarks/FMCAD08/Int32/simulation/car_6_e1_152.lus,base,68.002,9,1981,12,0,0,Not Found,timeout,10 9 8 7 6 5 4 3 2,290.152
/home/ubuntu/Lustre-exp/kind2-benchmarks/FMCAD08/Int32/simulation/car_6_e1_152_e1_391.lus,base,106.264,9,2003,13,0,0,Not Found,timeout,10 9 8 7 6 5 4 3 2,290.15
/home/ubuntu/Lustre-exp/kind2-benchmarks/FMCAD08/Int32/simulation/car_6_e2_589_e2_506.lus,base,0.29,2,191,14,0,0,Not Found,invalid,12 3,0.637
/home/ubuntu/Lustre-exp/kind2-benchmarks/FMCAD08/Int32/simulation/car_6_e2_589_e3_349.lus,base,0.4,2,177,13,0,0,Not Found,invalid,11 2,0.749
/home/ubuntu/Lustre-exp/kind2-benchmarks/FMCAD08/Int32/simulation/car_6_e2_893.lus,base,0.234,2,175,13,0,0,Not Found,invalid,11 2,0.59
/home/ubuntu/Lustre-exp/kind2-benchmarks/FMCAD08/Int32/simulation/car_6_e3_294_e1_956.lus,base,0.642,2,191,14,0,0,Not Found,invalid,12 3,0.989
/home/ubuntu/Lustre-exp/kind2-benchmarks/FMCAD08/Int32/simulation/car_6_e3_294_e3_47.lus,base,0.571,2,175,13,0,0,Not Found,invalid,11 2,0.928
/home/ubuntu/Lustre-exp/kind2-benchmarks/FMCAD08/Int32/simulation/car_6_e3_294_e5_979.lus,base,0.627,2,175,13,0,0,Not Found,invalid,11 2,0.979
/home/ubuntu/Lustre-exp/kind2-benchmarks/FMCAD08/Int32/simulation/car_all.lus,base,1.362,5,439,7,1,0,Not Found,valid,5 3 2 1,1.705
/home/ubuntu/Lustre-exp/kind2-benchmarks/FMCAD08/Int32/simulation/car_all_e1_618.lus,base,0.07,1,35,3,0,0,Not Found,invalid,1,0.408
/home/ubuntu/Lustre-exp/kind2-benchmarks/FMCAD08/Int32/simulation/car_all_e1_618_e3_303.lus,base,0.037,1,12,1,0,0,Not Found,invalid,0,0.379
/home/ubuntu/Lustre-exp/kind2-benchmarks/FMCAD08/Int32/simulation/car_all_e2_142.lus,base,1.698,6,557,7,1,0,Not Found,valid,5 4 3 2 1,2.037
/home/ubuntu/Lustre-exp/kind2-benchmarks/FMCAD08/Int32/simulation/car_all_e2_142_e7_209.lus,base,0.371,3,180,7,0,0,Not Found,valid,5 3,0.717
/home/ubuntu/Lustre-exp/kind2-benchmarks/FMCAD08/Int32/simulation/car_all_e3_1068.lus,base,0.011,0,2,0,0,0,Not Found,invalid,Not Found,0.348
/home/ubuntu/Lustre-exp/kind2-benchmarks/FMCAD08/Int32/simulation/car_all_e3_1068_e1_178.lus,base,0.011,0,2,0,0,0,Not Found,invalid,Not Found,0.356
/home/ubuntu/Lustre-exp/kind2-benchmarks/FMCAD08/Int32/simulation/car_all_e3_1068_e2_13.lus,base,0.011,0,2,0,0,0,Not Found,invalid,Not Found,0.346
/home/ubuntu/Lustre-exp/kind2-benchmarks/FMCAD08/Int32/simulation/car_all_e3_1068_e3_163.lus,base,0.012,0,2,0,0,0,Not Found,invalid,Not Found,0.357
/home/ubuntu/Lustre-exp/kind2-benchmarks/FMCAD08/Int32/simulation/car_all_e3_1068_e4_275.lus,base,1.733,6,557,7,1,0,Not Found,valid,5 4 3 2 1,2.069
/home/ubuntu/Lustre-exp/kind2-benchmarks/FMCAD08/Int32/simulation/car_all_e3_1068_e5_882.lus,base,0.01,0,2,0,0,0,Not Found,invalid,Not Found,0.356
/home/ubuntu/Lustre-exp/kind2-benchmarks/FMCAD08/Int32/simulation/car_all_e7_188_e7_743.lus,base,1.734,4,477,11,0,0,Not Found,valid,12 9 6,2.078
/home/ubuntu/Lustre-exp/kind2-benchmarks/FMCAD08/Int32/simulation/car_all_e8_856.lus,base,5.161,6,850,10,2,0,Not Found,valid,10 8 6 4 2,5.492
/home/ubuntu/Lustre-exp/kind2-benchmarks/FMCAD08/Int32/simulation/car_all_e8_856_e1_217.lus,base,0.034,1,12,1,0,0,Not Found,invalid,0,0.38
/home/ubuntu/Lustre-exp/kind2-benchmarks/FMCAD08/Int32/simulation/car_all_e8_856_e2_585.lus,base,1.873,6,559,7,1,0,Not Found,valid,5 4 3 2 1,2.208
/home/ubuntu/Lustre-exp/kind2-benchmarks/FMCAD08/Int32/simulation/car_all_e8_856_e3_180.lus,base,0.011,0,2,0,0,0,Not Found,invalid,Not Found,0.356
/home/ubuntu/Lustre-exp/kind2-benchmarks/FMCAD08/Int32/simulation/car_all_e8_856_e7_578.lus,base,0.815,3,251,9,0,0,Not Found,valid,10 8,1.15
/home/ubuntu/Lustre-exp/kind2-benchmarks/FMCAD08/Int32/simulation/cd.lus,base,40.288,5,572,9,0,0,Not Found,timeout,7 6 5 4 3,290.163
/home/ubuntu/Lustre-exp/kind2-benchmarks/FMCAD08/Int32/simulation/cd_e7_621_e7_669.lus,base,Not Found,Not Found,Not Found,Not Found,Not Found,Not Found,Not Found,timeout,Not Found,290.115
/home/ubuntu/Lustre-exp/kind2-benchmarks/FMCAD08/Int32/simulation/cd_e7_8.lus,base,Not Found,Not Found,Not Found,Not Found,Not Found,Not Found,Not Found,timeout,Not Found,290.114
/home/ubuntu/Lustre-exp/kind2-benchmarks/FMCAD08/Int32/simulation/fast_1.lus,base,0.103,3,110,4,0,0,Not Found,valid,1 0,0.437
/home/ubuntu/Lustre-exp/kind2-benchmarks/FMCAD08/Int32/simulation/fast_1_e7_2044.lus,base,0.015,0,2,0,0,0,Not Found,invalid,Not Found,0.36
/home/ubuntu/Lustre-exp/kind2-benchmarks/FMCAD08/Int32/simulation/fast_1_e7_2044_e7_1287.lus,base,0.014,0,2,0,0,0,Not Found,invalid,Not Found,0.373
/home/ubuntu/Lustre-exp/kind2-benchmarks/FMCAD08/Int32/simulation/fast_1_e8_747_e7_692.lus,base,0.014,0,2,0,0,0,Not Found,invalid,Not Found,0.371
/home/ubuntu/Lustre-exp/kind2-benchmarks/FMCAD08/Int32/simulation/fast_1_e8_747_e8_1041.lus,base,0.087,3,93,3,0,0,Not Found,valid,1 0,0.427
/home/ubuntu/Lustre-exp/kind2-benchmarks/FMCAD08/Int32/simulation/fast_1_e8_751.lus,base,0.103,3,110,4,0,0,Not Found,valid,1 0,0.439
/home/ubuntu/Lustre-exp/kind2-benchmarks/FMCAD08/Int32/simulation/fast_2.lus,base,0.199,3,195,8,0,0,Not Found,valid,2 0,0.541
/home/ubuntu/Lustre-exp/kind2-benchmarks/FMCAD08/Int32/simulation/fast_2_e7_2526.lus,base,0.017,0,2,0,0,0,Not Found,invalid,Not Found,0.365
/home/ubuntu/Lustre-exp/kind2-benchmarks/FMCAD08/Int32/simulation/fast_2_e7_2526_e7_2736.lus,base,0.017,0,2,0,0,0,Not Found,invalid,Not Found,0.366
/home/ubuntu/Lustre-exp/kind2-benchmarks/FMCAD08/Int32/simulation/fast_2_e8_460_e7_43.lus,base,0.017,0,2,0,0,0,Not Found,invalid,Not Found,0.375
/home/ubuntu/Lustre-exp/kind2-benchmarks/FMCAD08/Int32/simulation/fast_2_e8_460_e8_1920.lus,base,0.208,3,211,9,0,0,Not Found,valid,3 1,0.551
/home/ubuntu/Lustre-exp/kind2-benchmarks/FMCAD08/Int32/simulation/fast_2_e8_976.lus,base,0.201,3,202,9,0,0,Not Found,valid,2 1,0.551
/home/ubuntu/Lustre-exp/kind2-benchmarks/FMCAD08/Int32/simulation/Gas.lus,base,255.381,4,2518,30,1,0,Not Found,timeout,31 29 27 25,290.127
/home/ubuntu/Lustre-exp/kind2-benchmarks/FMCAD08/Int32/simulation/hysteresis_1.lus,base,0.012,2,12,0,0,0,Not Found,valid,0,0.352
/home/ubuntu/Lustre-exp/kind2-benchmarks/FMCAD08/Int32/simulation/hysteresis_2.lus,base,0.128,3,115,4,0,0,Not Found,valid,4 3,0.464
/home/ubuntu/Lustre-exp/kind2-benchmarks/FMCAD08/Int32/simulation/hysteresis_3.lus,base,0.124,3,114,4,0,0,Not Found,valid,4 3,0.464
/home/ubuntu/Lustre-exp/kind2-benchmarks/FMCAD08/Int32/simulation/hysteresis_all.lus,base,0.23,3,227,8,0,0,Not Found,valid,8 4,0.575
/home/ubuntu/Lustre-exp/kind2-benchmarks/FMCAD08/Int32/simulation/metros_1.lus,base,39.874,2,470,18,0,0,Not Found,timeout,21 17,290.116
/home/ubuntu/Lustre-exp/kind2-benchmarks/FMCAD08/Int32/simulation/metros_1_e1_846_e1_1317.lus,base,32.381,2,361,14,0,0,Not Found,timeout,17 12,290.116
/home/ubuntu/Lustre-exp/kind2-benchmarks/FMCAD08/Int32/simulation/metros_1_e1_846_e2_1394.lus,base,52.368,3,455,16,0,0,Not Found,valid,17 15,52.708
/home/ubuntu/Lustre-exp/kind2-benchmarks/FMCAD08/Int32/simulation/metros_1_e1_846_e3_1060.lus,base,2.947,2,219,9,0,0,Not Found,timeout,12 8,290.116
/home/ubuntu/Lustre-exp/kind2-benchmarks/FMCAD08/Int32/simulation/metros_1_e1_846_e7_397.lus,base,52.159,2,486,18,0,0,Not Found,timeout,21 17,290.114
/home/ubuntu/Lustre-exp/kind2-benchmarks/FMCAD08/Int32/simulation/metros_1_e2_1102_e1_317.lus,base,278.215,4,865,22,0,0,Not Found,valid,9 7 5,278.584
/home/ubuntu/Lustre-exp/kind2-benchmarks/FMCAD08/Int32/simulation/metros_1_e2_1102_e2_943.lus,base,165.336,4,656,19,0,0,Not Found,valid,4 3 2,165.681
/home/ubuntu/Lustre-exp/kind2-benchmarks/FMCAD08/Int32/simulation/metros_1_e2_1102_e3_961.lus,base,237.268,4,706,17,0,0,Not Found,valid,8 6 4,237.614
/home/ubuntu/Lustre-exp/kind2-benchmarks/FMCAD08/Int32/simulation/metros_1_e2_1102_e7_1163.lus,base,4.671,2,221,9,0,0,Not Found,timeout,12 8,290.115
/home/ubuntu/Lustre-exp/kind2-benchmarks/FMCAD08/Int32/simulation/metros_1_e2_627.lus,base,218.565,4,1255,26,0,0,Not Found,valid,8 2 0,218.936
/home/ubuntu/Lustre-exp/kind2-benchmarks/FMCAD08/Int32/simulation/metros_1_e7_1255_e7_12.lus,base,19.12,2,399,15,0,0,Not Found,timeout,18 11,290.115
/home/ubuntu/Lustre-exp/kind2-benchmarks/FMCAD08/Int32/simulation/metros_1_e7_606.lus,base,24.98,2,409,15,0,0,Not Found,timeout,19 14,290.115
/home/ubuntu/Lustre-exp/kind2-benchmarks/FMCAD08/Int32/simulation/metros_1_e8_725.lus,base,0.068,2,26,1,0,0,Not Found,valid,1,0.406
/home/ubuntu/Lustre-exp/kind2-benchmarks/FMCAD08/Int32/simulation/metros_1_e8_725_e1_919.lus,base,0.095,2,26,1,0,0,Not Found,valid,1,0.439
/home/ubuntu/Lustre-exp/kind2-benchmarks/FMCAD08/Int32/simulation/metros_1_e8_725_e2_1144.lus,base,0.07,2,26,1,0,0,Not Found,valid,1,0.406
/home/ubuntu/Lustre-exp/kind2-benchmarks/FMCAD08/Int32/simulation/metros_1_e8_725_e3_556.lus,base,0.115,2,26,1,0,0,Not Found,valid,1,0.468
/home/ubuntu/Lustre-exp/kind2-benchmarks/FMCAD08/Int32/simulation/metros_2.lus,base,199.379,2,862,25,0,0,Not Found,timeout,32 20,290.117
/home/ubuntu/Lustre-exp/kind2-benchmarks/FMCAD08/Int32/simulation/metros_2_e1_1116_e1_556.lus,base,162.786,2,591,19,0,0,Not Found,timeout,22 14,290.116
/home/ubuntu/Lustre-exp/kind2-benchmarks/FMCAD08/Int32/simulation/metros_2_e1_1116_e2_617.lus,base,173.116,3,658,18,0,0,Not Found,timeout,12 9 7,290.116
/home/ubuntu/Lustre-exp/kind2-benchmarks/FMCAD08/Int32/simulation/metros_2_e1_1116_e3_287.lus,base,26.885,2,411,17,0,0,Not Found,invalid,18 6,27.262
/home/ubuntu/Lustre-exp/kind2-benchmarks/FMCAD08/Int32/simulation/metros_2_e1_1116_e7_1440.lus,base,111.678,2,833,28,0,0,Not Found,invalid,33 14,112.07
/home/ubuntu/Lustre-exp/kind2-benchmarks/FMCAD08/Int32/simulation/metros_2_e1_190.lus,base,85.856,2,454,14,0,0,Not Found,timeout,19 10,290.116
/home/ubuntu/Lustre-exp/kind2-benchmarks/FMCAD08/Int32/simulation/metros_2_e2_704_e1_389.lus,base,250.838,2,595,19,0,0,Not Found,timeout,21 12,290.117
/home/ubuntu/Lustre-exp/kind2-benchmarks/FMCAD08/Int32/simulation/metros_2_e2_704_e2_13.lus,base,77.664,2,457,17,0,0,Not Found,timeout,17 9,290.114
/home/ubuntu/Lustre-exp/kind2-benchmarks/FMCAD08/Int32/simulation/metros_2_e2_704_e3_76.lus,base,6.553,2,441,19,0,0,Not Found,invalid,20 6,6.948
/home/ubuntu/Lustre-exp/kind2-benchmarks/FMCAD08/Int32/simulation/metros_2_e2_704_e7_810.lus,base,57.405,2,503,15,0,0,Not Found,timeout,23 13,290.116
/home/ubuntu/Lustre-exp/kind2-benchmarks/FMCAD08/Int32/simulation/metros_2_e2_968.lus,base,128.024,2,640,19,0,0,Not Found,timeout,23 12,290.116
/home/ubuntu/Lustre-exp/kind2-benchmarks/FMCAD08/Int32/simulation/metros_2_e3_112.lus,base,0.125,1,40,3,0,0,Not Found,timeout,3,290.115
/home/ubuntu/Lustre-exp/kind2-benchmarks/FMCAD08/Int32/simulation/metros_3.lus,base,0.371,1,47,4,0,0,Not Found,timeout,4,290.115
/home/ubuntu/Lustre-exp/kind2-benchmarks/FMCAD08/Int32/simulation/metros_3_e3_1275.lus,base,0.254,1,35,3,0,0,Not Found,timeout,3,290.115
/home/ubuntu/Lustre-exp/kind2-benchmarks/FMCAD08/Int32/simulation/metros_3_e3_1275_e1_1350.lus,base,0.547,1,56,5,0,0,Not Found,timeout,5,290.115
/home/ubuntu/Lustre-exp/kind2-benchmarks/FMCAD08/Int32/simulation/metros_3_e3_1275_e2_454.lus,base,0.199,1,24,2,0,0,Not Found,timeout,2,290.116
/home/ubuntu/Lustre-exp/kind2-benchmarks/FMCAD08/Int32/simulation/metros_3_e3_1275_e3_640.lus,base,0.333,1,34,3,0,0,Not Found,timeout,3,290.117
/home/ubuntu/Lustre-exp/kind2-benchmarks/FMCAD08/Int32/simulation/metros_3_e3_1275_e4_164.lus,base,0.168,1,14,1,0,0,Not Found,timeout,1,290.115
/home/ubuntu/Lustre-exp/kind2-benchmarks/FMCAD08/Int32/simulation/metros_3_e3_1275_e5_846.lus,base,0.331,1,36,3,0,0,Not Found,timeout,3,290.115
/home/ubuntu/Lustre-exp/kind2-benchmarks/FMCAD08/Int32/simulation/metros_3_e3_1275_e6_1315.lus,base,0.355,1,47,4,0,0,Not Found,timeout,4,290.115
/home/ubuntu/Lustre-exp/kind2-benchmarks/FMCAD08/Int32/simulation/metros_3_e3_1275_e7_529.lus,base,0.305,1,39,3,0,0,Not Found,timeout,3,290.116
/home/ubuntu/Lustre-exp/kind2-benchmarks/FMCAD08/Int32/simulation/metros_3_e4_987.lus,base,0.413,1,45,4,0,0,Not Found,timeout,4,290.115
/home/ubuntu/Lustre-exp/kind2-benchmarks/FMCAD08/Int32/simulation/metros_3_e4_987_e1_1115.lus,base,0.457,1,32,3,0,0,Not Found,timeout,3,290.115
/home/ubuntu/Lustre-exp/kind2-benchmarks/FMCAD08/Int32/simulation/metros_3_e4_987_e2_80.lus,base,0.478,1,66,5,0,0,Not Found,timeout,5,290.116
/home/ubuntu/Lustre-exp/kind2-benchmarks/FMCAD08/Int32/simulation/metros_3_e4_987_e3_291.lus,base,0.33,1,34,3,0,0,Not Found,timeout,3,290.117
/home/ubuntu/Lustre-exp/kind2-benchmarks/FMCAD08/Int32/simulation/metros_4.lus,base,0.222,1,14,1,0,0,Not Found,timeout,1,290.115
/home/ubuntu/Lustre-exp/kind2-benchmarks/FMCAD08/Int32/simulation/metros_4_e1_821_e5_911.lus,base,0.191,1,16,1,0,0,Not Found,timeout,1,290.113
/home/ubuntu/Lustre-exp/kind2-benchmarks/FMCAD08/Int32/simulation/metros_4_e1_917.lus,base,0.483,1,77,6,0,0,Not Found,timeout,6,290.115
/home/ubuntu/Lustre-exp/kind2-benchmarks/FMCAD08/Int32/simulation/metros_4_e2_968.lus,base,0.275,1,34,3,0,0,Not Found,timeout,3,290.116
/home/ubuntu/Lustre-exp/kind2-benchmarks/FMCAD08/Int32/simulation/metros_4_e2_968_e1_956.lus,base,0.128,1,16,1,0,0,Not Found,timeout,1,290.115
/home/ubuntu/Lustre-exp/kind2-benchmarks/FMCAD08/Int32/simulation/metros_4_e2_968_e2_1166.lus,base,0.173,1,24,2,0,0,Not Found,timeout,2,290.115
/home/ubuntu/Lustre-exp/kind2-benchmarks/FMCAD08/Int32/simulation/metros_4_e2_968_e3_931.lus,base,0.29,1,37,3,0,0,Not Found,timeout,3,290.113
/home/ubuntu/Lustre-exp/kind2-benchmarks/FMCAD08/Int32/simulation/metros_4_e2_968_e4_801.lus,base,0.547,1,79,6,0,0,Not Found,timeout,6,290.117
/home/ubuntu/Lustre-exp/kind2-benchmarks/FMCAD08/Int32/simulation/metros_4_e2_968_e5_991.lus,base,0.489,1,50,4,0,0,Not Found,timeout,4,290.115
/home/ubuntu/Lustre-exp/kind2-benchmarks/FMCAD08/Int32/simulation/metros_4_e2_968_e6_236.lus,base,0.119,1,14,1,0,0,Not Found,timeout,1,290.122
/home/ubuntu/Lustre-exp/kind2-benchmarks/FMCAD08/Int32/simulation/metros_4_e2_968_e7_860.lus,base,0.313,1,36,3,0,0,Not Found,timeout,3,290.116
/home/ubuntu/Lustre-exp/kind2-benchmarks/FMCAD08/Int32/simulation/metros_4_e3_1025.lus,base,0.766,1,77,6,0,0,Not Found,timeout,6,290.116
/home/ubuntu/Lustre-exp/kind2-benchmarks/FMCAD08/Int32/simulation/metros_4_e3_1091_e1_1044.lus,base,0.134,1,16,1,0,0,Not Found,timeout,1,290.115
/home/ubuntu/Lustre-exp/kind2-benchmarks/FMCAD08/Int32/simulation/metros_4_e3_1091_e2_1317.lus,base,0.291,1,34,3,0,0,Not Found,timeout,3,290.115
/home/ubuntu/Lustre-exp/kind2-benchmarks/FMCAD08/Int32/simulation/metros_4_e3_1091_e3_522.lus,base,0.391,1,50,4,0,0,Not Found,timeout,4,290.113
/home/ubuntu/Lustre-exp/kind2-benchmarks/FMCAD08/Int32/simulation/metros_4_e3_1091_e4_232.lus,base,0.309,1,34,3,0,0,Not Found,timeout,3,290.114
/home/ubuntu/Lustre-exp/kind2-benchmarks/FMCAD08/Int32/simulation/metros_4_e5_1150.lus,base,0.404,1,36,3,0,0,Not Found,timeout,3,290.114
/home/ubuntu/Lustre-exp/kind2-benchmarks/FMCAD08/Int32/simulation/metros_5.lus,base,0.978,1,60,5,0,0,Not Found,timeout,5,290.116
/home/ubuntu/Lustre-exp/kind2-benchmarks/FMCAD08/Int32/simulation/metros_5_e4_1208_e1_337.lus,base,0.67,1,31,3,0,0,Not Found,timeout,3,290.116
/home/ubuntu/Lustre-exp/kind2-benchmarks/FMCAD08/Int32/simulation/PRODUCER_CONSUMER_1.lus,base,0.143,4,144,2,0,0,Not Found,valid,2 1 0,0.474
/home/ubuntu/Lustre-exp/kind2-benchmarks/FMCAD08/Int32/simulation/PRODUCER_CONSUMER_2.lus,base,0.034,2,25,1,0,0,Not Found,valid,1,0.373
/home/ubuntu/Lustre-exp/kind2-benchmarks/FMCAD08/Int32/simulation/PRODUCER_CONSUMER_3.lus,base,0.062,2,27,1,0,0,Not Found,valid,1,0.404
/home/ubuntu/Lustre-exp/kind2-benchmarks/FMCAD08/Int32/simulation/PRODUCER_CONSUMER_all.lus,base,0.088,2,42,2,0,0,Not Found,valid,2,0.434
/home/ubuntu/Lustre-exp/kind2-benchmarks/FMCAD08/Int32/simulation/PRODUCER_CONSUMER_vt.lus,base,2.77,1,29,2,0,0,Not Found,timeout,2,290.114
/home/ubuntu/Lustre-exp/kind2-benchmarks/FMCAD08/Int32/simulation/PRODUCER_CONSUMER_vt_e2_1352.lus,base,266.737,2,153,5,1,0,Not Found,timeout,6 2,290.113
/home/ubuntu/Lustre-exp/kind2-benchmarks/FMCAD08/Int32/simulation/PRODUCER_CONSUMER_vt_e3_507.lus,base,3.056,1,39,3,0,0,Not Found,timeout,3,290.116
/home/ubuntu/Lustre-exp/kind2-benchmarks/FMCAD08/Int32/simulation/PRODUCER_CONSUMER_vt_e7_1059_e8_1111.lus,base,2.782,1,29,2,0,0,Not Found,timeout,2,290.117
/home/ubuntu/Lustre-exp/kind2-benchmarks/FMCAD08/Int32/simulation/PRODUCER_CONSUMMER_luke_1.lus,base,0.012,0,2,0,0,0,Not Found,invalid,Not Found,0.362
/home/ubuntu/Lustre-exp/kind2-benchmarks/FMCAD08/Int32/simulation/PRODUCER_CONSUMMER_luke_2.lus,base,1.966,1,27,2,0,0,Not Found,timeout,2,290.117
/home/ubuntu/Lustre-exp/kind2-benchmarks/FMCAD08/Int32/simulation/PRODUCER_CONSUMMER_luke_2_e7_1068_e8_1019.lus,base,1.988,1,27,2,0,0,Not Found,timeout,2,290.115
/home/ubuntu/Lustre-exp/kind2-benchmarks/FMCAD08/Int32/simulation/speed_e7_207.lus,base,0.011,2,12,0,0,0,Not Found,valid,0,0.352
/home/ubuntu/Lustre-exp/kind2-benchmarks/FMCAD08/Int32/simulation/speed_e7_207_e7_538.lus,base,0.014,2,12,0,0,0,Not Found,valid,0,0.356
/home/ubuntu/Lustre-exp/kind2-benchmarks/FMCAD08/Int32/simulation/speed_e7_207_e8_507.lus,base,0.012,2,12,0,0,0,Not Found,valid,0,0.353
/home/ubuntu/Lustre-exp/kind2-benchmarks/FMCAD08/Int32/simulation/speed_e8_649.lus,base,0.012,2,12,0,0,0,Not Found,valid,0,0.365
/home/ubuntu/Lustre-exp/kind2-benchmarks/FMCAD08/Int32/simulation/speed_e8_649_e7_709.lus,base,0.013,2,12,0,0,0,Not Found,valid,0,0.362
/home/ubuntu/Lustre-exp/kind2-benchmarks/FMCAD08/Int32/simulation/speed2.lus,base,9.065,4,784,16,0,1,Not Found,timeout,12 11 7 5,290.119
/home/ubuntu/Lustre-exp/kind2-benchmarks/FMCAD08/Int32/simulation/speed2_e7_223_e7_213.lus,base,279.603,7,3037,35,0,1,Not Found,timeout,18 16 13 12 11 9 7,290.131
/home/ubuntu/Lustre-exp/kind2-benchmarks/FMCAD08/Int32/simulation/speed2_e7_223_e8_329.lus,base,5.659,4,627,13,0,1,Not Found,timeout,12 9 7 5,290.126
/home/ubuntu/Lustre-exp/kind2-benchmarks/FMCAD08/Int32/simulation/speed2_e7_496.lus,base,154.377,8,2318,24,0,1,Not Found,timeout,14 13 10 9 8 7 6 4,290.116
/home/ubuntu/Lustre-exp/kind2-benchmarks/FMCAD08/Int32/simulation/speed2_e8_449.lus,base,0.071,3,94,3,0,0,Not Found,valid,3 2,0.403
/home/ubuntu/Lustre-exp/kind2-benchmarks/FMCAD08/Int32/simulation/speed2_e8_449_e7_353.lus,base,0.202,2,138,6,0,0,Not Found,timeout,8 5,290.122
/home/ubuntu/Lustre-exp/kind2-benchmarks/FMCAD08/Int32/simulation/speed2_e8_449_e8_517.lus,base,0.12,3,149,7,0,0,Not Found,valid,5 2,0.457
/home/ubuntu/Lustre-exp/kind2-benchmarks/FMCAD08/Real_Int/large/ccp01.lus,base,11.992,4,218,4,0,0,Not Found,valid,3 2 1,12.475
/home/ubuntu/Lustre-exp/kind2-benchmarks/FMCAD08/Real_Int/large/ccp02.lus,base,7.862,4,195,3,0,0,Not Found,valid,2 1 0,8.335
/home/ubuntu/Lustre-exp/kind2-benchmarks/FMCAD08/Real_Int/large/ccp03.lus,base,7.1,4,185,3,0,0,Not Found,valid,2 1 0,7.58
/home/ubuntu/Lustre-exp/kind2-benchmarks/FMCAD08/Real_Int/large/ccp04.lus,base,1.191,2,41,2,0,0,Not Found,valid,2,1.665
/home/ubuntu/Lustre-exp/kind2-benchmarks/FMCAD08/Real_Int/large/ccp05.lus,base,0.02,2,12,0,0,0,Not Found,valid,0,0.504
/home/ubuntu/Lustre-exp/kind2-benchmarks/FMCAD08/Real_Int/large/ccp06.lus,base,0.028,2,12,0,0,0,Not Found,valid,0,0.729
/home/ubuntu/Lustre-exp/kind2-benchmarks/FMCAD08/Real_Int/large/ccp07.lus,base,0.028,2,12,0,0,0,Not Found,valid,0,0.69
/home/ubuntu/Lustre-exp/kind2-benchmarks/FMCAD08/Real_Int/large/ccp08.lus,base,3.659,3,188,7,0,0,Not Found,valid,6 5,4.278
/home/ubuntu/Lustre-exp/kind2-benchmarks/FMCAD08/Real_Int/large/ccp09.lus,base,0.029,2,12,0,0,0,Not Found,valid,0,0.715
/home/ubuntu/Lustre-exp/kind2-benchmarks/FMCAD08/Real_Int/large/ccp10.lus,base,8.455,2,79,7,0,0,Not Found,invalid,0,9.187
/home/ubuntu/Lustre-exp/kind2-benchmarks/FMCAD08/Real_Int/large/ccp11.lus,base,61.963,3,1912,39,0,2,Not Found,timeout,35 27 16,290.119
/home/ubuntu/Lustre-exp/kind2-benchmarks/FMCAD08/Real_Int/large/ccp12.lus,base,68.222,2,1270,36,1,0,Not Found,invalid,0,69.004
/home/ubuntu/Lustre-exp/kind2-benchmarks/FMCAD08/Real_Int/large/ccp13.lus,base,158.968,7,7384,69,2,9,Not Found,timeout,21 17 13 11 10 9 8,290.123
/home/ubuntu/Lustre-exp/kind2-benchmarks/FMCAD08/Real_Int/large/ccp14.lus,base,72.797,2,2506,53,4,4,Not Found,invalid,0,73.607
/home/ubuntu/Lustre-exp/kind2-benchmarks/FMCAD08/Real_Int/large/ccp15.lus,base,0.029,2,12,0,0,0,Not Found,valid,0,0.754
/home/ubuntu/Lustre-exp/kind2-benchmarks/FMCAD08/Real_Int/large/ccp16.lus,base,0.007,2,12,0,0,0,Not Found,valid,0,0.377
/home/ubuntu/Lustre-exp/kind2-benchmarks/FMCAD08/Real_Int/large/ccp17.lus,base,3.053,3,127,4,0,0,Not Found,valid,4 3,3.741
/home/ubuntu/Lustre-exp/kind2-benchmarks/FMCAD08/Real_Int/large/ccp18.lus,base,3.754,3,166,6,0,0,Not Found,valid,6 5,4.421
/home/ubuntu/Lustre-exp/kind2-benchmarks/FMCAD08/Real_Int/large/ccp19.lus,base,0.029,2,12,0,0,0,Not Found,valid,0,0.772
/home/ubuntu/Lustre-exp/kind2-benchmarks/FMCAD08/Real_Int/large/ccp20.lus,base,26.763,4,1353,25,0,0,Not Found,valid,11 5 0,27.486
/home/ubuntu/Lustre-exp/kind2-benchmarks/FMCAD08/Real_Int/large/ccp21.lus,base,57.347,2,1152,33,2,0,Not Found,invalid,0,58.085
/home/ubuntu/Lustre-exp/kind2-benchmarks/FMCAD08/Real_Int/large/ccp22.lus,base,64.039,3,1490,35,0,2,Not Found,timeout,29 25 13,290.119
/home/ubuntu/Lustre-exp/kind2-benchmarks/FMCAD08/Real_Int/large/ccp23.lus,base,91.359,2,2242,63,0,4,Not Found,invalid,0,92.178
/home/ubuntu/Lustre-exp/kind2-benchmarks/FMCAD08/Real_Int/large/ccp24.lus,base,163.509,3,4431,66,1,2,Not Found,timeout,86 69 39,290.12
/home/ubuntu/Lustre-exp/kind2-benchmarks/FMCAD08/Real_Int/large/cruise_controller_01.lus,base,5.689,4,278,6,0,0,Not Found,valid,4 2 1,6.095
/home/ubuntu/Lustre-exp/kind2-benchmarks/FMCAD08/Real_Int/large/cruise_controller_02.lus,base,3.532,4,238,4,0,0,Not Found,valid,3 2 0,3.928
/home/ubuntu/Lustre-exp/kind2-benchmarks/FMCAD08/Real_Int/large/cruise_controller_03.lus,base,2.44,4,187,3,0,0,Not Found,valid,2 1 0,2.84
/home/ubuntu/Lustre-exp/kind2-benchmarks/FMCAD08/Real_Int/large/cruise_controller_04.lus,base,0.247,2,39,2,0,0,Not Found,valid,2,0.66
/home/ubuntu/Lustre-exp/kind2-benchmarks/FMCAD08/Real_Int/large/cruise_controller_05.lus,base,0.017,2,12,0,0,0,Not Found,valid,0,0.412
/home/ubuntu/Lustre-exp/kind2-benchmarks/FMCAD08/Real_Int/large/cruise_controller_06.lus,base,0.024,2,12,0,0,0,Not Found,valid,0,0.506
/home/ubuntu/Lustre-exp/kind2-benchmarks/FMCAD08/Real_Int/large/cruise_controller_07.lus,base,0.027,2,12,0,0,0,Not Found,valid,0,0.492
/home/ubuntu/Lustre-exp/kind2-benchmarks/FMCAD08/Real_Int/large/cruise_controller_08.lus,base,112.359,2,11988,144,0,4,Not Found,invalid,0,112.867
/home/ubuntu/Lustre-exp/kind2-benchmarks/FMCAD08/Real_Int/large/cruise_controller_09.lus,base,5.753,2,259,15,0,0,Not Found,invalid,0,6.259
/home/ubuntu/Lustre-exp/kind2-benchmarks/FMCAD08/Real_Int/large/cruise_controller_10.lus,base,10.654,4,1525,32,0,0,Not Found,valid,13 6 0,11.145
/home/ubuntu/Lustre-exp/kind2-benchmarks/FMCAD08/Real_Int/large/cruise_controller_11.lus,base,0.027,2,12,0,0,0,Not Found,valid,0,0.537
/home/ubuntu/Lustre-exp/kind2-benchmarks/FMCAD08/Real_Int/large/cruise_controller_12.lus,base,1.069,3,168,6,0,0,Not Found,valid,6 5,1.526
/home/ubuntu/Lustre-exp/kind2-benchmarks/FMCAD08/Real_Int/large/cruise_controller_13.lus,base,0.022,2,12,0,0,0,Not Found,valid,0,0.497
/home/ubuntu/Lustre-exp/kind2-benchmarks/FMCAD08/Real_Int/large/cruise_controller_14.lus,base,0.482,3,123,3,0,0,Not Found,valid,3 2,0.945
/home/ubuntu/Lustre-exp/kind2-benchmarks/FMCAD08/Real_Int/large/cruise_controller_15.lus,base,10.917,2,880,39,0,0,Not Found,invalid,0,11.461
/home/ubuntu/Lustre-exp/kind2-benchmarks/FMCAD08/Real_Int/large/cruise_controller_16.lus,base,121.586,2,13588,151,1,2,Not Found,invalid,0,122.101
/home/ubuntu/Lustre-exp/kind2-benchmarks/FMCAD08/Real_Int/large/cruise_controller_17.lus,base,27.82,2,1496,39,1,0,Not Found,invalid,0,28.331
/home/ubuntu/Lustre-exp/kind2-benchmarks/FMCAD08/Real_Int/large/cruise_controller_18.lus,base,9.723,5,803,16,0,0,Not Found,valid,8 5 2 0,10.21
/home/ubuntu/Lustre-exp/kind2-benchmarks/FMCAD08/Real_Int/large/cruise_controller_19.lus,base,10.945,5,774,17,0,0,Not Found,valid,6 3 1 0,11.446
/home/ubuntu/Lustre-exp/kind2-benchmarks/FMCAD08/Real_Int/large/cruise_controller_20.lus,base,13.101,2,1415,37,0,0,Not Found,invalid,0,13.621
/home/ubuntu/Lustre-exp/kind2-benchmarks/FMCAD08/Real_Int/large/cruise_controller_21.lus,base,0.023,2,13,0,0,0,Not Found,invalid,0,0.506
/home/ubuntu/Lustre-exp/kind2-benchmarks/FMCAD08/Real_Int/large/cruise_controller_22.lus,base,15.748,2,1159,40,1,0,Not Found,invalid,0,16.285
/home/ubuntu/Lustre-exp/kind2-benchmarks/FMCAD08/Real_Int/large/cruise_controller_23.lus,base,167.297,2,12836,152,1,4,Not Found,invalid,0,167.805
/home/ubuntu/Lustre-exp/kind2-benchmarks/FMCAD08/Real_Int/large/cruise_controller_24.lus,base,0.652,3,114,3,0,0,Not Found,valid,3 2,1.11
/home/ubuntu/Lustre-exp/kind2-benchmarks/FMCAD08/Real_Int32/large/ccp01.lus,base,12.18,4,183,3,0,0,Not Found,valid,2 1 0,12.676
/home/ubuntu/Lustre-exp/kind2-benchmarks/FMCAD08/Real_Int32/large/ccp02.lus,base,5.844,3,95,2,0,0,Not Found,valid,1 0,6.338
/home/ubuntu/Lustre-exp/kind2-benchmarks/FMCAD08/Real_Int32/large/ccp03.lus,base,5.22,3,87,2,0,0,Not Found,valid,1 0,5.708
/home/ubuntu/Lustre-exp/kind2-benchmarks/FMCAD08/Real_Int32/large/ccp04.lus,base,1.608,2,41,2,0,0,Not Found,valid,2,2.111
/home/ubuntu/Lustre-exp/kind2-benchmarks/FMCAD08/Real_Int32/large/ccp05.lus,base,0.029,2,12,0,0,0,Not Found,valid,0,0.529
/home/ubuntu/Lustre-exp/kind2-benchmarks/FMCAD08/Real_Int32/large/ccp06.lus,base,0.038,2,12,0,0,0,Not Found,valid,0,0.787
/home/ubuntu/Lustre-exp/kind2-benchmarks/FMCAD08/Real_Int32/large/ccp07.lus,base,0.038,2,12,0,0,0,Not Found,valid,0,0.734
/home/ubuntu/Lustre-exp/kind2-benchmarks/FMCAD08/Real_Int32/large/ccp08.lus,base,4.349,3,113,4,0,0,Not Found,valid,3 2,4.998
/home/ubuntu/Lustre-exp/kind2-benchmarks/FMCAD08/Real_Int32/large/ccp09.lus,base,0.037,2,12,0,0,0,Not Found,valid,0,0.747
/home/ubuntu/Lustre-exp/kind2-benchmarks/FMCAD08/Real_Int32/large/ccp10.lus,base,Not Found,Not Found,Not Found,Not Found,Not Found,Not Found,Not Found,timeout,Not Found,290.114
/home/ubuntu/Lustre-exp/kind2-benchmarks/FMCAD08/Real_Int32/large/ccp11.lus,base,125.128,3,1594,36,1,1,Not Found,timeout,32 27 17,290.163
/home/ubuntu/Lustre-exp/kind2-benchmarks/FMCAD08/Real_Int32/large/ccp12.lus,base,92.6,2,787,24,0,0,Not Found,invalid,19 12,93.585
/home/ubuntu/Lustre-exp/kind2-benchmarks/FMCAD08/Real_Int32/large/ccp13.lus,base,70.079,3,1232,27,1,2,Not Found,timeout,32 25 14,290.121
/home/ubuntu/Lustre-exp/kind2-benchmarks/FMCAD08/Real_Int32/large/ccp14.lus,base,64.83,2,889,31,1,0,Not Found,invalid,30 7,66.74
/home/ubuntu/Lustre-exp/kind2-benchmarks/FMCAD08/Real_Int32/large/ccp15.lus,base,0.039,2,12,0,0,0,Not Found,valid,0,0.763
/home/ubuntu/Lustre-exp/kind2-benchmarks/FMCAD08/Real_Int32/large/ccp16.lus,base,0.006,2,12,0,0,0,Not Found,valid,0,0.393
/home/ubuntu/Lustre-exp/kind2-benchmarks/FMCAD08/Real_Int32/large/ccp17.lus,base,9.851,4,563,11,0,0,Not Found,valid,4 1 0,10.572
/home/ubuntu/Lustre-exp/kind2-benchmarks/FMCAD08/Real_Int32/large/ccp18.lus,base,3.252,3,142,5,0,0,Not Found,valid,5 4,3.928
/home/ubuntu/Lustre-exp/kind2-benchmarks/FMCAD08/Real_Int32/large/ccp19.lus,base,0.039,2,12,0,0,0,Not Found,valid,0,0.79
/home/ubuntu/Lustre-exp/kind2-benchmarks/FMCAD08/Real_Int32/large/ccp20.lus,base,Not Found,Not Found,Not Found,Not Found,Not Found,Not Found,Not Found,timeout,Not Found,290.114
/home/ubuntu/Lustre-exp/kind2-benchmarks/FMCAD08/Real_Int32/large/ccp21.lus,base,32.846,2,470,21,0,0,Not Found,invalid,17 11,33.793
/home/ubuntu/Lustre-exp/kind2-benchmarks/FMCAD08/Real_Int32/large/ccp22.lus,base,208.264,4,4130,75,0,7,Not Found,timeout,48 41 31 18,290.122
/home/ubuntu/Lustre-exp/kind2-benchmarks/FMCAD08/Real_Int32/large/ccp23.lus,base,172.662,3,2414,65,0,3,Not Found,invalid,52 29 18,174.484
/home/ubuntu/Lustre-exp/kind2-benchmarks/FMCAD08/Real_Int32/large/ccp24.lus,base,73.473,2,746,24,0,0,Not Found,timeout,29 19,290.121
/home/ubuntu/Lustre-exp/kind2-benchmarks/FMCAD08/Real_Int32/large/cruise_controller_01.lus,base,4.098,3,97,2,0,0,Not Found,valid,1 0,4.51
/home/ubuntu/Lustre-exp/kind2-benchmarks/FMCAD08/Real_Int32/large/cruise_controller_02.lus,base,2.306,3,91,2,0,0,Not Found,valid,1 0,2.72
/home/ubuntu/Lustre-exp/kind2-benchmarks/FMCAD08/Real_Int32/large/cruise_controller_03.lus,base,3.655,4,195,3,0,0,Not Found,valid,2 1 0,4.056
/home/ubuntu/Lustre-exp/kind2-benchmarks/FMCAD08/Real_Int32/large/cruise_controller_04.lus,base,0.863,2,39,2,0,0,Not Found,valid,2,1.278
/home/ubuntu/Lustre-exp/kind2-benchmarks/FMCAD08/Real_Int32/large/cruise_controller_05.lus,base,0.025,2,12,0,0,0,Not Found,valid,0,0.452
/home/ubuntu/Lustre-exp/kind2-benchmarks/FMCAD08/Real_Int32/large/cruise_controller_06.lus,base,0.034,2,12,0,0,0,Not Found,valid,0,0.528
/home/ubuntu/Lustre-exp/kind2-benchmarks/FMCAD08/Real_Int32/large/cruise_controller_07.lus,base,0.035,2,12,0,0,0,Not Found,valid,0,0.512
/home/ubuntu/Lustre-exp/kind2-benchmarks/FMCAD08/Real_Int32/large/cruise_controller_08.lus,base,242.221,4,13734,149,0,4,Not Found,invalid,173 152 113 53,244.181
/home/ubuntu/Lustre-exp/kind2-benchmarks/FMCAD08/Real_Int32/large/cruise_controller_09.lus,base,Not Found,Not Found,Not Found,Not Found,Not Found,Not Found,Not Found,timeout,Not Found,290.112
/home/ubuntu/Lustre-exp/kind2-benchmarks/FMCAD08/Real_Int32/large/cruise_controller_10.lus,base,16.593,5,2086,35,0,0,Not Found,valid,15 8 1 0,17.098
/home/ubuntu/Lustre-exp/kind2-benchmarks/FMCAD08/Real_Int32/large/cruise_controller_11.lus,base,0.037,2,12,0,0,0,Not Found,valid,0,0.545
/home/ubuntu/Lustre-exp/kind2-benchmarks/FMCAD08/Real_Int32/large/cruise_controller_12.lus,base,0.877,3,130,4,0,0,Not Found,valid,4 3,1.339
/home/ubuntu/Lustre-exp/kind2-benchmarks/FMCAD08/Real_Int32/large/cruise_controller_13.lus,base,0.034,2,12,0,0,0,Not Found,valid,0,0.515
/home/ubuntu/Lustre-exp/kind2-benchmarks/FMCAD08/Real_Int32/large/cruise_controller_14.lus,base,1.248,3,104,3,0,0,Not Found,valid,2 1,1.728
/home/ubuntu/Lustre-exp/kind2-benchmarks/FMCAD08/Real_Int32/large/cruise_controller_15.lus,base,22.766,2,1406,31,0,0,Not Found,invalid,39 24,23.374
/home/ubuntu/Lustre-exp/kind2-benchmarks/FMCAD08/Real_Int32/large/cruise_controller_16.lus,base,60.455,3,2557,49,0,1,Not Found,timeout,45 37 24,290.165
/home/ubuntu/Lustre-exp/kind2-benchmarks/FMCAD08/Real_Int32/large/cruise_controller_17.lus,base,51.563,2,1466,41,1,0,Not Found,invalid,34 21,52.191
/home/ubuntu/Lustre-exp/kind2-benchmarks/FMCAD08/Real_Int32/large/cruise_controller_18.lus,base,19.136,5,765,15,0,0,Not Found,valid,8 5 1 0,19.625
/home/ubuntu/Lustre-exp/kind2-benchmarks/FMCAD08/Real_Int32/large/cruise_controller_19.lus,base,21.372,4,753,19,0,0,Not Found,valid,9 3 0,21.855
/home/ubuntu/Lustre-exp/kind2-benchmarks/FMCAD08/Real_Int32/large/cruise_controller_20.lus,base,30.675,2,1704,45,1,0,Not Found,invalid,48 20,31.728
/home/ubuntu/Lustre-exp/kind2-benchmarks/FMCAD08/Real_Int32/large/cruise_controller_21.lus,base,0.023,0,1,0,0,0,Not Found,invalid,Not Found,0.538
/home/ubuntu/Lustre-exp/kind2-benchmarks/FMCAD08/Real_Int32/large/cruise_controller_22.lus,base,36.301,2,1231,36,0,0,Not Found,invalid,28 17,36.9
/home/ubuntu/Lustre-exp/kind2-benchmarks/FMCAD08/Real_Int32/large/cruise_controller_23.lus,base,105.833,3,4985,72,1,2,Not Found,timeout,84 67 38,290.138
/home/ubuntu/Lustre-exp/kind2-benchmarks/FMCAD08/Real_Int32/large/cruise_controller_24.lus,base,3.564,3,128,4,0,0,Not Found,valid,4 3,4.038
/home/ubuntu/Lustre-exp/kind2-benchmarks/FunctionalChain/channel/channel.lus,base,Not Found,Not Found,Not Found,Not Found,Not Found,Not Found,Not Found,timeout,Not Found,290.113
/home/ubuntu/Lustre-exp/kind2-benchmarks/FunctionalChain/channel/channel_bounds.lus,base,Not Found,Not Found,Not Found,Not Found,Not Found,Not Found,Not Found,timeout,Not Found,290.113
/home/ubuntu/Lustre-exp/kind2-benchmarks/FunctionalChain/channel/channel_str.lus,base,Not Found,Not Found,Not Found,Not Found,Not Found,Not Found,Not Found,timeout,Not Found,290.14
/home/ubuntu/Lustre-exp/kind2-benchmarks/FunctionalChain/channel/channel_top.lus,base,Not Found,Not Found,Not Found,Not Found,Not Found,Not Found,Not Found,timeout,Not Found,290.111
/home/ubuntu/Lustre-exp/kind2-benchmarks/FunctionalChain/controlLaw/controlLaw.lus,base,0.027,2,37,2,0,0,Not Found,valid,2,0.361
/home/ubuntu/Lustre-exp/kind2-benchmarks/FunctionalChain/functionalChain_bounds_large.lus,base,Not Found,Not Found,Not Found,Not Found,Not Found,Not Found,Not Found,timeout,Not Found,290.138
/home/ubuntu/Lustre-exp/kind2-benchmarks/FunctionalChain/functionalChain_bounds_medium.lus,base,Not Found,Not Found,Not Found,Not Found,Not Found,Not Found,Not Found,timeout,Not Found,290.139
/home/ubuntu/Lustre-exp/kind2-benchmarks/FunctionalChain/functionalChain_bounds_small.lus,base,Not Found,Not Found,Not Found,Not Found,Not Found,Not Found,Not Found,timeout,Not Found,290.115
/home/ubuntu/Lustre-exp/kind2-benchmarks/FunctionalChain/functionalChain_str_large.lus,base,Not Found,Not Found,Not Found,Not Found,Not Found,Not Found,Not Found,timeout,Not Found,290.114
/home/ubuntu/Lustre-exp/kind2-benchmarks/FunctionalChain/functionalChain_str_medium.lus,base,Not Found,Not Found,Not Found,Not Found,Not Found,Not Found,Not Found,timeout,Not Found,290.12
/home/ubuntu/Lustre-exp/kind2-benchmarks/FunctionalChain/functionalChain_str_small.lus,base,Not Found,Not Found,Not Found,Not Found,Not Found,Not Found,Not Found,timeout,Not Found,290.115
/home/ubuntu/Lustre-exp/kind2-benchmarks/FunctionalChain/reconfiguration/reconfiguration_large.lus,base,8.289,12,3688,14,1,0,Not Found,timeout,12 11 10 9 8 7 6 5 4 3 2 1,290.207
/home/ubuntu/Lustre-exp/kind2-benchmarks/FunctionalChain/reconfiguration/reconfiguration_large_bound.lus,base,240.173,14,9442,30,1,0,Not Found,timeout,28 27 26 25 24 23 22 21 20 19 18 17 16 15,290.22
/home/ubuntu/Lustre-exp/kind2-benchmarks/FunctionalChain/reconfiguration/reconfiguration_medium.lus,base,268.032,9,55561,326,2,249,Not Found,timeout,383 371 350 319 280 234 182 125 65,290.17
/home/ubuntu/Lustre-exp/kind2-benchmarks/FunctionalChain/reconfiguration/reconfiguration_medium_bounds.lus,base,8.99,8,2000,10,1,0,Not Found,timeout,8 7 6 5 4 3 2 1,290.223
/home/ubuntu/Lustre-exp/kind2-benchmarks/FunctionalChain/reconfiguration/reconfiguration_small.lus,base,189.236,15,22900,114,2,28,Not Found,timeout,37 35 31 27 24 20 17 14 11 9 7 6 4 3 2,290.176
/home/ubuntu/Lustre-exp/kind2-benchmarks/FunctionalChain/reconfiguration/reconfiguration_small_bounds.lus,base,264.448,12,24030,188,2,49,Not Found,timeout,36 33 31 29 27 24 21 18 15 11 9 7,290.179
/home/ubuntu/Lustre-exp/kind2-benchmarks/FunctionalChain/relatedCounters/relatedCounters_large.lus,base,0.019,1,25,2,0,0,Not Found,timeout,2,290.193
/home/ubuntu/Lustre-exp/kind2-benchmarks/FunctionalChain/relatedCounters/relatedCounters_large_bounds.lus,base,0.021,1,28,2,0,0,Not Found,timeout,2,290.197
/home/ubuntu/Lustre-exp/kind2-benchmarks/FunctionalChain/relatedCounters/relatedCounters_medium.lus,base,237.274,7,20855,101,1,0,Not Found,timeout,99 97 96 95 94 93 92,290.135
/home/ubuntu/Lustre-exp/kind2-benchmarks/FunctionalChain/relatedCounters/relatedCounters_medium_bounds.lus,base,235.904,13,16991,62,1,0,Not Found,timeout,60 59 58 57 56 55 54 53 52 51 50 49 48,290.138
/home/ubuntu/Lustre-exp/kind2-benchmarks/FunctionalChain/relatedCounters/relatedCounters_small.lus,base,17.799,15,10470,67,2,36,Not Found,valid,16 13 12 11 10 9 8 7 6 5 4 3 2 1,18.134
/home/ubuntu/Lustre-exp/kind2-benchmarks/FunctionalChain/relatedCounters/relatedCounters_small_bounds.lus,base,7.146,12,4760,29,3,15,Not Found,valid,11 10 9 8 7 6 5 4 3 2 1,7.498
/home/ubuntu/Lustre-exp/kind2-benchmarks/FunctionalChain/triplexVoter/triplexVoter.lus,base,1.837,2,564,17,0,0,Not Found,timeout,21 17,290.259
/home/ubuntu/Lustre-exp/kind2-benchmarks/FunctionalChain/triplexVoter/triplexVoter_bounds.lus,base,2.184,2,324,14,6,0,Not Found,timeout,16 8,290.273
/home/ubuntu/Lustre-exp/kind2-benchmarks/FunctionalChain/triplexVoter/triplexVoter_str.lus,base,1.132,3,261,10,0,0,Not Found,valid,10 8,1.474
